"created_at";"pk_id";"record_id";"extraction_date";"operator_id";"data_safe_id";"replaced_record_id";"player_profile_id";"player_profile_registration_datetime";"player_profile_dob";"player_profile_modified";"player_profile_status";"player_profile_eod_balance"
"2026-01-04 20:53:23.166";"a-pk-00000009";"rec-9";"2026-06-30 23:59:59.000";"a";"ds-a0000";"NULL";"a0000";"2026-01-25 09:05:54.238";"1967-11-08";"2026-04-12 11:13:42.273";"ACTIVE";"434,58"
"2026-04-01 19:40:10.546";"a-pk-00000010";"rec-10";"2026-06-30 23:59:59.000";"a";"ds-a0000";"NULL";"a0000";"2026-01-25 09:05:54.238";"1967-11-08";"2026-04-24 07:10:29.388";"ACTIVE";"196,26"
"2026-01-03 21:26:20.412";"b-pk-00000009";"rec-9";"2026-06-30 23:59:59.000";"b";"ds-b0001";"NULL";"b0001";"2026-01-20 10:42:54.127";"1969-11-11";"2026-04-23 09:35:08.196";"ACTIVE";"362,68"
"2026-06-04 21:47:57.178";"b-pk-00000010";"rec-10";"2026-06-30 23:59:59.000";"b";"ds-b0001";"NULL";"b0001";"2026-01-20 10:42:54.127";"1969-11-11";"2026-06-20 18:19:25.561";"SELF_EXCLUDED_TEMP";"157,16"
"2026-01-01 04:32:37.339";"c-pk-00000009";"rec-9";"2026-06-30 23:59:59.000";"c";"ds-c0002";"NULL";"c0002";"2026-01-13 12:42:50.840";"1995-12-26";"2026-04-28 03:55:54.450";"ACTIVE";"329,49"
"2026-04-01 16:58:29.015";"c-pk-00000010";"rec-10";"2026-06-30 23:59:59.000";"c";"ds-c0002";"NULL";"c0002";"2026-01-13 12:42:50.840";"1995-12-26";"2026-04-24 04:26:55.670";"ACTIVE";"84,53"
"2026-01-05 21:25:04.145";"a-pk-00000001";"rec-1";"2026-06-30 23:59:59.000";"a";"ds-a0003";"NULL";"a0003";"2026-01-25 09:58:21.359";"1976-05-23";"2026-04-24 20:01:05.764";"ACTIVE";"12,99"
"2026-04-05 06:24:26.464";"a-pk-00000002";"rec-2";"2026-06-30 23:59:59.000";"a";"ds-a0003";"NULL";"a0003";"2026-01-25 09:58:21.359";"1976-05-23";"2026-04-11 05:23:19.738";"ACTIVE";"436,23"
"2026-01-04 22:30:40.186";"b-pk-00000001";"rec-1";"2026-06-30 23:59:59.000";"b";"ds-b0004";"NULL";"b0004";"2026-01-11 04:02:22.559";"2002-12-25";"2026-04-26 04:04:45.794";"ACTIVE";"175,89"
"2026-04-04 01:18:12.044";"b-pk-00000002";"rec-2";"2026-06-30 23:59:59.000";"b";"ds-b0004";"NULL";"b0004";"2026-01-11 04:02:22.559";"2002-12-25";"2026-04-26 06:56:02.323";"ACTIVE";"324,97"
"2026-01-04 04:52:43.248";"c-pk-00000001";"rec-1";"2026-06-30 23:59:59.000";"c";"ds-c0005";"NULL";"c0005";"2026-01-24 01:37:30.174";"2002-10-08";"2026-04-02 18:44:07.195";"ACTIVE";"266,87"
"2026-04-01 14:20:26.155";"c-pk-00000002";"rec-2";"2026-06-30 23:59:59.000";"c";"ds-c0005";"NULL";"c0005";"2026-01-24 01:37:30.174";"2002-10-08";"2026-04-14 22:13:26.513";"ACTIVE";"363,38"
"2026-01-05 22:43:27.825";"a-pk-00000001";"rec-1";"2026-06-30 23:59:59.000";"a";"ds-a0006";"NULL";"a0006";"2026-01-01 00:33:46.281";"1999-09-14";"2026-04-06 03:58:06.536";"ACTIVE";"272,51"
"2026-04-02 07:12:39.539";"a-pk-00000002";"rec-2";"2026-06-30 23:59:59.000";"a";"ds-a0006";"NULL";"a0006";"2026-01-01 00:33:46.281";"1999-09-14";"2026-04-09 11:17:50.406";"ACTIVE";"150,48"
"2026-01-01 14:16:22.882";"b-pk-00000001";"rec-1";"2026-06-30 23:59:59.000";"b";"ds-b0007";"NULL";"b0007";"2026-01-04 23:53:41.769";"1999-04-14";"2026-04-27 02:28:55.120";"ACTIVE";"131,29"
"2026-05-02 23:37:44.359";"b-pk-00000002";"rec-2";"2026-06-30 23:59:59.000";"b";"ds-b0007";"NULL";"b0007";"2026-01-04 23:53:41.769";"1999-04-14";"2026-05-28 22:39:40.438";"SELF_EXCLUDED_TEMP";"438,66"
"2026-01-01 10:00:48.673";"c-pk-00000001";"rec-1";"2026-06-30 23:59:59.000";"c";"ds-c0008";"NULL";"c0008";"2026-01-01 13:01:14.554";"1999-04-05";"2026-04-13 23:46:19.106";"ACTIVE";"179,75"
"2026-04-02 16:15:26.503";"c-pk-00000002";"rec-2";"2026-06-30 23:59:59.000";"c";"ds-c0008";"NULL";"c0008";"2026-01-01 13:01:14.554";"1999-04-05";"2026-04-02 04:45:17.095";"ACTIVE";"421,39"
"2026-01-02 06:53:03.255";"a-pk-00000001";"rec-1";"2026-06-30 23:59:59.000";"a";"ds-a0009";"NULL";"a0009";"2026-01-13 04:49:54.536";"1984-12-17";"2026-04-02 14:03:58.369";"ACTIVE";"440,87"
"2026-04-02 08:23:52.475";"a-pk-00000002";"rec-2";"2026-06-30 23:59:59.000";"a";"ds-a0009";"NULL";"a0009";"2026-01-13 04:49:54.536";"1984-12-17";"2026-04-17 12:40:59.126";"ACTIVE";"24,18"
"2026-01-03 13:47:07.097";"b-pk-00000001";"rec-1";"2026-06-30 23:59:59.000";"b";"ds-b0010";"NULL";"b0010";"2026-01-02 03:52:11.895";"1983-05-15";"2026-04-28 01:00:54.141";"ACTIVE";"29,33"
"2026-04-02 10:22:57.448";"b-pk-00000002";"rec-2";"2026-06-30 23:59:59.000";"b";"ds-b0010";"NULL";"b0010";"2026-01-02 03:52:11.895";"1983-05-15";"2026-04-20 08:56:46.095";"ACTIVE";"152,38"
"2026-01-05 02:19:13.766";"c-pk-00000001";"rec-1";"2026-06-30 23:59:59.000";"c";"ds-c0011";"NULL";"c0011";"2026-01-18 04:07:02.005";"1965-09-28";"2026-04-24 23:22:13.422";"ACTIVE";"290,63"
"2026-04-05 04:10:11.226";"c-pk-00000002";"rec-2";"2026-06-30 23:59:59.000";"c";"ds-c0011";"NULL";"c0011";"2026-01-18 04:07:02.005";"1965-09-28";"2026-04-20 08:12:07.185";"ACTIVE";"203,10"
"2026-01-03 11:13:57.587";"a-pk-00000001";"rec-1";"2026-06-30 23:59:59.000";"a";"ds-a0012";"NULL";"a0012";"2026-01-22 23:52:21.077";"1983-02-13";"2026-04-09 05:47:43.952";"ACTIVE";"281,73"
"2026-04-02 15:47:12.240";"a-pk-00000002";"rec-2";"2026-06-30 23:59:59.000";"a";"ds-a0012";"NULL";"a0012";"2026-01-22 23:52:21.077";"1983-02-13";"2026-04-24 07:55:16.211";"ACTIVE";"97,46"
"2026-01-02 02:33:09.460";"b-pk-00000001";"rec-1";"2026-06-30 23:59:59.000";"b";"ds-b0013";"NULL";"b0013";"2026-01-24 14:17:55.851";"1999-06-11";"2026-04-10 08:34:23.464";"ACTIVE";"303,35"
"2026-04-01 20:32:24.751";"b-pk-00000002";"rec-2";"2026-06-30 23:59:59.000";"b";"ds-b0013";"NULL";"b0013";"2026-01-24 14:17:55.851";"1999-06-11";"2026-04-06 00:39:54.372";"ACTIVE";"431,67"
"2026-01-05 17:43:51.207";"c-pk-00000001";"rec-1";"2026-06-30 23:59:59.000";"c";"ds-c0014";"NULL";"c0014";"2026-01-10 19:21:28.555";"2001-03-14";"2026-04-28 04:19:44.722";"ACTIVE";"74,57"
"2026-04-05 04:27:58.999";"c-pk-00000002";"rec-2";"2026-06-30 23:59:59.000";"c";"ds-c0014";"NULL";"c0014";"2026-01-10 19:21:28.555";"2001-03-14";"2026-04-25 04:41:59.578";"ACTIVE";"329,71"
"2026-01-05 08:58:23.401";"a-pk-00000001";"rec-1";"2026-06-30 23:59:59.000";"a";"ds-a0015";"NULL";"a0015";"2026-01-23 14:30:14.970";"1984-11-21";"2026-04-06 22:58:42.338";"ACTIVE";"119,66"
"2026-06-04 15:01:04.486";"a-pk-00000002";"rec-2";"2026-06-30 23:59:59.000";"a";"ds-a0015";"NULL";"a0015";"2026-01-23 14:30:14.970";"1984-11-21";"2026-06-04 11:30:29.866";"SELF_EXCLUDED_TEMP";"431,94"
"2026-01-03 08:10:49.075";"b-pk-00000001";"rec-1";"2026-06-30 23:59:59.000";"b";"ds-b0016";"NULL";"b0016";"2026-01-22 02:40:29.944";"1981-05-15";"2026-04-09 01:24:24.340";"ACTIVE";"497,67"
"2026-04-01 08:52:16.182";"b-pk-00000002";"rec-2";"2026-06-30 23:59:59.000";"b";"ds-b0016";"NULL";"b0016";"2026-01-22 02:40:29.944";"1981-05-15";"2026-04-15 02:31:59.205";"ACTIVE";"386,99"
"2026-01-03 04:29:46.198";"c-pk-00000001";"rec-1";"2026-06-30 23:59:59.000";"c";"ds-c0017";"NULL";"c0017";"2026-01-02 13:09:13.950";"1995-10-16";"2026-04-21 11:17:12.343";"ACTIVE";"308,62"
"2026-04-02 01:44:36.061";"c-pk-00000002";"rec-2";"2026-06-30 23:59:59.000";"c";"ds-c0017";"NULL";"c0017";"2026-01-02 13:09:13.950";"1995-10-16";"2026-04-09 04:07:54.476";"ACTIVE";"97,25"
"2026-01-04 23:26:51.453";"a-pk-00000001";"rec-1";"2026-06-30 23:59:59.000";"a";"ds-a0018";"NULL";"a0018";"2026-01-10 11:22:19.456";"1989-06-01";"2026-04-10 05:51:46.993";"ACTIVE";"438,41"
"2026-04-04 23:57:26.142";"a-pk-00000002";"rec-2";"2026-06-30 23:59:59.000";"a";"ds-a0018";"NULL";"a0018";"2026-01-10 11:22:19.456";"1989-06-01";"2026-04-27 18:38:05.147";"ACTIVE";"52,92"
"2026-01-05 16:30:27.214";"b-pk-00000001";"rec-1";"2026-06-30 23:59:59.000";"b";"ds-b0019";"NULL";"b0019";"2026-01-03 22:54:37.097";"1979-10-24";"2026-04-12 02:41:52.309";"ACTIVE";"300,01"
"2026-04-05 09:27:42.552";"b-pk-00000002";"rec-2";"2026-06-30 23:59:59.000";"b";"ds-b0019";"NULL";"b0019";"2026-01-03 22:54:37.097";"1979-10-24";"2026-04-11 06:26:25.257";"ACTIVE";"143,95"
"2026-01-04 20:27:05.041";"c-pk-00000001";"rec-1";"2026-06-30 23:59:59.000";"c";"ds-c0020";"NULL";"c0020";"2026-01-20 13:05:48.432";"1995-05-19";"2026-04-17 10:29:43.229";"ACTIVE";"407,39"
"2026-04-02 15:33:40.662";"c-pk-00000002";"rec-2";"2026-06-30 23:59:59.000";"c";"ds-c0020";"NULL";"c0020";"2026-01-20 13:05:48.432";"1995-05-19";"2026-04-17 02:18:29.447";"ACTIVE";"310,80"
"2026-01-03 12:16:05.117";"a-pk-00000001";"rec-1";"2026-06-30 23:59:59.000";"a";"ds-a0021";"NULL";"a0021";"2026-01-28 00:21:27.184";"2002-01-16";"2026-04-04 17:10:18.147";"ACTIVE";"213,32"
"2026-04-02 08:49:05.157";"a-pk-00000002";"rec-2";"2026-06-30 23:59:59.000";"a";"ds-a0021";"NULL";"a0021";"2026-01-28 00:21:27.184";"2002-01-16";"2026-04-10 13:43:10.060";"ACTIVE";"431,23"
"2026-01-02 06:12:34.387";"b-pk-00000001";"rec-1";"2026-06-30 23:59:59.000";"b";"ds-b0022";"NULL";"b0022";"2026-01-20 13:56:45.066";"1975-09-26";"2026-04-23 11:20:38.439";"ACTIVE";"68,06"
"2026-04-02 01:48:39.601";"b-pk-00000002";"rec-2";"2026-06-30 23:59:59.000";"b";"ds-b0022";"NULL";"b0022";"2026-01-20 13:56:45.066";"1975-09-26";"2026-04-07 17:18:50.152";"ACTIVE";"442,53"
"2026-01-02 20:48:56.704";"c-pk-00000001";"rec-1";"2026-06-30 23:59:59.000";"c";"ds-c0023";"NULL";"c0023";"2026-01-23 12:43:59.995";"2003-06-21";"2026-04-11 21:30:04.343";"ACTIVE";"387,99"
"2026-04-01 19:58:37.459";"c-pk-00000002";"rec-2";"2026-06-30 23:59:59.000";"c";"ds-c0023";"NULL";"c0023";"2026-01-23 12:43:59.995";"2003-06-21";"2026-04-13 16:40:47.238";"ACTIVE";"75,14"
"2026-01-04 03:30:42.553";"a-pk-00000001";"rec-1";"2026-06-30 23:59:59.000";"a";"ds-a0024";"NULL";"a0024";"2026-01-03 09:53:43.561";"1973-08-26";"2026-04-08 07:13:10.771";"ACTIVE";"493,74"
"2026-04-01 03:27:45.029";"a-pk-00000002";"rec-2";"2026-06-30 23:59:59.000";"a";"ds-a0024";"NULL";"a0024";"2026-01-03 09:53:43.561";"1973-08-26";"2026-04-06 10:57:24.784";"ACTIVE";"238,73"
"2026-01-01 09:26:49.320";"b-pk-00000001";"rec-1";"2026-06-30 23:59:59.000";"b";"ds-b0025";"NULL";"b0025";"2026-01-14 16:45:56.945";"1997-05-09";"2026-04-28 02:40:05.078";"ACTIVE";"408,87"
"2026-04-02 02:10:36.058";"b-pk-00000002";"rec-2";"2026-06-30 23:59:59.000";"b";"ds-b0025";"NULL";"b0025";"2026-01-14 16:45:56.945";"1997-05-09";"2026-04-03 23:18:35.951";"ACTIVE";"159,54"
"2026-01-02 11:41:18.231";"c-pk-00000001";"rec-1";"2026-06-30 23:59:59.000";"c";"ds-c0026";"NULL";"c0026";"2026-01-14 04:00:58.229";"1971-09-27";"2026-04-22 12:43:56.732";"ACTIVE";"21,76"
"2026-05-04 05:07:14.104";"c-pk-00000002";"rec-2";"2026-06-30 23:59:59.000";"c";"ds-c0026";"NULL";"c0026";"2026-01-14 04:00:58.229";"1971-09-27";"2026-05-10 11:04:39.341";"SELF_EXCLUDED_TEMP";"219,30"
"2026-01-04 06:03:13.888";"a-pk-00000001";"rec-1";"2026-06-30 23:59:59.000";"a";"ds-a0027";"NULL";"a0027";"2026-01-25 12:03:59.827";"2001-01-20";"2026-04-01 21:27:17.258";"ACTIVE";"187,13"
"2026-04-02 02:09:04.280";"a-pk-00000002";"rec-2";"2026-06-30 23:59:59.000";"a";"ds-a0027";"NULL";"a0027";"2026-01-25 12:03:59.827";"2001-01-20";"2026-04-13 02:19:55.729";"ACTIVE";"220,75"
"2026-01-02 10:07:00.326";"b-pk-00000001";"rec-1";"2026-06-30 23:59:59.000";"b";"ds-b0028";"NULL";"b0028";"2026-01-26 05:22:15.074";"1976-06-14";"2026-04-23 00:45:21.218";"ACTIVE";"115,44"
"2026-04-04 18:50:20.920";"b-pk-00000002";"rec-2";"2026-06-30 23:59:59.000";"b";"ds-b0028";"NULL";"b0028";"2026-01-26 05:22:15.074";"1976-06-14";"2026-04-08 17:04:24.290";"ACTIVE";"192,11"
"2026-01-01 09:00:29.041";"c-pk-00000001";"rec-1";"2026-06-30 23:59:59.000";"c";"ds-c0029";"NULL";"c0029";"2026-01-17 09:39:35.680";"1994-11-05";"2026-04-07 09:52:37.126";"ACTIVE";"89,68"
"2026-05-04 09:00:27.360";"c-pk-00000002";"rec-2";"2026-06-30 23:59:59.000";"c";"ds-c0029";"NULL";"c0029";"2026-01-17 09:39:35.680";"1994-11-05";"2026-05-22 00:03:16.141";"SELF_EXCLUDED_TEMP";"248,54"
"2026-01-02 09:08:38.407";"a-pk-00000001";"rec-1";"2026-06-30 23:59:59.000";"a";"ds-a0030";"NULL";"a0030";"2026-01-02 04:28:11.289";"1980-01-03";"2026-04-16 21:07:42.078";"ACTIVE";"31,42"
"2026-05-03 17:13:31.722";"a-pk-00000002";"rec-2";"2026-06-30 23:59:59.000";"a";"ds-a0030";"NULL";"a0030";"2026-01-02 04:28:11.289";"1980-01-03";"2026-05-24 11:57:58.879";"SELF_EXCLUDED_TEMP";"181,34"
"2026-01-04 09:20:24.326";"b-pk-00000001";"rec-1";"2026-06-30 23:59:59.000";"b";"ds-b0031";"NULL";"b0031";"2026-01-02 18:33:57.537";"1984-08-11";"2026-04-25 05:09:02.833";"ACTIVE";"294,12"
"2026-04-02 13:33:17.588";"b-pk-00000002";"rec-2";"2026-06-30 23:59:59.000";"b";"ds-b0031";"NULL";"b0031";"2026-01-02 18:33:57.537";"1984-08-11";"2026-04-20 10:06:22.291";"ACTIVE";"423,59"
"2026-01-04 17:31:20.982";"c-pk-00000001";"rec-1";"2026-06-30 23:59:59.000";"c";"ds-c0032";"NULL";"c0032";"2026-01-20 13:55:00.274";"1985-12-19";"2026-04-21 07:20:29.725";"ACTIVE";"348,29"
"2026-04-04 16:35:54.757";"c-pk-00000002";"rec-2";"2026-06-30 23:59:59.000";"c";"ds-c0032";"NULL";"c0032";"2026-01-20 13:55:00.274";"1985-12-19";"2026-04-24 02:58:06.435";"ACTIVE";"379,97"
"2026-01-02 08:13:29.267";"a-pk-00000001";"rec-1";"2026-06-30 23:59:59.000";"a";"ds-a0033";"NULL";"a0033";"2026-01-23 16:35:53.760";"1983-04-11";"2026-04-02 03:33:42.646";"ACTIVE";"399,20"
"2026-05-04 04:29:37.330";"a-pk-00000002";"rec-2";"2026-06-30 23:59:59.000";"a";"ds-a0033";"NULL";"a0033";"2026-01-23 16:35:53.760";"1983-04-11";"2026-05-12 18:24:42.602";"SELF_EXCLUDED_TEMP";"54,47"
"2026-01-02 05:30:59.729";"b-pk-00000001";"rec-1";"2026-06-30 23:59:59.000";"b";"ds-b0034";"NULL";"b0034";"2026-01-18 16:55:12.870";"2003-11-13";"2026-04-07 10:08:18.066";"ACTIVE";"457,47"
"2026-04-01 06:36:29.470";"b-pk-00000002";"rec-2";"2026-06-30 23:59:59.000";"b";"ds-b0034";"NULL";"b0034";"2026-01-18 16:55:12.870";"2003-11-13";"2026-04-08 21:38:28.247";"ACTIVE";"234,31"
"2026-01-02 19:32:28.876";"c-pk-00000001";"rec-1";"2026-06-30 23:59:59.000";"c";"ds-c0035";"NULL";"c0035";"2026-01-11 13:50:24.333";"1983-06-01";"2026-04-09 03:04:15.164";"ACTIVE";"283,45"
"2026-04-03 23:30:46.607";"c-pk-00000002";"rec-2";"2026-06-30 23:59:59.000";"c";"ds-c0035";"NULL";"c0035";"2026-01-11 13:50:24.333";"1983-06-01";"2026-04-16 01:49:42.399";"ACTIVE";"372,12"
"2026-01-02 08:21:51.892";"a-pk-00000001";"rec-1";"2026-06-30 23:59:59.000";"a";"ds-a0036";"NULL";"a0036";"2026-01-24 08:41:49.526";"1999-08-04";"2026-04-16 17:29:42.098";"ACTIVE";"462,70"
"2026-04-03 16:16:04.800";"a-pk-00000002";"rec-2";"2026-06-30 23:59:59.000";"a";"ds-a0036";"NULL";"a0036";"2026-01-24 08:41:49.526";"1999-08-04";"2026-04-12 13:41:01.987";"ACTIVE";"175,25"
"2026-01-02 07:38:49.777";"b-pk-00000001";"rec-1";"2026-06-30 23:59:59.000";"b";"ds-b0037";"NULL";"b0037";"2026-01-25 02:39:04.542";"1987-10-04";"2026-04-06 05:01:41.951";"ACTIVE";"212,72"
"2026-04-04 23:07:21.091";"b-pk-00000002";"rec-2";"2026-06-30 23:59:59.000";"b";"ds-b0037";"NULL";"b0037";"2026-01-25 02:39:04.542";"1987-10-04";"2026-04-04 12:36:44.971";"ACTIVE";"88,99"
"2026-01-01 12:24:09.969";"c-pk-00000001";"rec-1";"2026-06-30 23:59:59.000";"c";"ds-c0038";"NULL";"c0038";"2026-01-05 10:55:16.943";"1967-10-01";"2026-04-10 16:04:14.188";"ACTIVE";"96,01"
"2026-04-02 10:42:46.449";"c-pk-00000002";"rec-2";"2026-06-30 23:59:59.000";"c";"ds-c0038";"NULL";"c0038";"2026-01-05 10:55:16.943";"1967-10-01";"2026-04-01 14:04:53.251";"ACTIVE";"236,40"
"2026-01-01 13:50:43.238";"a-pk-00000001";"rec-1";"2026-06-30 23:59:59.000";"a";"ds-a0039";"NULL";"a0039";"2026-01-07 23:59:05.190";"1968-12-05";"2026-04-07 01:45:05.396";"ACTIVE";"54,93"
"2026-04-03 20:33:12.487";"a-pk-00000002";"rec-2";"2026-06-30 23:59:59.000";"a";"ds-a0039";"NULL";"a0039";"2026-01-07 23:59:05.190";"1968-12-05";"2026-04-27 06:45:31.619";"ACTIVE";"476,18"
"2026-01-01 20:53:44.230";"b-pk-00000001";"rec-1";"2026-06-30 23:59:59.000";"b";"ds-b0040";"NULL";"b0040";"2026-01-28 08:14:15.057";"1975-02-25";"2026-04-16 01:02:14.776";"ACTIVE";"325,93"
"2026-05-02 04:32:20.330";"b-pk-00000002";"rec-2";"2026-06-30 23:59:59.000";"b";"ds-b0040";"NULL";"b0040";"2026-01-28 08:14:15.057";"1975-02-25";"2026-05-13 20:42:25.019";"SELF_EXCLUDED_TEMP";"283,27"
"2026-01-05 21:49:01.957";"c-pk-00000001";"rec-1";"2026-06-30 23:59:59.000";"c";"ds-c0041";"NULL";"c0041";"2026-01-23 14:13:39.420";"1984-09-25";"2026-04-17 14:04:32.185";"ACTIVE";"56,53"
"2026-04-04 08:44:36.397";"c-pk-00000002";"rec-2";"2026-06-30 23:59:59.000";"c";"ds-c0041";"NULL";"c0041";"2026-01-23 14:13:39.420";"1984-09-25";"2026-04-26 17:41:46.049";"ACTIVE";"345,07"
"2026-01-05 12:01:34.783";"a-pk-00000001";"rec-1";"2026-06-30 23:59:59.000";"a";"ds-a0042";"NULL";"a0042";"2026-01-03 13:45:28.453";"1979-02-28";"2026-04-09 06:56:43.503";"ACTIVE";"83,69"
"2026-04-04 16:21:20.021";"a-pk-00000002";"rec-2";"2026-06-30 23:59:59.000";"a";"ds-a0042";"NULL";"a0042";"2026-01-03 13:45:28.453";"1979-02-28";"2026-04-16 16:39:24.858";"ACTIVE";"445,18"
"2026-01-02 12:52:31.110";"b-pk-00000001";"rec-1";"2026-06-30 23:59:59.000";"b";"ds-b0043";"NULL";"b0043";"2026-01-02 18:05:02.629";"1984-06-04";"2026-04-09 18:18:39.856";"ACTIVE";"10,10"
"2026-04-05 02:53:39.291";"b-pk-00000002";"rec-2";"2026-06-30 23:59:59.000";"b";"ds-b0043";"NULL";"b0043";"2026-01-02 18:05:02.629";"1984-06-04";"2026-04-05 02:29:38.872";"ACTIVE";"462,05"
"2026-01-04 17:49:29.396";"c-pk-00000001";"rec-1";"2026-06-30 23:59:59.000";"c";"ds-c0044";"NULL";"c0044";"2026-01-16 18:47:44.068";"1977-10-21";"2026-04-11 20:23:12.921";"ACTIVE";"488,31"
"2026-04-01 01:28:12.003";"c-pk-00000002";"rec-2";"2026-06-30 23:59:59.000";"c";"ds-c0044";"NULL";"c0044";"2026-01-16 18:47:44.068";"1977-10-21";"2026-04-19 11:01:42.956";"ACTIVE";"374,88"
"2026-01-03 21:27:09.704";"a-pk-00000001";"rec-1";"2026-06-30 23:59:59.000";"a";"ds-a0045";"NULL";"a0045";"2026-01-02 03:46:58.741";"1979-10-05";"2026-04-03 05:30:24.007";"ACTIVE";"110,04"
"2026-05-03 01:34:11.700";"a-pk-00000002";"rec-2";"2026-06-30 23:59:59.000";"a";"ds-a0045";"NULL";"a0045";"2026-01-02 03:46:58.741";"1979-10-05";"2026-05-27 13:06:05.782";"SELF_EXCLUDED_TEMP";"317,29"
"2026-01-04 02:05:16.956";"b-pk-00000001";"rec-1";"2026-06-30 23:59:59.000";"b";"ds-b0046";"NULL";"b0046";"2026-01-20 16:09:04.245";"1975-04-20";"2026-04-02 22:47:54.748";"ACTIVE";"231,13"
"2026-04-03 04:33:34.417";"b-pk-00000002";"rec-2";"2026-06-30 23:59:59.000";"b";"ds-b0046";"NULL";"b0046";"2026-01-20 16:09:04.245";"1975-04-20";"2026-04-24 01:53:23.645";"ACTIVE";"174,24"
"2026-01-05 09:19:16.606";"c-pk-00000001";"rec-1";"2026-06-30 23:59:59.000";"c";"ds-c0047";"NULL";"c0047";"2026-01-12 12:07:12.223";"1996-09-19";"2026-04-02 23:10:55.592";"ACTIVE";"229,27"
"2026-04-03 01:09:55.405";"c-pk-00000002";"rec-2";"2026-06-30 23:59:59.000";"c";"ds-c0047";"NULL";"c0047";"2026-01-12 12:07:12.223";"1996-09-19";"2026-04-10 16:02:52.096";"ACTIVE";"446,79"
"2026-01-02 11:54:32.756";"a-pk-00000001";"rec-1";"2026-06-30 23:59:59.000";"a";"ds-a0048";"NULL";"a0048";"2026-01-21 14:46:18.658";"1979-07-15";"2026-04-23 05:58:23.294";"ACTIVE";"212,51"
"2026-04-02 02:33:13.824";"a-pk-00000002";"rec-2";"2026-06-30 23:59:59.000";"a";"ds-a0048";"NULL";"a0048";"2026-01-21 14:46:18.658";"1979-07-15";"2026-04-27 05:45:34.827";"ACTIVE";"375,98"
"2026-01-04 00:07:02.568";"b-pk-00000001";"rec-1";"2026-06-30 23:59:59.000";"b";"ds-b0049";"NULL";"b0049";"2026-01-09 15:53:06.140";"1992-03-08";"2026-04-02 03:51:50.526";"ACTIVE";"420,02"
"2026-04-01 01:13:01.825";"b-pk-00000002";"rec-2";"2026-06-30 23:59:59.000";"b";"ds-b0049";"NULL";"b0049";"2026-01-09 15:53:06.140";"1992-03-08";"2026-04-24 13:35:14.102";"ACTIVE";"133,04"
"2026-01-05 12:13:26.321";"c-pk-00000001";"rec-1";"2026-06-30 23:59:59.000";"c";"ds-c0050";"NULL";"c0050";"2026-01-03 13:43:46.063";"1972-02-16";"2026-04-08 13:45:41.128";"ACTIVE";"121,26"
"2026-04-01 16:37:16.335";"c-pk-00000002";"rec-2";"2026-06-30 23:59:59.000";"c";"ds-c0050";"NULL";"c0050";"2026-01-03 13:43:46.063";"1972-02-16";"2026-04-12 19:03:24.497";"ACTIVE";"302,04"
"2026-01-05 01:45:36.570";"a-pk-00000001";"rec-1";"2026-06-30 23:59:59.000";"a";"ds-a0051";"NULL";"a0051";"2026-01-13 05:56:36.215";"2000-08-01";"2026-04-07 05:09:07.045";"ACTIVE";"491,87"
"2026-04-01 00:11:14.179";"a-pk-00000002";"rec-2";"2026-06-30 23:59:59.000";"a";"ds-a0051";"NULL";"a0051";"2026-01-13 05:56:36.215";"2000-08-01";"2026-04-01 00:04:44.534";"ACTIVE";"263,37"
"2026-01-04 01:52:36.139";"b-pk-00000001";"rec-1";"2026-06-30 23:59:59.000";"b";"ds-b0052";"NULL";"b0052";"2026-01-24 01:47:23.232";"1976-07-03";"2026-04-07 01:02:29.072";"ACTIVE";"474,03"
"2026-04-04 18:20:43.015";"b-pk-00000002";"rec-2";"2026-06-30 23:59:59.000";"b";"ds-b0052";"NULL";"b0052";"2026-01-24 01:47:23.232";"1976-07-03";"2026-04-01 15:16:57.717";"ACTIVE";"432,48"
"2026-01-03 14:21:48.897";"c-pk-00000001";"rec-1";"2026-06-30 23:59:59.000";"c";"ds-c0053";"NULL";"c0053";"2026-01-15 07:50:08.631";"1970-07-13";"2026-04-19 17:50:34.461";"ACTIVE";"464,48"
"2026-04-03 18:55:11.089";"c-pk-00000002";"rec-2";"2026-06-30 23:59:59.000";"c";"ds-c0053";"NULL";"c0053";"2026-01-15 07:50:08.631";"1970-07-13";"2026-04-06 18:47:37.789";"ACTIVE";"147,98"
"2026-01-02 06:35:21.824";"a-pk-00000001";"rec-1";"2026-06-30 23:59:59.000";"a";"ds-a0054";"NULL";"a0054";"2026-01-27 22:05:42.615";"1980-12-10";"2026-04-08 04:46:18.969";"ACTIVE";"289,74"
"2026-04-04 05:56:23.682";"a-pk-00000002";"rec-2";"2026-06-30 23:59:59.000";"a";"ds-a0054";"NULL";"a0054";"2026-01-27 22:05:42.615";"1980-12-10";"2026-04-02 11:34:15.230";"ACTIVE";"196,33"
"2026-01-05 12:29:34.580";"b-pk-00000001";"rec-1";"2026-06-30 23:59:59.000";"b";"ds-b0055";"NULL";"b0055";"2026-01-03 06:36:15.769";"1970-03-10";"2026-04-21 14:25:02.579";"ACTIVE";"361,06"
"2026-04-05 15:13:04.168";"b-pk-00000002";"rec-2";"2026-06-30 23:59:59.000";"b";"ds-b0055";"NULL";"b0055";"2026-01-03 06:36:15.769";"1970-03-10";"2026-04-14 15:57:30.236";"ACTIVE";"453,91"
"2026-01-02 05:52:35.624";"c-pk-00000001";"rec-1";"2026-06-30 23:59:59.000";"c";"ds-c0056";"NULL";"c0056";"2026-01-05 07:34:50.810";"1978-06-02";"2026-04-09 13:25:21.185";"ACTIVE";"419,01"
"2026-04-04 10:46:55.771";"c-pk-00000002";"rec-2";"2026-06-30 23:59:59.000";"c";"ds-c0056";"NULL";"c0056";"2026-01-05 07:34:50.810";"1978-06-02";"2026-04-25 05:12:12.136";"ACTIVE";"474,15"
"2026-01-02 02:52:41.085";"a-pk-00000001";"rec-1";"2026-06-30 23:59:59.000";"a";"ds-a0057";"NULL";"a0057";"2026-01-25 01:02:17.587";"1979-11-18";"2026-04-06 04:06:53.177";"ACTIVE";"271,87"
"2026-04-01 11:47:18.523";"a-pk-00000002";"rec-2";"2026-06-30 23:59:59.000";"a";"ds-a0057";"NULL";"a0057";"2026-01-25 01:02:17.587";"1979-11-18";"2026-04-22 03:45:23.551";"ACTIVE";"426,99"
"2026-01-01 11:24:18.099";"b-pk-00000001";"rec-1";"2026-06-30 23:59:59.000";"b";"ds-b0058";"NULL";"b0058";"2026-01-04 18:56:55.797";"1989-11-13";"2026-04-18 08:49:36.196";"ACTIVE";"302,26"
"2026-06-05 21:54:57.301";"b-pk-00000002";"rec-2";"2026-06-30 23:59:59.000";"b";"ds-b0058";"NULL";"b0058";"2026-01-04 18:56:55.797";"1989-11-13";"2026-06-14 14:36:03.514";"SELF_EXCLUDED_TEMP";"326,07"
"2026-01-05 14:46:34.623";"c-pk-00000001";"rec-1";"2026-06-30 23:59:59.000";"c";"ds-c0059";"NULL";"c0059";"2026-01-24 03:53:37.052";"1998-03-17";"2026-04-22 21:54:40.858";"ACTIVE";"97,78"
"2026-04-01 04:19:33.553";"c-pk-00000002";"rec-2";"2026-06-30 23:59:59.000";"c";"ds-c0059";"NULL";"c0059";"2026-01-24 03:53:37.052";"1998-03-17";"2026-04-07 20:38:58.880";"ACTIVE";"45,01"
"2026-01-01 15:53:00.465";"a-pk-00000001";"rec-1";"2026-06-30 23:59:59.000";"a";"ds-a0060";"NULL";"a0060";"2026-01-26 03:31:07.583";"1982-12-14";"2026-04-09 09:15:26.055";"ACTIVE";"91,92"
"2026-05-02 09:18:54.805";"a-pk-00000002";"rec-2";"2026-06-30 23:59:59.000";"a";"ds-a0060";"NULL";"a0060";"2026-01-26 03:31:07.583";"1982-12-14";"2026-05-05 05:23:09.095";"SELF_EXCLUDED_TEMP";"405,79"
"2026-01-01 20:13:23.015";"b-pk-00000001";"rec-1";"2026-06-30 23:59:59.000";"b";"ds-b0061";"NULL";"b0061";"2026-01-20 09:30:29.849";"1997-05-26";"2026-04-02 13:59:06.825";"ACTIVE";"49,45"
"2026-04-05 09:32:36.494";"b-pk-00000002";"rec-2";"2026-06-30 23:59:59.000";"b";"ds-b0061";"NULL";"b0061";"2026-01-20 09:30:29.849";"1997-05-26";"2026-04-10 04:08:15.320";"ACTIVE";"88,23"
"2026-01-03 15:53:04.062";"c-pk-00000001";"rec-1";"2026-06-30 23:59:59.000";"c";"ds-c0062";"NULL";"c0062";"2026-01-19 17:00:06.911";"1976-12-14";"2026-04-14 17:01:55.073";"ACTIVE";"140,41"
"2026-06-04 00:58:13.825";"c-pk-00000002";"rec-2";"2026-06-30 23:59:59.000";"c";"ds-c0062";"NULL";"c0062";"2026-01-19 17:00:06.911";"1976-12-14";"2026-06-03 12:59:12.456";"SELF_EXCLUDED_TEMP";"342,52"
"2026-01-03 03:22:55.632";"a-pk-00000001";"rec-1";"2026-06-30 23:59:59.000";"a";"ds-a0063";"NULL";"a0063";"2026-01-07 07:48:10.603";"1989-10-07";"2026-04-02 05:21:29.733";"ACTIVE";"298,89"
"2026-04-05 21:18:27.281";"a-pk-00000002";"rec-2";"2026-06-30 23:59:59.000";"a";"ds-a0063";"NULL";"a0063";"2026-01-07 07:48:10.603";"1989-10-07";"2026-04-02 16:21:40.515";"ACTIVE";"283,51"
"2026-01-02 21:07:21.904";"b-pk-00000001";"rec-1";"2026-06-30 23:59:59.000";"b";"ds-b0064";"NULL";"b0064";"2026-01-28 00:24:40.385";"1991-08-17";"2026-04-21 16:37:55.773";"ACTIVE";"477,39"
"2026-04-01 03:24:41.871";"b-pk-00000002";"rec-2";"2026-06-30 23:59:59.000";"b";"ds-b0064";"NULL";"b0064";"2026-01-28 00:24:40.385";"1991-08-17";"2026-04-09 18:58:46.673";"ACTIVE";"142,83"
"2026-01-01 07:32:23.937";"c-pk-00000001";"rec-1";"2026-06-30 23:59:59.000";"c";"ds-c0065";"NULL";"c0065";"2026-01-07 18:24:25.787";"1999-01-22";"2026-04-27 17:35:25.700";"ACTIVE";"88,56"
"2026-04-03 20:44:47.021";"c-pk-00000002";"rec-2";"2026-06-30 23:59:59.000";"c";"ds-c0065";"NULL";"c0065";"2026-01-07 18:24:25.787";"1999-01-22";"2026-04-22 14:34:34.012";"ACTIVE";"470,49"
"2026-01-04 03:36:59.752";"a-pk-00000001";"rec-1";"2026-06-30 23:59:59.000";"a";"ds-a0066";"NULL";"a0066";"2026-01-22 10:44:58.478";"1988-04-04";"2026-04-03 20:59:33.652";"ACTIVE";"295,93"
"2026-04-05 17:25:27.987";"a-pk-00000002";"rec-2";"2026-06-30 23:59:59.000";"a";"ds-a0066";"NULL";"a0066";"2026-01-22 10:44:58.478";"1988-04-04";"2026-04-24 09:54:45.414";"ACTIVE";"166,47"
"2026-01-02 01:51:44.340";"b-pk-00000001";"rec-1";"2026-06-30 23:59:59.000";"b";"ds-b0067";"NULL";"b0067";"2026-01-10 08:09:58.217";"1977-01-20";"2026-04-24 01:34:39.753";"ACTIVE";"261,22"
"2026-05-01 19:49:55.284";"b-pk-00000002";"rec-2";"2026-06-30 23:59:59.000";"b";"ds-b0067";"NULL";"b0067";"2026-01-10 08:09:58.217";"1977-01-20";"2026-05-24 02:13:17.684";"SELF_EXCLUDED_TEMP";"211,49"
"2026-01-03 02:35:22.641";"c-pk-00000001";"rec-1";"2026-06-30 23:59:59.000";"c";"ds-c0068";"NULL";"c0068";"2026-01-27 07:14:11.307";"1984-11-06";"2026-04-24 08:34:15.597";"ACTIVE";"54,33"
"2026-06-04 00:29:58.212";"c-pk-00000002";"rec-2";"2026-06-30 23:59:59.000";"c";"ds-c0068";"NULL";"c0068";"2026-01-27 07:14:11.307";"1984-11-06";"2026-06-10 09:50:24.866";"SELF_EXCLUDED_TEMP";"428,72"
"2026-01-02 09:11:32.409";"a-pk-00000001";"rec-1";"2026-06-30 23:59:59.000";"a";"ds-a0069";"NULL";"a0069";"2026-01-09 10:53:55.421";"1980-12-20";"2026-04-10 09:39:28.438";"ACTIVE";"342,84"
"2026-04-01 05:16:37.524";"a-pk-00000002";"rec-2";"2026-06-30 23:59:59.000";"a";"ds-a0069";"NULL";"a0069";"2026-01-09 10:53:55.421";"1980-12-20";"2026-04-14 13:12:17.178";"ACTIVE";"173,30"
"2026-01-05 08:56:09.061";"b-pk-00000001";"rec-1";"2026-06-30 23:59:59.000";"b";"ds-b0070";"NULL";"b0070";"2026-01-25 06:16:32.916";"1974-02-28";"2026-04-07 10:12:04.435";"ACTIVE";"373,93"
"2026-05-04 18:42:06.497";"b-pk-00000002";"rec-2";"2026-06-30 23:59:59.000";"b";"ds-b0070";"NULL";"b0070";"2026-01-25 06:16:32.916";"1974-02-28";"2026-05-27 18:06:13.942";"SELF_EXCLUDED_TEMP";"171,27"
"2026-01-03 14:49:53.510";"c-pk-00000001";"rec-1";"2026-06-30 23:59:59.000";"c";"ds-c0071";"NULL";"c0071";"2026-01-20 19:10:40.627";"1995-12-13";"2026-04-28 05:20:51.897";"ACTIVE";"425,95"
"2026-04-01 17:18:43.188";"c-pk-00000002";"rec-2";"2026-06-30 23:59:59.000";"c";"ds-c0071";"NULL";"c0071";"2026-01-20 19:10:40.627";"1995-12-13";"2026-04-08 23:09:57.256";"ACTIVE";"154,92"
"2026-01-04 19:30:26.266";"a-pk-00000001";"rec-1";"2026-06-30 23:59:59.000";"a";"ds-a0072";"NULL";"a0072";"2026-01-08 07:31:53.374";"1982-06-12";"2026-04-17 14:32:18.602";"ACTIVE";"339,59"
"2026-04-04 05:10:17.833";"a-pk-00000002";"rec-2";"2026-06-30 23:59:59.000";"a";"ds-a0072";"NULL";"a0072";"2026-01-08 07:31:53.374";"1982-06-12";"2026-04-26 18:18:45.376";"ACTIVE";"163,87"
"2026-01-04 09:02:38.624";"b-pk-00000001";"rec-1";"2026-06-30 23:59:59.000";"b";"ds-b0073";"NULL";"b0073";"2026-01-23 19:27:22.790";"1971-07-12";"2026-04-24 21:24:33.875";"ACTIVE";"205,39"
"2026-04-02 06:18:49.272";"b-pk-00000002";"rec-2";"2026-06-30 23:59:59.000";"b";"ds-b0073";"NULL";"b0073";"2026-01-23 19:27:22.790";"1971-07-12";"2026-04-01 00:39:45.375";"ACTIVE";"387,14"
"2026-01-05 05:16:17.608";"c-pk-00000001";"rec-1";"2026-06-30 23:59:59.000";"c";"ds-c0074";"NULL";"c0074";"2026-01-14 01:03:55.667";"1972-05-17";"2026-04-23 20:11:33.970";"ACTIVE";"186,92"
"2026-04-04 17:53:56.503";"c-pk-00000002";"rec-2";"2026-06-30 23:59:59.000";"c";"ds-c0074";"NULL";"c0074";"2026-01-14 01:03:55.667";"1972-05-17";"2026-04-12 20:29:03.641";"ACTIVE";"31,36"
"2026-01-01 07:34:42.560";"a-pk-00000001";"rec-1";"2026-06-30 23:59:59.000";"a";"ds-a0075";"NULL";"a0075";"2026-01-09 12:03:06.558";"1971-04-08";"2026-04-06 11:50:15.177";"ACTIVE";"162,15"
"2026-04-01 17:47:12.701";"a-pk-00000002";"rec-2";"2026-06-30 23:59:59.000";"a";"ds-a0075";"NULL";"a0075";"2026-01-09 12:03:06.558";"1971-04-08";"2026-04-24 02:56:48.688";"ACTIVE";"82,96"
"2026-01-04 07:43:38.939";"b-pk-00000001";"rec-1";"2026-06-30 23:59:59.000";"b";"ds-b0076";"NULL";"b0076";"2026-01-10 11:33:49.340";"2003-06-24";"2026-04-19 17:48:53.126";"ACTIVE";"256,73"
"2026-04-02 15:54:17.750";"b-pk-00000002";"rec-2";"2026-06-30 23:59:59.000";"b";"ds-b0076";"NULL";"b0076";"2026-01-10 11:33:49.340";"2003-06-24";"2026-04-07 19:40:09.148";"ACTIVE";"177,46"
"2026-01-02 23:27:13.259";"c-pk-00000001";"rec-1";"2026-06-30 23:59:59.000";"c";"ds-c0077";"NULL";"c0077";"2026-01-16 01:57:13.396";"1998-07-25";"2026-04-10 21:18:13.643";"ACTIVE";"170,50"
"2026-04-05 08:25:32.799";"c-pk-00000002";"rec-2";"2026-06-30 23:59:59.000";"c";"ds-c0077";"NULL";"c0077";"2026-01-16 01:57:13.396";"1998-07-25";"2026-04-20 12:47:47.735";"ACTIVE";"81,87"
"2026-01-05 00:56:05.100";"a-pk-00000001";"rec-1";"2026-06-30 23:59:59.000";"a";"ds-a0078";"NULL";"a0078";"2026-01-13 21:03:26.662";"1980-02-07";"2026-04-26 23:55:12.569";"ACTIVE";"72,71"
"2026-04-04 00:59:17.493";"a-pk-00000002";"rec-2";"2026-06-30 23:59:59.000";"a";"ds-a0078";"NULL";"a0078";"2026-01-13 21:03:26.662";"1980-02-07";"2026-04-27 18:17:42.771";"ACTIVE";"464,46"
"2026-01-03 02:13:14.820";"b-pk-00000001";"rec-1";"2026-06-30 23:59:59.000";"b";"ds-b0079";"NULL";"b0079";"2026-01-02 15:03:29.131";"1998-10-14";"2026-04-12 03:48:12.626";"ACTIVE";"75,09"
"2026-04-01 02:17:12.048";"b-pk-00000002";"rec-2";"2026-06-30 23:59:59.000";"b";"ds-b0079";"NULL";"b0079";"2026-01-02 15:03:29.131";"1998-10-14";"2026-04-20 14:58:54.317";"ACTIVE";"273,78"
"2026-01-03 13:21:29.153";"c-pk-00000001";"rec-1";"2026-06-30 23:59:59.000";"c";"ds-c0080";"NULL";"c0080";"2026-01-16 18:30:25.314";"1971-02-02";"2026-04-17 18:50:29.155";"ACTIVE";"441,75"
"2026-04-02 12:43:36.215";"c-pk-00000002";"rec-2";"2026-06-30 23:59:59.000";"c";"ds-c0080";"NULL";"c0080";"2026-01-16 18:30:25.314";"1971-02-02";"2026-04-10 16:21:17.965";"ACTIVE";"187,41"
"2026-01-03 13:36:50.013";"a-pk-00000001";"rec-1";"2026-06-30 23:59:59.000";"a";"ds-a0081";"NULL";"a0081";"2026-01-06 12:19:58.067";"1994-03-27";"2026-04-01 20:04:33.272";"ACTIVE";"136,73"
"2026-05-05 07:13:21.625";"a-pk-00000002";"rec-2";"2026-06-30 23:59:59.000";"a";"ds-a0081";"NULL";"a0081";"2026-01-06 12:19:58.067";"1994-03-27";"2026-05-17 23:17:28.820";"SELF_EXCLUDED_TEMP";"480,40"
"2026-01-03 14:09:40.197";"b-pk-00000001";"rec-1";"2026-06-30 23:59:59.000";"b";"ds-b0082";"NULL";"b0082";"2026-01-06 00:46:40.567";"1974-12-16";"2026-04-15 06:22:26.289";"ACTIVE";"65,01"
"2026-04-01 14:33:14.744";"b-pk-00000002";"rec-2";"2026-06-30 23:59:59.000";"b";"ds-b0082";"NULL";"b0082";"2026-01-06 00:46:40.567";"1974-12-16";"2026-04-24 22:49:01.982";"ACTIVE";"337,69"
"2026-01-01 18:51:51.630";"c-pk-00000001";"rec-1";"2026-06-30 23:59:59.000";"c";"ds-c0083";"NULL";"c0083";"2026-01-26 02:55:32.581";"1981-08-26";"2026-04-05 23:20:54.970";"ACTIVE";"418,32"
"2026-04-04 21:43:38.146";"c-pk-00000002";"rec-2";"2026-06-30 23:59:59.000";"c";"ds-c0083";"NULL";"c0083";"2026-01-26 02:55:32.581";"1981-08-26";"2026-04-10 23:31:26.573";"ACTIVE";"70,83"
"2026-01-02 08:36:12.810";"a-pk-00000001";"rec-1";"2026-06-30 23:59:59.000";"a";"ds-a0084";"NULL";"a0084";"2026-01-13 17:29:42.094";"1995-11-26";"2026-04-04 15:58:38.399";"ACTIVE";"137,78"
"2026-04-04 01:27:00.374";"a-pk-00000002";"rec-2";"2026-06-30 23:59:59.000";"a";"ds-a0084";"NULL";"a0084";"2026-01-13 17:29:42.094";"1995-11-26";"2026-04-12 17:41:06.489";"ACTIVE";"48,34"
"2026-01-01 15:08:00.065";"b-pk-00000001";"rec-1";"2026-06-30 23:59:59.000";"b";"ds-b0085";"NULL";"b0085";"2026-01-14 11:48:58.297";"1993-04-23";"2026-04-20 14:54:01.563";"ACTIVE";"276,94"
"2026-04-03 04:34:30.259";"b-pk-00000002";"rec-2";"2026-06-30 23:59:59.000";"b";"ds-b0085";"NULL";"b0085";"2026-01-14 11:48:58.297";"1993-04-23";"2026-04-27 21:04:27.698";"ACTIVE";"83,18"
"2026-01-02 01:45:58.918";"c-pk-00000001";"rec-1";"2026-06-30 23:59:59.000";"c";"ds-c0086";"NULL";"c0086";"2026-01-18 08:49:15.992";"1997-11-04";"2026-04-19 00:41:00.481";"ACTIVE";"291,94"
"2026-04-02 15:37:18.630";"c-pk-00000002";"rec-2";"2026-06-30 23:59:59.000";"c";"ds-c0086";"NULL";"c0086";"2026-01-18 08:49:15.992";"1997-11-04";"2026-04-19 19:54:50.965";"ACTIVE";"204,00"
"2026-01-01 10:12:55.504";"a-pk-00000001";"rec-1";"2026-06-30 23:59:59.000";"a";"ds-a0087";"NULL";"a0087";"2026-01-03 22:41:48.386";"1990-11-24";"2026-04-03 20:33:27.034";"ACTIVE";"136,01"
"2026-06-04 23:45:25.555";"a-pk-00000002";"rec-2";"2026-06-30 23:59:59.000";"a";"ds-a0087";"NULL";"a0087";"2026-01-03 22:41:48.386";"1990-11-24";"2026-06-17 00:50:12.076";"SELF_EXCLUDED_TEMP";"224,40"
"2026-01-04 21:11:51.906";"b-pk-00000001";"rec-1";"2026-06-30 23:59:59.000";"b";"ds-b0088";"NULL";"b0088";"2026-01-05 14:40:59.306";"1967-03-23";"2026-04-21 22:48:58.503";"ACTIVE";"128,22"
"2026-04-01 17:26:40.664";"b-pk-00000002";"rec-2";"2026-06-30 23:59:59.000";"b";"ds-b0088";"NULL";"b0088";"2026-01-05 14:40:59.306";"1967-03-23";"2026-04-06 09:19:29.893";"ACTIVE";"35,90"
"2026-01-03 15:18:45.302";"c-pk-00000001";"rec-1";"2026-06-30 23:59:59.000";"c";"ds-c0089";"NULL";"c0089";"2026-01-03 19:40:45.189";"1985-02-28";"2026-04-11 04:03:51.209";"ACTIVE";"55,34"
"2026-04-01 21:08:30.645";"c-pk-00000002";"rec-2";"2026-06-30 23:59:59.000";"c";"ds-c0089";"NULL";"c0089";"2026-01-03 19:40:45.189";"1985-02-28";"2026-04-13 19:56:16.474";"ACTIVE";"417,79"
"2026-01-04 02:04:26.551";"a-pk-00000001";"rec-1";"2026-06-30 23:59:59.000";"a";"ds-a0090";"NULL";"a0090";"2026-01-15 05:34:07.723";"1981-02-12";"2026-04-13 03:06:19.395";"ACTIVE";"162,69"
"2026-05-02 12:04:05.528";"a-pk-00000002";"rec-2";"2026-06-30 23:59:59.000";"a";"ds-a0090";"NULL";"a0090";"2026-01-15 05:34:07.723";"1981-02-12";"2026-05-20 05:25:47.766";"SELF_EXCLUDED_TEMP";"114,95"
"2026-01-04 18:14:10.037";"b-pk-00000001";"rec-1";"2026-06-30 23:59:59.000";"b";"ds-b0091";"NULL";"b0091";"2026-01-21 16:48:46.426";"1998-01-17";"2026-04-16 22:02:36.987";"ACTIVE";"460,33"
"2026-05-03 16:17:38.158";"b-pk-00000002";"rec-2";"2026-06-30 23:59:59.000";"b";"ds-b0091";"NULL";"b0091";"2026-01-21 16:48:46.426";"1998-01-17";"2026-05-22 22:44:27.503";"SELF_EXCLUDED_TEMP";"355,47"
"2026-01-02 23:13:18.940";"c-pk-00000001";"rec-1";"2026-06-30 23:59:59.000";"c";"ds-c0092";"NULL";"c0092";"2026-01-13 21:50:29.209";"1975-06-24";"2026-04-17 14:17:36.218";"ACTIVE";"362,71"
"2026-04-05 02:27:42.400";"c-pk-00000002";"rec-2";"2026-06-30 23:59:59.000";"c";"ds-c0092";"NULL";"c0092";"2026-01-13 21:50:29.209";"1975-06-24";"2026-04-01 03:37:07.034";"ACTIVE";"415,15"
"2026-01-05 08:58:16.910";"a-pk-00000001";"rec-1";"2026-06-30 23:59:59.000";"a";"ds-a0093";"NULL";"a0093";"2026-01-23 03:00:38.087";"1973-12-23";"2026-04-24 07:46:06.811";"ACTIVE";"442,76"
"2026-04-03 22:41:51.076";"a-pk-00000002";"rec-2";"2026-06-30 23:59:59.000";"a";"ds-a0093";"NULL";"a0093";"2026-01-23 03:00:38.087";"1973-12-23";"2026-04-09 00:51:57.551";"ACTIVE";"461,46"
"2026-01-03 06:21:33.830";"b-pk-00000001";"rec-1";"2026-06-30 23:59:59.000";"b";"ds-b0094";"NULL";"b0094";"2026-01-18 11:14:06.186";"1990-01-09";"2026-04-24 08:37:56.575";"ACTIVE";"109,17"
"2026-04-01 03:33:42.316";"b-pk-00000002";"rec-2";"2026-06-30 23:59:59.000";"b";"ds-b0094";"NULL";"b0094";"2026-01-18 11:14:06.186";"1990-01-09";"2026-04-28 13:22:06.157";"ACTIVE";"330,18"
"2026-01-04 08:15:47.970";"c-pk-00000001";"rec-1";"2026-06-30 23:59:59.000";"c";"ds-c0095";"NULL";"c0095";"2026-01-28 14:35:55.838";"1965-04-04";"2026-04-03 13:31:47.531";"ACTIVE";"257,96"
"2026-04-03 23:39:32.848";"c-pk-00000002";"rec-2";"2026-06-30 23:59:59.000";"c";"ds-c0095";"NULL";"c0095";"2026-01-28 14:35:55.838";"1965-04-04";"2026-04-09 08:17:56.042";"ACTIVE";"398,01"
"2026-01-01 13:49:28.442";"a-pk-00000001";"rec-1";"2026-06-30 23:59:59.000";"a";"ds-a0096";"NULL";"a0096";"2026-01-20 06:33:19.290";"1969-09-18";"2026-04-13 07:47:56.279";"ACTIVE";"476,77"
"2026-04-02 23:00:34.238";"a-pk-00000002";"rec-2";"2026-06-30 23:59:59.000";"a";"ds-a0096";"NULL";"a0096";"2026-01-20 06:33:19.290";"1969-09-18";"2026-04-10 16:44:05.190";"ACTIVE";"230,40"
"2026-01-01 12:22:45.734";"b-pk-00000001";"rec-1";"2026-06-30 23:59:59.000";"b";"ds-b0097";"NULL";"b0097";"2026-01-16 00:33:38.730";"1989-05-21";"2026-04-26 20:18:59.890";"ACTIVE";"410,14"
"2026-04-03 04:47:21.584";"b-pk-00000002";"rec-2";"2026-06-30 23:59:59.000";"b";"ds-b0097";"NULL";"b0097";"2026-01-16 00:33:38.730";"1989-05-21";"2026-04-07 11:29:01.679";"ACTIVE";"364,11"
"2026-01-05 22:44:10.147";"c-pk-00000001";"rec-1";"2026-06-30 23:59:59.000";"c";"ds-c0098";"NULL";"c0098";"2026-01-06 03:53:14.349";"1991-03-01";"2026-04-22 07:36:18.004";"ACTIVE";"357,43"
"2026-04-04 02:48:28.252";"c-pk-00000002";"rec-2";"2026-06-30 23:59:59.000";"c";"ds-c0098";"NULL";"c0098";"2026-01-06 03:53:14.349";"1991-03-01";"2026-04-22 09:14:17.394";"ACTIVE";"398,59"
"2026-01-03 23:38:00.965";"a-pk-00000001";"rec-1";"2026-06-30 23:59:59.000";"a";"ds-a0099";"NULL";"a0099";"2026-01-04 21:14:55.826";"1996-05-11";"2026-04-28 10:46:01.257";"ACTIVE";"466,53"
"2026-04-01 15:15:31.904";"a-pk-00000002";"rec-2";"2026-06-30 23:59:59.000";"a";"ds-a0099";"NULL";"a0099";"2026-01-04 21:14:55.826";"1996-05-11";"2026-04-05 04:15:16.137";"ACTIVE";"122,40"
