"created_at";"pk_id";"wok_player_limit_pk_id";"deposit_request_datetime";"deposit_start_datetime";"deposit_amount";"deposit_time_window"
"2026-02-09 03:56:06.760";"a-pk-00000040";"a-pk-00000039";"2026-01-18 09:59:42.106";"2026-01-19 04:53:51.278";"200,00";"Month"
"2026-03-17 15:16:57.929";"a-pk-00000041";"a-pk-00000039";"2026-02-11 06:43:40.873";"2026-02-11 08:28:45.649";"500,00";"Week"
"2026-04-17 20:28:58.284";"b-pk-00000056";"b-pk-00000055";"2026-03-19 01:48:48.179";"2026-03-19 08:01:25.446";"500,00";"Day"
"2026-01-12 17:23:07.780";"c-pk-00000043";"c-pk-00000042";"2026-02-05 21:30:14.867";"2026-02-06 07:01:50.231";"500,00";"Month"
"2026-04-04 09:15:19.124";"a-pk-00000032";"a-pk-00000031";"2026-01-01 08:13:53.153";"2026-01-01 09:52:08.429";"1000,00";"Week"
"2026-01-13 11:50:21.571";"b-pk-00000033";"b-pk-00000032";"2026-03-20 21:39:07.131";"2026-03-21 10:08:55.147";"100,00";"Month"
"2026-03-16 16:29:09.620";"b-pk-00000034";"b-pk-00000032";"2026-04-17 01:02:02.140";"2026-04-17 18:38:10.335";"1000,00";"Week"
"2026-04-19 07:31:35.670";"c-pk-00000043";"c-pk-00000042";"2026-04-10 04:12:21.235";"2026-04-11 03:35:42.263";"500,00";"Month"
"2026-02-05 23:34:31.188";"c-pk-00000044";"c-pk-00000042";"2026-04-15 05:46:50.360";"2026-04-16 00:18:31.980";"50,00";"Month"
"2026-03-20 12:39:25.601";"a-pk-00000034";"a-pk-00000033";"2026-01-09 21:55:31.540";"2026-01-10 01:49:53.360";"500,00";"Month"
"2026-02-11 03:15:19.119";"a-pk-00000035";"a-pk-00000033";"2026-02-10 19:37:05.688";"2026-02-11 01:52:28.710";"100,00";"Month"
"2026-03-09 02:36:23.122";"b-pk-00000040";"b-pk-00000039";"2026-04-08 10:15:26.937";"2026-04-09 03:25:09.923";"50,00";"Day"
"2026-04-02 05:17:25.147";"c-pk-00000048";"c-pk-00000047";"2026-03-14 08:24:41.497";"2026-03-15 05:32:19.697";"500,00";"Day"
"2026-04-09 11:01:21.837";"c-pk-00000049";"c-pk-00000047";"2026-04-11 22:15:03.763";"2026-04-12 08:36:22.287";"500,00";"Month"
"2026-03-17 06:22:45.419";"a-pk-00000031";"a-pk-00000030";"2026-01-16 06:38:12.796";"2026-01-16 16:43:22.040";"1000,00";"Week"
"2026-01-19 07:58:16.417";"b-pk-00000044";"b-pk-00000043";"2026-01-02 05:50:16.571";"2026-01-02 19:05:44.645";"500,00";"Week"
"2026-04-19 00:16:11.416";"c-pk-00000041";"c-pk-00000040";"2026-03-09 07:38:12.465";"2026-03-10 00:55:18.572";"50,00";"Month"
"2026-03-18 18:16:44.453";"c-pk-00000042";"c-pk-00000040";"2026-03-11 03:51:32.979";"2026-03-11 16:45:08.495";"100,00";"Week"
"2026-01-09 15:40:19.203";"a-pk-00000036";"a-pk-00000035";"2026-03-06 20:46:02.762";"2026-03-07 09:05:58.053";"100,00";"Day"
"2026-03-19 03:25:50.248";"a-pk-00000037";"a-pk-00000035";"2026-02-14 10:00:10.813";"2026-02-14 10:19:12.595";"500,00";"Month"
"2026-04-06 00:22:43.360";"b-pk-00000036";"b-pk-00000035";"2026-01-08 16:19:21.501";"2026-01-09 04:28:01.309";"100,00";"Month"
"2026-03-07 06:18:17.545";"c-pk-00000040";"c-pk-00000039";"2026-01-19 09:40:57.214";"2026-01-19 20:35:46.451";"50,00";"Week"
"2026-01-07 17:22:35.326";"c-pk-00000041";"c-pk-00000039";"2026-02-06 08:07:00.981";"2026-02-06 17:23:09.965";"200,00";"Month"
"2026-03-19 12:29:49.691";"a-pk-00000038";"a-pk-00000037";"2026-03-11 08:17:51.100";"2026-03-11 16:34:37.688";"1000,00";"Day"
"2026-01-03 00:26:06.537";"a-pk-00000039";"a-pk-00000037";"2026-03-06 10:35:00.688";"2026-03-06 14:08:43.456";"200,00";"Day"
"2026-04-16 05:10:42.944";"b-pk-00000028";"b-pk-00000027";"2026-02-04 04:43:54.991";"2026-02-04 06:12:57.660";"200,00";"Week"
"2026-04-12 02:20:03.622";"c-pk-00000034";"c-pk-00000033";"2026-03-01 12:39:53.225";"2026-03-02 10:34:05.597";"1000,00";"Day"
"2026-03-04 10:10:01.551";"a-pk-00000042";"a-pk-00000041";"2026-03-19 02:58:44.067";"2026-03-19 14:06:46.471";"500,00";"Month"
"2026-01-20 14:20:46.751";"b-pk-00000044";"b-pk-00000043";"2026-04-09 19:42:00.337";"2026-04-10 15:08:08.216";"50,00";"Month"
"2026-04-03 12:16:11.245";"b-pk-00000045";"b-pk-00000043";"2026-03-11 01:47:04.560";"2026-03-11 15:24:09.021";"100,00";"Day"
"2026-04-13 07:57:25.347";"c-pk-00000051";"c-pk-00000050";"2026-02-11 02:51:39.680";"2026-02-11 21:19:41.981";"500,00";"Month"
"2026-03-18 20:07:41.572";"c-pk-00000052";"c-pk-00000050";"2026-03-03 05:45:01.585";"2026-03-03 08:40:13.978";"1000,00";"Month"
"2026-01-16 07:58:00.654";"a-pk-00000041";"a-pk-00000040";"2026-03-06 03:29:56.808";"2026-03-06 11:07:40.235";"500,00";"Month"
"2026-03-13 06:25:11.845";"a-pk-00000042";"a-pk-00000040";"2026-02-08 15:47:49.975";"2026-02-08 16:02:12.010";"50,00";"Week"
"2026-02-04 11:20:11.015";"b-pk-00000041";"b-pk-00000040";"2026-02-18 12:27:07.237";"2026-02-19 02:11:48.323";"50,00";"Week"
"2026-02-20 15:25:47.627";"c-pk-00000034";"c-pk-00000033";"2026-03-02 23:20:43.454";"2026-03-03 02:08:05.438";"500,00";"Month"
"2026-03-09 04:55:51.231";"a-pk-00000031";"a-pk-00000030";"2026-01-11 20:05:23.931";"2026-01-12 05:26:23.100";"500,00";"Day"
"2026-03-19 15:06:33.357";"a-pk-00000032";"a-pk-00000030";"2026-04-04 03:11:33.745";"2026-04-05 03:07:09.886";"200,00";"Month"
"2026-04-04 23:33:08.744";"b-pk-00000049";"b-pk-00000048";"2026-01-14 07:29:58.660";"2026-01-14 07:55:36.102";"500,00";"Week"
"2026-04-12 16:54:39.974";"c-pk-00000036";"c-pk-00000035";"2026-04-14 19:58:43.132";"2026-04-15 06:42:06.085";"500,00";"Month"
"2026-01-08 22:52:35.008";"c-pk-00000037";"c-pk-00000035";"2026-04-09 21:02:39.659";"2026-04-10 02:20:33.107";"200,00";"Week"
"2026-04-14 19:47:17.835";"a-pk-00000036";"a-pk-00000035";"2026-02-07 23:31:27.904";"2026-02-08 10:25:06.110";"1000,00";"Week"
"2026-01-15 05:56:02.981";"a-pk-00000037";"a-pk-00000035";"2026-04-07 18:22:23.919";"2026-04-08 11:50:39.600";"500,00";"Week"
"2026-01-04 09:51:47.343";"b-pk-00000033";"b-pk-00000032";"2026-02-17 16:10:48.150";"2026-02-18 07:38:19.752";"200,00";"Month"
"2026-03-10 22:21:57.530";"b-pk-00000034";"b-pk-00000032";"2026-03-16 08:23:29.013";"2026-03-17 07:04:23.885";"1000,00";"Week"
"2026-01-16 16:14:41.358";"c-pk-00000040";"c-pk-00000039";"2026-04-05 08:46:02.106";"2026-04-05 23:30:32.310";"100,00";"Day"
"2026-04-09 17:45:59.481";"a-pk-00000032";"a-pk-00000031";"2026-02-06 14:00:10.123";"2026-02-06 17:27:18.890";"50,00";"Week"
"2026-04-14 11:08:25.713";"a-pk-00000033";"a-pk-00000031";"2026-01-06 02:08:32.887";"2026-01-06 21:09:47.729";"200,00";"Day"
"2026-04-07 03:16:41.590";"b-pk-00000030";"b-pk-00000029";"2026-04-17 23:01:19.280";"2026-04-18 15:07:43.298";"500,00";"Day"
"2026-02-13 00:31:46.403";"b-pk-00000031";"b-pk-00000029";"2026-02-14 17:17:30.291";"2026-02-15 06:02:18.559";"50,00";"Week"
"2026-02-09 04:36:20.423";"c-pk-00000033";"c-pk-00000032";"2026-02-10 01:24:45.293";"2026-02-10 09:08:38.192";"200,00";"Day"
"2026-01-11 16:34:34.401";"a-pk-00000042";"a-pk-00000041";"2026-04-20 08:20:49.371";"2026-04-20 16:03:43.413";"500,00";"Week"
"2026-04-09 07:59:16.483";"b-pk-00000033";"b-pk-00000032";"2026-03-17 15:41:38.807";"2026-03-18 02:04:01.148";"200,00";"Week"
"2026-01-08 05:25:20.011";"c-pk-00000036";"c-pk-00000035";"2026-04-02 06:11:00.146";"2026-04-03 01:43:30.495";"200,00";"Day"
"2026-01-15 19:28:31.605";"a-pk-00000043";"a-pk-00000042";"2026-03-18 07:29:17.588";"2026-03-18 22:23:21.976";"100,00";"Day"
"2026-02-16 08:38:00.641";"b-pk-00000026";"b-pk-00000025";"2026-01-14 13:24:17.862";"2026-01-15 13:03:42.042";"500,00";"Day"
"2026-04-03 05:34:20.171";"b-pk-00000027";"b-pk-00000025";"2026-02-03 20:07:07.162";"2026-02-04 04:53:50.732";"500,00";"Week"
"2026-01-11 16:57:07.023";"c-pk-00000035";"c-pk-00000034";"2026-04-10 08:05:58.460";"2026-04-10 12:30:49.780";"50,00";"Day"
"2026-04-10 05:37:08.330";"a-pk-00000030";"a-pk-00000029";"2026-01-09 14:17:12.723";"2026-01-09 14:52:19.053";"200,00";"Month"
"2026-04-18 00:40:27.661";"a-pk-00000031";"a-pk-00000029";"2026-04-12 04:20:53.737";"2026-04-12 15:25:18.182";"200,00";"Month"
"2026-02-03 02:16:28.973";"b-pk-00000037";"b-pk-00000036";"2026-01-01 00:18:07.212";"2026-01-01 04:22:34.967";"200,00";"Month"
"2026-04-20 03:30:27.396";"c-pk-00000035";"c-pk-00000034";"2026-04-07 08:03:27.643";"2026-04-07 18:45:34.143";"100,00";"Day"
"2026-01-18 17:17:08.802";"c-pk-00000036";"c-pk-00000034";"2026-03-02 01:54:04.284";"2026-03-02 05:12:03.760";"500,00";"Day"
"2026-03-04 09:15:31.900";"a-pk-00000045";"a-pk-00000044";"2026-02-14 15:01:21.960";"2026-02-15 07:50:20.981";"500,00";"Month"
"2026-02-20 05:21:10.612";"a-pk-00000046";"a-pk-00000044";"2026-02-13 13:54:15.293";"2026-02-14 01:04:52.385";"50,00";"Day"
"2026-02-03 08:11:07.783";"b-pk-00000027";"b-pk-00000026";"2026-01-05 03:54:59.003";"2026-01-05 19:20:20.124";"1000,00";"Month"
"2026-01-17 18:14:59.589";"c-pk-00000037";"c-pk-00000036";"2026-04-07 13:56:21.102";"2026-04-07 23:25:21.437";"200,00";"Week"
"2026-04-18 23:55:33.913";"a-pk-00000040";"a-pk-00000039";"2026-03-13 03:29:32.878";"2026-03-13 03:47:32.933";"100,00";"Day"
"2026-04-04 17:08:53.611";"a-pk-00000041";"a-pk-00000039";"2026-01-01 18:06:21.797";"2026-01-02 12:00:20.013";"100,00";"Month"
"2026-02-12 00:35:51.094";"b-pk-00000034";"b-pk-00000033";"2026-02-13 13:42:08.610";"2026-02-14 06:30:54.640";"500,00";"Week"
"2026-01-09 00:25:59.536";"b-pk-00000035";"b-pk-00000033";"2026-01-06 18:44:59.616";"2026-01-07 17:47:33.269";"50,00";"Day"
"2026-03-20 09:11:32.131";"c-pk-00000042";"c-pk-00000041";"2026-03-19 13:23:50.887";"2026-03-19 23:48:29.932";"50,00";"Day"
"2026-01-02 01:09:51.314";"c-pk-00000043";"c-pk-00000041";"2026-04-11 00:08:59.871";"2026-04-11 12:52:39.235";"1000,00";"Month"
"2026-04-09 01:10:38.634";"a-pk-00000042";"a-pk-00000041";"2026-01-12 19:10:30.236";"2026-01-12 21:16:58.736";"50,00";"Week"
"2026-02-10 16:41:57.109";"a-pk-00000043";"a-pk-00000041";"2026-04-19 00:26:14.133";"2026-04-19 12:08:34.267";"100,00";"Month"
"2026-04-09 13:33:54.107";"b-pk-00000047";"b-pk-00000046";"2026-04-18 04:06:17.081";"2026-04-18 11:51:10.334";"1000,00";"Day"
"2026-02-19 12:44:39.562";"b-pk-00000048";"b-pk-00000046";"2026-04-13 08:34:27.631";"2026-04-13 23:36:46.952";"1000,00";"Week"
"2026-01-01 20:43:41.773";"c-pk-00000033";"c-pk-00000032";"2026-01-16 19:39:13.461";"2026-01-17 18:31:33.246";"1000,00";"Day"
"2026-03-18 23:24:51.637";"c-pk-00000034";"c-pk-00000032";"2026-02-18 14:32:32.676";"2026-02-19 09:57:09.435";"1000,00";"Month"
"2026-02-06 22:16:45.463";"a-pk-00000029";"a-pk-00000028";"2026-03-01 01:05:31.532";"2026-03-01 09:18:36.139";"500,00";"Day"
"2026-01-12 17:41:44.771";"a-pk-00000030";"a-pk-00000028";"2026-04-18 11:00:30.067";"2026-04-18 13:01:35.118";"1000,00";"Week"
"2026-04-16 08:02:49.712";"b-pk-00000029";"b-pk-00000028";"2026-04-18 01:04:34.396";"2026-04-18 09:20:04.512";"200,00";"Month"
"2026-03-10 18:44:23.882";"b-pk-00000030";"b-pk-00000028";"2026-02-07 21:12:36.868";"2026-02-08 04:53:37.002";"500,00";"Week"
"2026-02-08 18:26:22.008";"c-pk-00000028";"c-pk-00000027";"2026-04-07 21:19:38.788";"2026-04-08 07:40:19.619";"500,00";"Day"
"2026-02-14 03:05:18.991";"c-pk-00000029";"c-pk-00000027";"2026-04-07 04:54:10.394";"2026-04-07 09:55:26.221";"500,00";"Month"
"2026-04-02 11:20:16.582";"a-pk-00000038";"a-pk-00000037";"2026-04-03 10:46:17.809";"2026-04-03 13:16:08.178";"50,00";"Week"
"2026-03-11 13:17:01.583";"a-pk-00000039";"a-pk-00000037";"2026-01-14 23:17:04.079";"2026-01-15 22:11:09.590";"500,00";"Month"
"2026-02-14 05:59:42.758";"b-pk-00000032";"b-pk-00000031";"2026-03-02 06:18:56.187";"2026-03-02 10:56:58.878";"100,00";"Day"
"2026-01-05 19:08:01.669";"c-pk-00000031";"c-pk-00000030";"2026-01-14 02:56:25.357";"2026-01-14 15:33:01.742";"100,00";"Day"
"2026-04-10 17:38:57.062";"a-pk-00000033";"a-pk-00000032";"2026-02-13 04:29:02.406";"2026-02-13 05:07:55.557";"100,00";"Week"
"2026-01-02 03:03:34.609";"b-pk-00000034";"b-pk-00000033";"2026-04-14 08:57:21.053";"2026-04-15 03:52:42.491";"100,00";"Month"
"2026-03-06 03:45:05.553";"b-pk-00000035";"b-pk-00000033";"2026-01-18 07:53:59.700";"2026-01-19 04:12:25.679";"1000,00";"Week"
"2026-04-15 22:41:10.057";"c-pk-00000045";"c-pk-00000044";"2026-04-07 01:30:00.152";"2026-04-07 06:41:49.035";"50,00";"Month"
"2026-03-16 23:47:51.640";"a-pk-00000039";"a-pk-00000038";"2026-01-20 02:21:15.007";"2026-01-20 09:22:01.316";"500,00";"Day"
"2026-04-05 14:46:13.184";"b-pk-00000056";"b-pk-00000055";"2026-03-05 05:30:13.880";"2026-03-05 07:33:58.180";"100,00";"Month"
"2026-03-08 10:22:00.325";"c-pk-00000028";"c-pk-00000027";"2026-01-07 05:45:06.064";"2026-01-07 08:58:23.214";"100,00";"Day"
"2026-04-16 18:29:40.143";"c-pk-00000029";"c-pk-00000027";"2026-01-10 07:42:53.050";"2026-01-10 16:38:22.619";"100,00";"Week"
"2026-02-19 17:43:42.240";"a-pk-00000048";"a-pk-00000047";"2026-02-13 18:18:10.030";"2026-02-13 21:17:53.789";"100,00";"Week"
"2026-03-19 19:26:28.027";"a-pk-00000049";"a-pk-00000047";"2026-03-20 22:01:07.289";"2026-03-21 11:01:45.183";"50,00";"Month"
"2026-01-18 11:05:30.711";"b-pk-00000039";"b-pk-00000038";"2026-01-20 02:50:30.644";"2026-01-20 11:01:12.170";"1000,00";"Month"
"2026-03-02 19:52:04.571";"b-pk-00000040";"b-pk-00000038";"2026-03-03 08:22:24.197";"2026-03-03 20:28:56.001";"200,00";"Week"
"2026-03-11 12:25:10.887";"c-pk-00000026";"c-pk-00000025";"2026-03-12 16:13:18.907";"2026-03-12 21:57:56.813";"200,00";"Day"
"2026-04-13 00:15:51.418";"c-pk-00000027";"c-pk-00000025";"2026-01-16 19:31:03.322";"2026-01-16 23:02:54.430";"100,00";"Week"
"2026-04-11 10:48:48.367";"a-pk-00000040";"a-pk-00000039";"2026-03-11 15:42:59.535";"2026-03-12 08:34:21.102";"100,00";"Week"
"2026-04-17 14:21:33.805";"a-pk-00000041";"a-pk-00000039";"2026-04-14 08:00:00.053";"2026-04-14 22:10:51.543";"100,00";"Week"
"2026-02-08 20:19:51.796";"b-pk-00000042";"b-pk-00000041";"2026-04-15 19:28:34.054";"2026-04-16 16:54:51.365";"500,00";"Month"
"2026-02-01 03:55:25.434";"c-pk-00000037";"c-pk-00000036";"2026-01-09 10:47:37.579";"2026-01-09 19:19:50.869";"1000,00";"Day"
"2026-03-08 18:08:11.680";"c-pk-00000038";"c-pk-00000036";"2026-02-05 04:17:02.032";"2026-02-05 10:18:05.381";"500,00";"Day"
"2026-02-02 04:33:35.850";"a-pk-00000031";"a-pk-00000030";"2026-01-02 09:41:57.944";"2026-01-02 23:57:51.427";"50,00";"Week"
"2026-01-11 10:35:20.980";"b-pk-00000035";"b-pk-00000034";"2026-03-08 23:25:38.589";"2026-03-09 11:12:36.504";"200,00";"Month"
"2026-01-14 19:27:36.652";"b-pk-00000036";"b-pk-00000034";"2026-03-01 17:48:17.191";"2026-03-01 19:30:01.305";"200,00";"Day"
"2026-04-14 10:36:04.903";"c-pk-00000034";"c-pk-00000033";"2026-03-04 15:42:35.206";"2026-03-05 03:22:32.215";"1000,00";"Day"
"2026-01-13 11:10:44.438";"c-pk-00000035";"c-pk-00000033";"2026-01-04 03:49:17.683";"2026-01-04 17:14:35.188";"500,00";"Week"
"2026-01-04 16:18:08.326";"a-pk-00000041";"a-pk-00000040";"2026-04-16 15:29:58.764";"2026-04-16 19:53:42.750";"500,00";"Month"
"2026-04-11 15:35:37.192";"b-pk-00000039";"b-pk-00000038";"2026-03-04 14:06:57.969";"2026-03-05 09:38:01.976";"100,00";"Month"
"2026-04-17 07:35:31.568";"c-pk-00000044";"c-pk-00000043";"2026-01-01 05:00:08.794";"2026-01-02 01:56:10.908";"100,00";"Month"
"2026-04-15 12:03:15.664";"c-pk-00000045";"c-pk-00000043";"2026-03-12 01:10:38.323";"2026-03-12 02:48:55.008";"1000,00";"Month"
"2026-02-17 22:45:37.663";"a-pk-00000033";"a-pk-00000032";"2026-04-18 16:04:05.587";"2026-04-19 11:55:01.599";"50,00";"Week"
"2026-04-18 01:42:24.200";"b-pk-00000045";"b-pk-00000044";"2026-02-17 20:18:36.250";"2026-02-18 07:21:08.359";"100,00";"Day"
"2026-04-18 18:24:38.341";"b-pk-00000046";"b-pk-00000044";"2026-01-01 02:54:48.144";"2026-01-01 05:48:39.625";"100,00";"Day"
"2026-01-11 21:32:56.947";"c-pk-00000052";"c-pk-00000051";"2026-01-10 10:11:57.734";"2026-01-11 08:07:58.723";"100,00";"Month"
"2026-01-06 05:16:00.428";"c-pk-00000053";"c-pk-00000051";"2026-04-01 12:02:18.565";"2026-04-02 00:18:12.307";"500,00";"Week"
"2026-03-19 10:02:33.729";"a-pk-00000052";"a-pk-00000051";"2026-02-10 03:35:22.730";"2026-02-10 10:59:53.961";"200,00";"Week"
"2026-04-04 00:04:29.356";"a-pk-00000053";"a-pk-00000051";"2026-04-02 03:29:01.195";"2026-04-03 00:31:44.031";"50,00";"Day"
"2026-04-15 21:27:54.062";"b-pk-00000039";"b-pk-00000038";"2026-01-18 14:48:53.413";"2026-01-18 15:09:17.286";"100,00";"Week"
"2026-02-03 20:48:30.778";"b-pk-00000040";"b-pk-00000038";"2026-03-19 22:29:43.650";"2026-03-20 06:34:45.233";"100,00";"Day"
"2026-02-10 15:37:55.428";"c-pk-00000041";"c-pk-00000040";"2026-03-18 20:01:41.303";"2026-03-18 21:46:21.031";"50,00";"Month"
"2026-03-07 21:13:44.987";"a-pk-00000027";"a-pk-00000026";"2026-04-20 14:29:56.079";"2026-04-21 04:55:57.934";"1000,00";"Day"
"2026-04-04 01:46:13.614";"a-pk-00000028";"a-pk-00000026";"2026-01-04 01:05:58.291";"2026-01-04 06:11:29.851";"1000,00";"Month"
"2026-04-07 23:04:15.889";"b-pk-00000030";"b-pk-00000029";"2026-03-18 04:16:34.557";"2026-03-18 20:02:49.473";"50,00";"Week"
"2026-04-05 08:32:31.734";"c-pk-00000030";"c-pk-00000029";"2026-01-15 06:36:55.310";"2026-01-15 11:49:54.940";"100,00";"Month"
"2026-04-01 06:45:33.435";"a-pk-00000035";"a-pk-00000034";"2026-01-03 15:43:13.400";"2026-01-03 20:47:35.402";"500,00";"Week"
"2026-04-03 04:42:32.650";"b-pk-00000032";"b-pk-00000031";"2026-01-01 16:12:17.469";"2026-01-02 11:57:13.528";"1000,00";"Month"
"2026-04-04 23:07:47.252";"b-pk-00000033";"b-pk-00000031";"2026-02-01 21:58:31.287";"2026-02-02 17:31:09.773";"500,00";"Month"
"2026-01-14 08:28:09.711";"c-pk-00000042";"c-pk-00000041";"2026-01-19 13:52:44.841";"2026-01-20 11:19:00.938";"200,00";"Day"
"2026-03-16 15:35:57.549";"c-pk-00000043";"c-pk-00000041";"2026-03-15 06:28:35.476";"2026-03-15 15:23:35.452";"50,00";"Month"
"2026-01-20 04:46:59.595";"a-pk-00000036";"a-pk-00000035";"2026-04-10 02:15:17.004";"2026-04-11 01:53:30.425";"50,00";"Month"
"2026-03-03 22:37:13.257";"a-pk-00000037";"a-pk-00000035";"2026-03-20 13:11:44.464";"2026-03-21 02:04:41.255";"1000,00";"Month"
"2026-03-15 22:58:37.683";"b-pk-00000035";"b-pk-00000034";"2026-03-13 11:38:27.675";"2026-03-13 21:44:49.983";"500,00";"Week"
"2026-03-18 22:09:43.382";"c-pk-00000034";"c-pk-00000033";"2026-01-19 15:11:09.537";"2026-01-20 09:59:30.760";"200,00";"Week"
"2026-04-01 06:58:19.531";"c-pk-00000035";"c-pk-00000033";"2026-03-04 06:39:49.117";"2026-03-04 12:19:38.769";"100,00";"Week"
"2026-01-05 17:27:23.932";"a-pk-00000034";"a-pk-00000033";"2026-01-20 13:42:25.421";"2026-01-20 20:40:00.220";"1000,00";"Month"
"2026-02-04 22:00:53.014";"a-pk-00000035";"a-pk-00000033";"2026-03-15 02:26:19.412";"2026-03-15 08:54:02.762";"500,00";"Day"
"2026-03-01 06:35:36.356";"b-pk-00000033";"b-pk-00000032";"2026-02-20 19:16:39.344";"2026-02-21 06:14:29.761";"200,00";"Week"
"2026-01-16 01:32:31.222";"b-pk-00000034";"b-pk-00000032";"2026-03-14 21:41:23.203";"2026-03-14 22:46:26.153";"50,00";"Day"
"2026-02-16 23:31:52.700";"c-pk-00000046";"c-pk-00000045";"2026-04-02 03:25:23.387";"2026-04-02 13:30:25.161";"50,00";"Week"
"2026-02-11 04:17:11.984";"c-pk-00000047";"c-pk-00000045";"2026-04-05 06:05:45.960";"2026-04-05 13:02:06.155";"200,00";"Month"
"2026-01-19 06:54:54.515";"a-pk-00000031";"a-pk-00000030";"2026-01-06 21:41:34.130";"2026-01-07 11:53:29.981";"1000,00";"Day"
"2026-04-01 10:58:44.517";"b-pk-00000045";"b-pk-00000044";"2026-01-07 07:31:26.957";"2026-01-07 07:55:57.592";"50,00";"Day"
"2026-04-09 01:31:02.988";"b-pk-00000046";"b-pk-00000044";"2026-04-12 03:56:01.838";"2026-04-12 19:28:34.209";"1000,00";"Month"
"2026-04-18 12:56:02.797";"c-pk-00000036";"c-pk-00000035";"2026-01-19 14:37:14.228";"2026-01-20 11:39:57.988";"100,00";"Day"
"2026-02-01 22:04:03.702";"a-pk-00000044";"a-pk-00000043";"2026-03-20 03:31:47.242";"2026-03-20 15:23:33.371";"1000,00";"Day"
"2026-01-17 17:56:40.629";"b-pk-00000036";"b-pk-00000035";"2026-01-01 03:54:33.818";"2026-01-01 18:07:12.915";"1000,00";"Month"
"2026-04-07 11:29:24.516";"c-pk-00000040";"c-pk-00000039";"2026-03-19 19:39:50.934";"2026-03-20 09:53:35.981";"500,00";"Day"
"2026-03-19 11:04:39.799";"c-pk-00000041";"c-pk-00000039";"2026-01-08 17:59:00.831";"2026-01-09 02:46:35.286";"200,00";"Week"
"2026-03-01 13:14:33.321";"a-pk-00000034";"a-pk-00000033";"2026-02-15 02:43:36.323";"2026-02-15 17:06:33.467";"50,00";"Day"
