"created_at";"pk_id";"wok_game_session_pk_id";"transaction_id";"player_profile_id"
"2026-02-02 16:27:20.673";"a-pk-00000032";"a-pk-00000031";"a0000-t0";"a0000"
"2026-02-02 18:36:30.535";"a-pk-00000033";"a-pk-00000031";"a0000-t1";"a0000"
"2026-02-02 17:27:53.267";"a-pk-00000034";"a-pk-00000031";"a0000-t2";"a0000"
"2026-02-22 22:46:19.550";"a-pk-00000036";"a-pk-00000035";"a0000-t1";"a0000"
"2026-02-22 23:15:47.271";"a-pk-00000037";"a-pk-00000035";"a0000-t2";"a0000"
"2026-02-22 22:55:14.357";"a-pk-00000038";"a-pk-00000035";"a0000-t3";"a0000"
"2026-03-04 06:46:09.012";"b-pk-00000039";"b-pk-00000038";"b0001-t0";"b0001"
"2026-03-04 08:45:32.480";"b-pk-00000040";"b-pk-00000038";"b0001-t1";"b0001"
"2026-04-15 10:42:38.782";"b-pk-00000042";"b-pk-00000041";"b0001-t1";"b0001"
"2026-04-20 20:45:55.676";"b-pk-00000044";"b-pk-00000043";"b0001-t2";"b0001"
"2026-04-20 20:11:49.245";"b-pk-00000045";"b-pk-00000043";"b0001-t3";"b0001"
"2026-04-20 20:36:14.076";"b-pk-00000046";"b-pk-00000043";"b0001-t4";"b0001"
"2026-02-01 16:00:26.823";"b-pk-00000048";"b-pk-00000047";"b0001-t3";"b0001"
"2026-02-01 17:28:56.435";"b-pk-00000049";"b-pk-00000047";"b0001-t4";"b0001"
"2026-02-01 13:59:18.230";"b-pk-00000050";"b-pk-00000047";"b0001-t5";"b0001"
"2026-02-09 06:23:34.448";"b-pk-00000052";"b-pk-00000051";"b0001-t4";"b0001"
"2026-02-09 04:25:41.040";"b-pk-00000053";"b-pk-00000051";"b0001-t5";"b0001"
"2026-02-09 07:52:30.752";"b-pk-00000054";"b-pk-00000051";"b0001-t6";"b0001"
"2026-02-09 04:16:37.930";"c-pk-00000033";"c-pk-00000032";"c0002-t0";"c0002"
"2026-03-15 21:12:42.648";"c-pk-00000035";"c-pk-00000034";"c0002-t1";"c0002"
"2026-03-13 21:21:04.097";"c-pk-00000037";"c-pk-00000036";"c0002-t2";"c0002"
"2026-03-13 20:54:45.320";"c-pk-00000038";"c-pk-00000036";"c0002-t3";"c0002"
"2026-03-12 07:36:06.420";"c-pk-00000040";"c-pk-00000039";"c0002-t3";"c0002"
"2026-03-12 06:15:54.681";"c-pk-00000041";"c-pk-00000039";"c0002-t4";"c0002"
"2026-02-28 11:37:08.093";"a-pk-00000026";"a-pk-00000025";"a0003-t0";"a0003"
"2026-02-27 17:43:43.810";"a-pk-00000028";"a-pk-00000027";"a0003-t1";"a0003"
"2026-02-27 15:34:30.039";"a-pk-00000029";"a-pk-00000027";"a0003-t2";"a0003"
"2026-02-27 16:11:20.849";"a-pk-00000030";"a-pk-00000027";"a0003-t3";"a0003"
"2026-02-27 12:01:49.597";"b-pk-00000028";"b-pk-00000027";"b0004-t0";"b0004"
"2026-02-27 12:30:39.051";"b-pk-00000029";"b-pk-00000027";"b0004-t1";"b0004"
"2026-03-16 21:39:56.583";"b-pk-00000031";"b-pk-00000030";"b0004-t1";"b0004"
"2026-02-21 23:29:50.869";"c-pk-00000031";"c-pk-00000030";"c0005-t0";"c0005"
"2026-02-21 22:25:54.878";"c-pk-00000032";"c-pk-00000030";"c0005-t1";"c0005"
"2026-02-22 00:29:44.825";"c-pk-00000033";"c-pk-00000030";"c0005-t2";"c0005"
"2026-04-02 18:35:50.689";"c-pk-00000035";"c-pk-00000034";"c0005-t1";"c0005"
"2026-01-28 05:12:29.720";"c-pk-00000037";"c-pk-00000036";"c0005-t2";"c0005"
"2026-02-13 09:37:08.859";"c-pk-00000039";"c-pk-00000038";"c0005-t3";"c0005"
"2026-02-13 08:58:18.208";"c-pk-00000040";"c-pk-00000038";"c0005-t4";"c0005"
"2026-02-13 09:10:40.423";"c-pk-00000041";"c-pk-00000038";"c0005-t0";"c0005"
"2026-01-10 04:16:12.981";"a-pk-00000028";"a-pk-00000027";"a0006-t0";"a0006"
"2026-01-10 03:50:59.816";"a-pk-00000029";"a-pk-00000027";"a0006-t1";"a0006"
"2026-04-21 08:25:25.828";"a-pk-00000031";"a-pk-00000030";"a0006-t1";"a0006"
"2026-04-21 08:35:44.591";"a-pk-00000032";"a-pk-00000030";"a0006-t2";"a0006"
"2026-01-17 00:41:59.268";"b-pk-00000023";"b-pk-00000022";"b0007-t0";"b0007"
"2026-01-17 01:20:01.944";"b-pk-00000024";"b-pk-00000022";"b0007-t1";"b0007"
"2026-01-17 00:40:49.407";"b-pk-00000025";"b-pk-00000022";"b0007-t2";"b0007"
"2026-03-21 23:57:14.600";"b-pk-00000027";"b-pk-00000026";"b0007-t1";"b0007"
"2026-03-22 01:16:37.854";"b-pk-00000028";"b-pk-00000026";"b0007-t2";"b0007"
"2026-03-22 01:20:32.658";"b-pk-00000029";"b-pk-00000026";"b0007-t3";"b0007"
"2026-01-11 01:29:54.718";"b-pk-00000031";"b-pk-00000030";"b0007-t2";"b0007"
"2026-01-06 16:33:06.065";"b-pk-00000033";"b-pk-00000032";"b0007-t3";"b0007"
"2026-01-06 16:31:18.998";"b-pk-00000034";"b-pk-00000032";"b0007-t4";"b0007"
"2026-01-16 16:43:23.045";"b-pk-00000036";"b-pk-00000035";"b0007-t4";"b0007"
"2026-01-16 18:13:18.012";"b-pk-00000037";"b-pk-00000035";"b0007-t5";"b0007"
"2026-01-16 15:35:25.483";"b-pk-00000038";"b-pk-00000035";"b0007-t6";"b0007"
"2026-01-06 01:39:01.958";"c-pk-00000037";"c-pk-00000036";"c0008-t0";"c0008"
"2026-01-06 00:44:42.902";"c-pk-00000038";"c-pk-00000036";"c0008-t1";"c0008"
"2026-01-05 23:43:36.306";"c-pk-00000039";"c-pk-00000036";"c0008-t2";"c0008"
"2026-01-13 22:55:24.642";"c-pk-00000041";"c-pk-00000040";"c0008-t1";"c0008"
"2026-01-13 22:41:25.609";"c-pk-00000042";"c-pk-00000040";"c0008-t2";"c0008"
"2026-03-12 03:20:17.115";"c-pk-00000044";"c-pk-00000043";"c0008-t2";"c0008"
"2026-03-12 01:46:00.151";"c-pk-00000045";"c-pk-00000043";"c0008-t3";"c0008"
"2026-03-12 02:25:28.596";"c-pk-00000046";"c-pk-00000043";"c0008-t4";"c0008"
"2026-02-06 13:08:03.547";"a-pk-00000023";"a-pk-00000022";"a0009-t0";"a0009"
"2026-02-06 14:41:17.608";"a-pk-00000024";"a-pk-00000022";"a0009-t1";"a0009"
"2026-02-06 12:14:56.110";"a-pk-00000025";"a-pk-00000022";"a0009-t2";"a0009"
"2026-01-02 22:34:08.532";"a-pk-00000027";"a-pk-00000026";"a0009-t1";"a0009"
"2026-01-02 23:18:05.620";"a-pk-00000028";"a-pk-00000026";"a0009-t2";"a0009"
"2026-01-03 01:07:34.428";"a-pk-00000029";"a-pk-00000026";"a0009-t3";"a0009"
"2026-02-10 14:14:04.477";"b-pk-00000028";"b-pk-00000027";"b0010-t0";"b0010"
"2026-02-10 17:14:42.158";"b-pk-00000029";"b-pk-00000027";"b0010-t1";"b0010"
"2026-01-05 12:25:37.549";"b-pk-00000031";"b-pk-00000030";"b0010-t1";"b0010"
"2026-04-03 12:44:24.246";"b-pk-00000033";"b-pk-00000032";"b0010-t2";"b0010"
"2026-04-03 15:07:37.628";"b-pk-00000034";"b-pk-00000032";"b0010-t3";"b0010"
"2026-04-03 15:11:35.249";"b-pk-00000035";"b-pk-00000032";"b0010-t4";"b0010"
"2026-01-22 12:30:00.303";"b-pk-00000037";"b-pk-00000036";"b0010-t3";"b0010"
"2026-01-22 14:15:39.197";"b-pk-00000038";"b-pk-00000036";"b0010-t4";"b0010"
"2026-03-17 05:51:57.793";"b-pk-00000040";"b-pk-00000039";"b0010-t4";"b0010"
"2026-03-17 03:58:51.836";"b-pk-00000041";"b-pk-00000039";"b0010-t5";"b0010"
"2026-03-17 02:25:57.702";"b-pk-00000042";"b-pk-00000039";"b0010-t6";"b0010"
"2026-04-06 14:57:19.972";"c-pk-00000031";"c-pk-00000030";"c0011-t0";"c0011"
"2026-04-06 12:17:41.219";"c-pk-00000032";"c-pk-00000030";"c0011-t1";"c0011"
"2026-04-26 11:59:49.379";"c-pk-00000034";"c-pk-00000033";"c0011-t1";"c0011"
"2026-01-20 05:25:06.953";"c-pk-00000036";"c-pk-00000035";"c0011-t2";"c0011"
"2026-03-07 04:43:03.415";"c-pk-00000038";"c-pk-00000037";"c0011-t3";"c0011"
"2026-03-07 04:21:50.530";"c-pk-00000039";"c-pk-00000037";"c0011-t4";"c0011"
"2026-03-14 07:07:38.022";"a-pk-00000028";"a-pk-00000027";"a0012-t0";"a0012"
"2026-02-04 12:16:58.032";"a-pk-00000030";"a-pk-00000029";"a0012-t1";"a0012"
"2026-02-04 10:42:13.863";"a-pk-00000031";"a-pk-00000029";"a0012-t2";"a0012"
"2026-02-02 09:54:12.034";"a-pk-00000033";"a-pk-00000032";"a0012-t2";"a0012"
"2026-02-02 09:40:54.752";"a-pk-00000034";"a-pk-00000032";"a0012-t3";"a0012"
"2026-03-06 00:00:26.214";"b-pk-00000028";"b-pk-00000027";"b0013-t0";"b0013"
"2026-03-06 03:04:39.216";"b-pk-00000029";"b-pk-00000027";"b0013-t1";"b0013"
"2026-02-18 17:04:34.205";"b-pk-00000031";"b-pk-00000030";"b0013-t1";"b0013"
"2026-03-02 16:52:45.101";"b-pk-00000033";"b-pk-00000032";"b0013-t2";"b0013"
"2026-03-02 18:33:20.496";"b-pk-00000034";"b-pk-00000032";"b0013-t3";"b0013"
"2026-03-26 14:44:29.726";"c-pk-00000032";"c-pk-00000031";"c0014-t0";"c0014"
"2026-03-26 11:13:26.423";"c-pk-00000033";"c-pk-00000031";"c0014-t1";"c0014"
"2026-03-26 11:27:40.898";"c-pk-00000034";"c-pk-00000031";"c0014-t2";"c0014"
"2026-02-12 15:42:40.945";"c-pk-00000036";"c-pk-00000035";"c0014-t1";"c0014"
"2026-04-24 17:40:48.045";"c-pk-00000038";"c-pk-00000037";"c0014-t2";"c0014"
"2026-01-22 22:06:42.301";"a-pk-00000023";"a-pk-00000022";"a0015-t0";"a0015"
"2026-01-22 21:50:01.036";"a-pk-00000024";"a-pk-00000022";"a0015-t1";"a0015"
"2026-03-24 20:26:07.871";"a-pk-00000026";"a-pk-00000025";"a0015-t1";"a0015"
"2026-03-09 05:27:08.540";"a-pk-00000028";"a-pk-00000027";"a0015-t2";"a0015"
"2026-03-09 08:20:19.351";"a-pk-00000029";"a-pk-00000027";"a0015-t3";"a0015"
"2026-01-05 21:08:40.839";"a-pk-00000031";"a-pk-00000030";"a0015-t3";"a0015"
"2026-01-05 20:29:55.171";"a-pk-00000032";"a-pk-00000030";"a0015-t4";"a0015"
"2026-01-05 21:59:17.487";"a-pk-00000033";"a-pk-00000030";"a0015-t5";"a0015"
"2026-03-17 02:43:19.984";"a-pk-00000035";"a-pk-00000034";"a0015-t4";"a0015"
"2026-03-17 02:05:42.978";"a-pk-00000036";"a-pk-00000034";"a0015-t5";"a0015"
"2026-01-22 19:17:36.249";"b-pk-00000018";"b-pk-00000017";"b0016-t0";"b0016"
"2026-01-22 22:31:45.041";"b-pk-00000019";"b-pk-00000017";"b0016-t1";"b0016"
"2026-01-22 19:09:14.810";"b-pk-00000020";"b-pk-00000017";"b0016-t2";"b0016"
"2026-04-25 05:39:36.277";"b-pk-00000022";"b-pk-00000021";"b0016-t1";"b0016"
"2026-04-14 08:12:51.120";"b-pk-00000024";"b-pk-00000023";"b0016-t2";"b0016"
"2026-04-14 09:27:45.633";"b-pk-00000025";"b-pk-00000023";"b0016-t3";"b0016"
"2026-04-14 08:45:34.779";"b-pk-00000026";"b-pk-00000023";"b0016-t4";"b0016"
"2026-03-06 07:16:07.151";"c-pk-00000026";"c-pk-00000025";"c0017-t0";"c0017"
"2026-03-06 07:30:13.552";"c-pk-00000027";"c-pk-00000025";"c0017-t1";"c0017"
"2026-03-06 06:36:19.308";"c-pk-00000028";"c-pk-00000025";"c0017-t2";"c0017"
"2026-01-01 13:38:22.578";"c-pk-00000030";"c-pk-00000029";"c0017-t1";"c0017"
"2026-01-01 16:07:29.944";"c-pk-00000031";"c-pk-00000029";"c0017-t2";"c0017"
"2026-01-01 14:53:52.705";"c-pk-00000032";"c-pk-00000029";"c0017-t3";"c0017"
"2026-01-27 03:24:01.677";"a-pk-00000031";"a-pk-00000030";"a0018-t0";"a0018"
"2026-01-27 04:40:14.516";"a-pk-00000032";"a-pk-00000030";"a0018-t1";"a0018"
"2026-03-18 11:01:06.570";"a-pk-00000034";"a-pk-00000033";"a0018-t1";"a0018"
"2026-03-23 09:10:37.518";"a-pk-00000036";"a-pk-00000035";"a0018-t2";"a0018"
"2026-03-23 05:46:52.269";"a-pk-00000037";"a-pk-00000035";"a0018-t3";"a0018"
"2026-03-23 07:39:04.994";"a-pk-00000038";"a-pk-00000035";"a0018-t4";"a0018"
"2026-04-20 23:13:11.365";"a-pk-00000040";"a-pk-00000039";"a0018-t3";"a0018"
"2026-03-08 16:44:38.173";"b-pk-00000029";"b-pk-00000028";"b0019-t0";"b0019"
"2026-03-08 18:07:53.952";"b-pk-00000030";"b-pk-00000028";"b0019-t1";"b0019"
"2026-03-08 17:26:18.479";"b-pk-00000031";"b-pk-00000028";"b0019-t2";"b0019"
"2026-02-03 13:23:26.779";"b-pk-00000033";"b-pk-00000032";"b0019-t1";"b0019"
"2026-02-03 14:43:49.529";"b-pk-00000034";"b-pk-00000032";"b0019-t2";"b0019"
"2026-03-14 06:03:32.478";"b-pk-00000036";"b-pk-00000035";"b0019-t2";"b0019"
"2026-03-14 07:12:54.916";"b-pk-00000037";"b-pk-00000035";"b0019-t3";"b0019"
"2026-04-02 17:35:17.842";"b-pk-00000039";"b-pk-00000038";"b0019-t3";"b0019"
"2026-03-20 00:32:56.124";"b-pk-00000041";"b-pk-00000040";"b0019-t4";"b0019"
"2026-03-19 23:18:36.604";"b-pk-00000042";"b-pk-00000040";"b0019-t0";"b0019"
"2026-02-12 09:57:27.435";"c-pk-00000038";"c-pk-00000037";"c0020-t0";"c0020"
"2026-04-03 04:46:54.450";"c-pk-00000040";"c-pk-00000039";"c0020-t1";"c0020"
"2026-04-03 05:01:26.970";"c-pk-00000041";"c-pk-00000039";"c0020-t2";"c0020"
"2026-04-24 17:48:17.616";"c-pk-00000043";"c-pk-00000042";"c0020-t2";"c0020"
"2026-04-24 17:31:36.112";"c-pk-00000044";"c-pk-00000042";"c0020-t3";"c0020"
"2026-01-12 22:18:59.312";"c-pk-00000046";"c-pk-00000045";"c0020-t3";"c0020"
"2026-03-07 07:55:40.737";"c-pk-00000048";"c-pk-00000047";"c0020-t4";"c0020"
"2026-03-07 09:27:25.135";"c-pk-00000049";"c-pk-00000047";"c0020-t5";"c0020"
"2026-03-27 03:14:17.868";"a-pk-00000025";"a-pk-00000024";"a0021-t0";"a0021"
"2026-03-27 04:50:25.801";"a-pk-00000026";"a-pk-00000024";"a0021-t1";"a0021"
"2026-02-02 17:45:57.806";"a-pk-00000028";"a-pk-00000027";"a0021-t1";"a0021"
"2026-01-15 15:32:54.607";"a-pk-00000030";"a-pk-00000029";"a0021-t2";"a0021"
"2026-01-15 15:53:43.198";"a-pk-00000031";"a-pk-00000029";"a0021-t3";"a0021"
"2026-01-15 16:22:26.129";"a-pk-00000032";"a-pk-00000029";"a0021-t4";"a0021"
"2026-03-12 17:18:20.794";"a-pk-00000034";"a-pk-00000033";"a0021-t3";"a0021"
"2026-03-12 14:08:55.480";"a-pk-00000035";"a-pk-00000033";"a0021-t4";"a0021"
"2026-03-12 14:51:24.351";"a-pk-00000036";"a-pk-00000033";"a0021-t5";"a0021"
"2026-03-12 01:23:19.487";"a-pk-00000038";"a-pk-00000037";"a0021-t4";"a0021"
"2026-03-12 03:32:21.478";"a-pk-00000039";"a-pk-00000037";"a0021-t5";"a0021"
"2026-01-03 23:57:12.496";"b-pk-00000031";"b-pk-00000030";"b0022-t0";"b0022"
"2026-01-03 22:43:47.084";"b-pk-00000032";"b-pk-00000030";"b0022-t1";"b0022"
"2026-01-03 23:06:25.248";"b-pk-00000033";"b-pk-00000030";"b0022-t2";"b0022"
"2026-04-05 18:46:34.157";"b-pk-00000035";"b-pk-00000034";"b0022-t1";"b0022"
"2026-04-12 08:32:09.785";"b-pk-00000037";"b-pk-00000036";"b0022-t2";"b0022"
"2026-02-08 15:04:25.045";"b-pk-00000039";"b-pk-00000038";"b0022-t3";"b0022"
"2026-01-04 10:22:11.322";"c-pk-00000027";"c-pk-00000026";"c0023-t0";"c0023"
"2026-01-04 10:04:05.963";"c-pk-00000028";"c-pk-00000026";"c0023-t1";"c0023"
"2026-01-04 08:07:32.408";"c-pk-00000029";"c-pk-00000026";"c0023-t2";"c0023"
"2026-04-20 03:19:34.702";"c-pk-00000031";"c-pk-00000030";"c0023-t1";"c0023"
"2026-04-20 04:12:50.486";"c-pk-00000032";"c-pk-00000030";"c0023-t2";"c0023"
"2026-02-05 19:57:29.692";"a-pk-00000026";"a-pk-00000025";"a0024-t0";"a0024"
"2026-02-05 21:24:57.146";"a-pk-00000027";"a-pk-00000025";"a0024-t1";"a0024"
"2026-02-03 23:21:32.079";"a-pk-00000029";"a-pk-00000028";"a0024-t1";"a0024"
"2026-04-22 18:52:09.713";"b-pk-00000032";"b-pk-00000031";"b0025-t0";"b0025"
"2026-04-22 17:59:28.950";"b-pk-00000033";"b-pk-00000031";"b0025-t1";"b0025"
"2026-04-22 21:19:04.466";"b-pk-00000034";"b-pk-00000031";"b0025-t2";"b0025"
"2026-03-10 11:03:35.052";"b-pk-00000036";"b-pk-00000035";"b0025-t1";"b0025"
"2026-03-10 10:04:00.843";"b-pk-00000037";"b-pk-00000035";"b0025-t2";"b0025"
"2026-02-18 05:42:33.010";"b-pk-00000039";"b-pk-00000038";"b0025-t2";"b0025"
"2026-03-09 01:52:46.211";"b-pk-00000041";"b-pk-00000040";"b0025-t3";"b0025"
"2026-03-09 02:47:39.225";"b-pk-00000042";"b-pk-00000040";"b0025-t4";"b0025"
"2026-03-09 00:41:28.208";"b-pk-00000043";"b-pk-00000040";"b0025-t5";"b0025"
"2026-04-05 16:21:32.184";"b-pk-00000045";"b-pk-00000044";"b0025-t4";"b0025"
"2026-04-05 17:01:04.021";"b-pk-00000046";"b-pk-00000044";"b0025-t5";"b0025"
"2026-04-05 15:34:56.906";"b-pk-00000047";"b-pk-00000044";"b0025-t6";"b0025"
"2026-03-25 12:53:21.153";"c-pk-00000021";"c-pk-00000020";"c0026-t0";"c0026"
"2026-03-25 09:33:09.815";"c-pk-00000022";"c-pk-00000020";"c0026-t1";"c0026"
"2026-03-25 11:04:02.600";"c-pk-00000023";"c-pk-00000020";"c0026-t2";"c0026"
"2026-01-10 08:17:21.667";"c-pk-00000025";"c-pk-00000024";"c0026-t1";"c0026"
"2026-01-10 07:24:42.787";"c-pk-00000026";"c-pk-00000024";"c0026-t2";"c0026"
"2026-01-10 06:38:11.804";"c-pk-00000027";"c-pk-00000024";"c0026-t3";"c0026"
"2026-02-11 11:31:45.824";"c-pk-00000029";"c-pk-00000028";"c0026-t2";"c0026"
"2026-02-11 09:27:48.784";"c-pk-00000030";"c-pk-00000028";"c0026-t3";"c0026"
"2026-02-11 13:06:58.560";"c-pk-00000031";"c-pk-00000028";"c0026-t4";"c0026"
"2026-01-16 04:36:08.897";"c-pk-00000033";"c-pk-00000032";"c0026-t3";"c0026"
"2026-01-16 05:24:01.946";"c-pk-00000034";"c-pk-00000032";"c0026-t4";"c0026"
"2026-01-04 17:06:28.022";"a-pk-00000024";"a-pk-00000023";"a0027-t0";"a0027"
"2026-04-03 19:19:06.120";"a-pk-00000026";"a-pk-00000025";"a0027-t1";"a0027"
"2026-04-03 17:08:26.495";"a-pk-00000027";"a-pk-00000025";"a0027-t2";"a0027"
"2026-04-03 18:18:42.559";"a-pk-00000028";"a-pk-00000025";"a0027-t3";"a0027"
"2026-01-06 17:23:30.085";"a-pk-00000030";"a-pk-00000029";"a0027-t2";"a0027"
"2026-01-06 19:55:00.962";"a-pk-00000031";"a-pk-00000029";"a0027-t3";"a0027"
"2026-02-09 09:15:24.703";"a-pk-00000033";"a-pk-00000032";"a0027-t3";"a0027"
"2026-02-09 12:08:08.734";"a-pk-00000034";"a-pk-00000032";"a0027-t4";"a0027"
"2026-03-16 07:30:44.928";"b-pk-00000026";"b-pk-00000025";"b0028-t0";"b0028"
"2026-03-16 09:08:05.174";"b-pk-00000027";"b-pk-00000025";"b0028-t1";"b0028"
"2026-03-16 07:32:33.071";"b-pk-00000028";"b-pk-00000025";"b0028-t2";"b0028"
"2026-02-06 13:00:06.001";"b-pk-00000030";"b-pk-00000029";"b0028-t1";"b0028"
"2026-02-06 13:04:24.253";"b-pk-00000031";"b-pk-00000029";"b0028-t2";"b0028"
"2026-04-21 16:52:57.257";"c-pk-00000031";"c-pk-00000030";"c0029-t0";"c0029"
"2026-04-21 14:35:49.366";"c-pk-00000032";"c-pk-00000030";"c0029-t1";"c0029"
"2026-01-28 09:19:02.269";"c-pk-00000034";"c-pk-00000033";"c0029-t1";"c0029"
"2026-01-28 08:06:05.033";"c-pk-00000035";"c-pk-00000033";"c0029-t2";"c0029"
"2026-03-14 08:32:12.970";"c-pk-00000037";"c-pk-00000036";"c0029-t2";"c0029"
"2026-03-14 10:38:18.624";"c-pk-00000038";"c-pk-00000036";"c0029-t3";"c0029"
"2026-04-11 11:21:49.419";"a-pk-00000025";"a-pk-00000024";"a0030-t0";"a0030"
"2026-04-11 09:45:58.360";"a-pk-00000026";"a-pk-00000024";"a0030-t1";"a0030"
"2026-01-12 23:21:46.620";"a-pk-00000028";"a-pk-00000027";"a0030-t1";"a0030"
"2026-01-12 21:38:28.293";"a-pk-00000029";"a-pk-00000027";"a0030-t2";"a0030"
"2026-01-12 21:58:58.120";"a-pk-00000030";"a-pk-00000027";"a0030-t3";"a0030"
"2026-03-12 18:50:54.566";"b-pk-00000022";"b-pk-00000021";"b0031-t0";"b0031"
"2026-03-12 20:12:56.962";"b-pk-00000023";"b-pk-00000021";"b0031-t1";"b0031"
"2026-01-02 04:00:40.832";"b-pk-00000025";"b-pk-00000024";"b0031-t1";"b0031"
"2026-01-02 04:09:57.671";"b-pk-00000026";"b-pk-00000024";"b0031-t2";"b0031"
"2026-04-06 03:05:54.811";"b-pk-00000028";"b-pk-00000027";"b0031-t2";"b0031"
"2026-02-24 10:29:33.120";"c-pk-00000028";"c-pk-00000027";"c0032-t0";"c0032"
"2026-02-24 09:33:40.581";"c-pk-00000029";"c-pk-00000027";"c0032-t1";"c0032"
"2026-01-19 17:50:53.965";"c-pk-00000031";"c-pk-00000030";"c0032-t1";"c0032"
"2026-04-22 06:05:57.609";"a-pk-00000032";"a-pk-00000031";"a0033-t0";"a0033"
"2026-04-22 05:42:51.398";"a-pk-00000033";"a-pk-00000031";"a0033-t1";"a0033"
"2026-04-22 06:20:16.571";"a-pk-00000034";"a-pk-00000031";"a0033-t2";"a0033"
"2026-01-11 13:11:16.585";"a-pk-00000036";"a-pk-00000035";"a0033-t1";"a0033"
"2026-01-21 18:15:44.578";"a-pk-00000038";"a-pk-00000037";"a0033-t2";"a0033"
"2026-04-14 03:15:36.182";"a-pk-00000040";"a-pk-00000039";"a0033-t3";"a0033"
"2026-02-11 09:25:46.067";"b-pk-00000026";"b-pk-00000025";"b0034-t0";"b0034"
"2026-02-11 11:59:02.689";"b-pk-00000027";"b-pk-00000025";"b0034-t1";"b0034"
"2026-03-04 15:39:39.624";"b-pk-00000029";"b-pk-00000028";"b0034-t1";"b0034"
"2026-03-04 15:16:16.688";"b-pk-00000030";"b-pk-00000028";"b0034-t2";"b0034"
"2026-03-04 15:02:00.160";"b-pk-00000031";"b-pk-00000028";"b0034-t3";"b0034"
"2026-02-12 03:59:57.892";"c-pk-00000024";"c-pk-00000023";"c0035-t0";"c0035"
"2026-02-12 04:28:08.417";"c-pk-00000025";"c-pk-00000023";"c0035-t1";"c0035"
"2026-01-18 16:29:35.549";"c-pk-00000027";"c-pk-00000026";"c0035-t1";"c0035"
"2026-01-18 14:41:46.877";"c-pk-00000028";"c-pk-00000026";"c0035-t2";"c0035"
"2026-01-10 16:28:29.132";"c-pk-00000030";"c-pk-00000029";"c0035-t2";"c0035"
"2026-02-08 23:20:20.591";"c-pk-00000032";"c-pk-00000031";"c0035-t3";"c0035"
"2026-02-09 00:53:04.778";"c-pk-00000033";"c-pk-00000031";"c0035-t4";"c0035"
"2026-02-09 00:56:55.335";"c-pk-00000034";"c-pk-00000031";"c0035-t5";"c0035"
"2026-02-19 13:02:53.545";"a-pk-00000031";"a-pk-00000030";"a0036-t0";"a0036"
"2026-03-13 05:57:17.711";"a-pk-00000033";"a-pk-00000032";"a0036-t1";"a0036"
"2026-03-13 05:55:39.896";"a-pk-00000034";"a-pk-00000032";"a0036-t2";"a0036"
"2026-02-15 21:40:07.531";"a-pk-00000036";"a-pk-00000035";"a0036-t2";"a0036"
"2026-02-15 23:20:38.642";"a-pk-00000037";"a-pk-00000035";"a0036-t3";"a0036"
"2026-04-24 09:50:40.551";"a-pk-00000039";"a-pk-00000038";"a0036-t3";"a0036"
"2026-04-24 11:14:58.098";"a-pk-00000040";"a-pk-00000038";"a0036-t4";"a0036"
"2026-04-24 12:41:40.519";"a-pk-00000041";"a-pk-00000038";"a0036-t5";"a0036"
"2026-01-07 07:20:55.119";"b-pk-00000021";"b-pk-00000020";"b0037-t0";"b0037"
"2026-03-01 11:29:51.432";"b-pk-00000023";"b-pk-00000022";"b0037-t1";"b0037"
"2026-03-01 10:38:28.727";"b-pk-00000024";"b-pk-00000022";"b0037-t2";"b0037"
"2026-04-16 06:07:12.138";"c-pk-00000024";"c-pk-00000023";"c0038-t0";"c0038"
"2026-04-16 08:29:20.693";"c-pk-00000025";"c-pk-00000023";"c0038-t1";"c0038"
"2026-04-05 04:44:13.871";"c-pk-00000027";"c-pk-00000026";"c0038-t1";"c0038"
"2026-04-05 05:05:02.525";"c-pk-00000028";"c-pk-00000026";"c0038-t2";"c0038"
"2026-03-17 01:57:55.032";"c-pk-00000030";"c-pk-00000029";"c0038-t2";"c0038"
"2026-02-28 22:27:19.874";"c-pk-00000032";"c-pk-00000031";"c0038-t3";"c0038"
"2026-02-28 22:22:14.416";"c-pk-00000033";"c-pk-00000031";"c0038-t4";"c0038"
"2026-01-11 13:09:25.062";"a-pk-00000024";"a-pk-00000023";"a0039-t0";"a0039"
"2026-02-17 19:34:41.080";"a-pk-00000026";"a-pk-00000025";"a0039-t1";"a0039"
"2026-02-17 17:53:44.794";"a-pk-00000027";"a-pk-00000025";"a0039-t2";"a0039"
"2026-02-17 20:11:24.457";"a-pk-00000028";"a-pk-00000025";"a0039-t3";"a0039"
"2026-02-24 00:27:05.654";"b-pk-00000022";"b-pk-00000021";"b0040-t0";"b0040"
"2026-03-14 06:43:21.140";"b-pk-00000024";"b-pk-00000023";"b0040-t1";"b0040"
"2026-03-14 07:04:24.367";"b-pk-00000025";"b-pk-00000023";"b0040-t2";"b0040"
"2026-03-14 08:23:54.461";"b-pk-00000026";"b-pk-00000023";"b0040-t3";"b0040"
"2026-02-02 14:04:24.901";"b-pk-00000028";"b-pk-00000027";"b0040-t2";"b0040"
"2026-01-17 20:38:24.382";"b-pk-00000030";"b-pk-00000029";"b0040-t3";"b0040"
"2026-01-17 19:24:32.404";"b-pk-00000031";"b-pk-00000029";"b0040-t4";"b0040"
"2026-01-17 19:17:15.839";"b-pk-00000032";"b-pk-00000029";"b0040-t5";"b0040"
"2026-04-08 19:00:45.073";"b-pk-00000034";"b-pk-00000033";"b0040-t4";"b0040"
"2026-04-08 21:21:06.247";"b-pk-00000035";"b-pk-00000033";"b0040-t5";"b0040"
"2026-03-28 19:32:48.895";"c-pk-00000024";"c-pk-00000023";"c0041-t0";"c0041"
"2026-03-28 16:47:09.525";"c-pk-00000025";"c-pk-00000023";"c0041-t1";"c0041"
"2026-02-11 14:25:04.704";"c-pk-00000027";"c-pk-00000026";"c0041-t1";"c0041"
"2026-03-08 01:07:03.850";"c-pk-00000029";"c-pk-00000028";"c0041-t2";"c0041"
"2026-03-07 23:10:34.908";"c-pk-00000030";"c-pk-00000028";"c0041-t3";"c0041"
"2026-03-08 00:30:14.508";"c-pk-00000031";"c-pk-00000028";"c0041-t4";"c0041"
"2026-03-08 12:48:57.831";"c-pk-00000033";"c-pk-00000032";"c0041-t3";"c0041"
"2026-01-10 01:07:44.480";"a-pk-00000034";"a-pk-00000033";"a0042-t0";"a0042"
"2026-01-10 00:38:26.571";"a-pk-00000035";"a-pk-00000033";"a0042-t1";"a0042"
"2026-01-10 01:52:46.922";"a-pk-00000036";"a-pk-00000033";"a0042-t2";"a0042"
"2026-03-21 23:29:19.414";"a-pk-00000038";"a-pk-00000037";"a0042-t1";"a0042"
"2026-03-21 21:35:10.307";"a-pk-00000039";"a-pk-00000037";"a0042-t2";"a0042"
"2026-03-04 06:00:33.083";"a-pk-00000041";"a-pk-00000040";"a0042-t2";"a0042"
"2026-03-04 05:38:24.638";"a-pk-00000042";"a-pk-00000040";"a0042-t3";"a0042"
"2026-03-04 06:40:13.678";"a-pk-00000043";"a-pk-00000040";"a0042-t4";"a0042"
"2026-03-13 08:06:05.889";"b-pk-00000019";"b-pk-00000018";"b0043-t0";"b0043"
"2026-03-13 11:09:23.785";"b-pk-00000020";"b-pk-00000018";"b0043-t1";"b0043"
"2026-03-25 22:02:44.205";"b-pk-00000022";"b-pk-00000021";"b0043-t1";"b0043"
"2026-01-22 13:59:07.167";"b-pk-00000024";"b-pk-00000023";"b0043-t2";"b0043"
"2026-01-22 14:38:27.783";"b-pk-00000025";"b-pk-00000023";"b0043-t3";"b0043"
"2026-04-22 21:03:07.233";"c-pk-00000029";"c-pk-00000028";"c0044-t0";"c0044"
"2026-04-22 21:28:11.016";"c-pk-00000030";"c-pk-00000028";"c0044-t1";"c0044"
"2026-04-22 22:33:40.105";"c-pk-00000031";"c-pk-00000028";"c0044-t2";"c0044"
"2026-02-08 14:05:18.011";"c-pk-00000033";"c-pk-00000032";"c0044-t1";"c0044"
"2026-04-04 08:54:07.705";"c-pk-00000035";"c-pk-00000034";"c0044-t2";"c0044"
"2026-04-07 05:04:39.234";"a-pk-00000027";"a-pk-00000026";"a0045-t0";"a0045"
"2026-03-11 21:12:44.517";"a-pk-00000029";"a-pk-00000028";"a0045-t1";"a0045"
"2026-03-11 21:39:09.023";"a-pk-00000030";"a-pk-00000028";"a0045-t2";"a0045"
"2026-03-11 21:01:25.748";"a-pk-00000031";"a-pk-00000028";"a0045-t3";"a0045"
"2026-01-12 10:32:24.058";"a-pk-00000033";"a-pk-00000032";"a0045-t2";"a0045"
"2026-01-12 11:15:02.244";"a-pk-00000034";"a-pk-00000032";"a0045-t3";"a0045"
"2026-02-07 09:52:30.465";"a-pk-00000036";"a-pk-00000035";"a0045-t3";"a0045"
"2026-04-24 07:20:29.875";"a-pk-00000038";"a-pk-00000037";"a0045-t4";"a0045"
"2026-02-08 20:32:47.906";"b-pk-00000025";"b-pk-00000024";"b0046-t0";"b0046"
"2026-02-08 20:30:53.056";"b-pk-00000026";"b-pk-00000024";"b0046-t1";"b0046"
"2026-02-08 19:21:42.781";"b-pk-00000027";"b-pk-00000024";"b0046-t2";"b0046"
"2026-04-17 06:25:23.644";"b-pk-00000029";"b-pk-00000028";"b0046-t1";"b0046"
"2026-04-17 08:40:09.878";"b-pk-00000030";"b-pk-00000028";"b0046-t2";"b0046"
"2026-03-02 18:17:20.451";"b-pk-00000032";"b-pk-00000031";"b0046-t2";"b0046"
"2026-04-26 01:13:22.613";"c-pk-00000028";"c-pk-00000027";"c0047-t0";"c0047"
"2026-04-06 03:09:39.334";"c-pk-00000030";"c-pk-00000029";"c0047-t1";"c0047"
"2026-04-06 04:44:53.207";"c-pk-00000031";"c-pk-00000029";"c0047-t2";"c0047"
"2026-01-08 01:50:40.975";"c-pk-00000033";"c-pk-00000032";"c0047-t2";"c0047"
"2026-02-24 00:25:14.775";"c-pk-00000035";"c-pk-00000034";"c0047-t3";"c0047"
"2026-02-23 22:54:06.278";"c-pk-00000036";"c-pk-00000034";"c0047-t4";"c0047"
"2026-02-23 22:24:14.240";"c-pk-00000037";"c-pk-00000034";"c0047-t5";"c0047"
"2026-03-13 07:08:27.883";"c-pk-00000039";"c-pk-00000038";"c0047-t4";"c0047"
"2026-03-13 06:39:16.504";"c-pk-00000040";"c-pk-00000038";"c0047-t5";"c0047"
"2026-01-04 04:16:24.637";"a-pk-00000030";"a-pk-00000029";"a0048-t0";"a0048"
"2026-02-02 10:16:00.803";"a-pk-00000032";"a-pk-00000031";"a0048-t1";"a0048"
"2026-03-06 04:42:26.017";"a-pk-00000034";"a-pk-00000033";"a0048-t2";"a0048"
"2026-03-06 06:42:10.605";"a-pk-00000035";"a-pk-00000033";"a0048-t3";"a0048"
"2026-02-23 14:53:47.794";"a-pk-00000037";"a-pk-00000036";"a0048-t3";"a0048"
"2026-02-23 11:48:00.992";"a-pk-00000038";"a-pk-00000036";"a0048-t4";"a0048"
"2026-04-04 08:05:59.797";"a-pk-00000040";"a-pk-00000039";"a0048-t4";"a0048"
"2026-02-09 19:53:38.435";"b-pk-00000034";"b-pk-00000033";"b0049-t0";"b0049"
"2026-02-09 17:32:13.853";"b-pk-00000035";"b-pk-00000033";"b0049-t1";"b0049"
"2026-02-09 17:42:39.307";"b-pk-00000036";"b-pk-00000033";"b0049-t2";"b0049"
"2026-01-07 05:40:43.417";"b-pk-00000038";"b-pk-00000037";"b0049-t1";"b0049"
"2026-01-11 08:28:21.507";"b-pk-00000040";"b-pk-00000039";"b0049-t2";"b0049"
"2026-01-11 05:53:18.127";"b-pk-00000041";"b-pk-00000039";"b0049-t3";"b0049"
"2026-01-14 11:14:46.264";"b-pk-00000043";"b-pk-00000042";"b0049-t3";"b0049"
"2026-01-14 13:14:36.586";"b-pk-00000044";"b-pk-00000042";"b0049-t4";"b0049"
"2026-01-14 13:54:36.645";"b-pk-00000045";"b-pk-00000042";"b0049-t5";"b0049"
"2026-04-22 20:37:47.852";"c-pk-00000024";"c-pk-00000023";"c0050-t0";"c0050"
"2026-04-22 06:58:25.731";"c-pk-00000026";"c-pk-00000025";"c0050-t1";"c0050"
"2026-02-02 12:49:44.942";"c-pk-00000028";"c-pk-00000027";"c0050-t2";"c0050"
"2026-01-17 06:41:37.978";"c-pk-00000030";"c-pk-00000029";"c0050-t3";"c0050"
"2026-01-17 04:19:11.268";"c-pk-00000031";"c-pk-00000029";"c0050-t4";"c0050"
"2026-01-15 05:26:38.046";"a-pk-00000023";"a-pk-00000022";"a0051-t0";"a0051"
"2026-01-15 03:14:12.798";"a-pk-00000024";"a-pk-00000022";"a0051-t1";"a0051"
"2026-02-01 18:23:37.175";"a-pk-00000026";"a-pk-00000025";"a0051-t1";"a0051"
"2026-02-01 19:05:00.139";"a-pk-00000027";"a-pk-00000025";"a0051-t2";"a0051"
"2026-03-01 00:12:04.504";"b-pk-00000019";"b-pk-00000018";"b0052-t0";"b0052"
"2026-03-01 00:25:59.453";"b-pk-00000020";"b-pk-00000018";"b0052-t1";"b0052"
"2026-02-28 06:10:56.980";"b-pk-00000022";"b-pk-00000021";"b0052-t1";"b0052"
"2026-02-10 23:19:47.307";"b-pk-00000024";"b-pk-00000023";"b0052-t2";"b0052"
"2026-01-08 22:02:00.034";"b-pk-00000026";"b-pk-00000025";"b0052-t3";"b0052"
"2026-01-08 20:38:22.986";"b-pk-00000027";"b-pk-00000025";"b0052-t4";"b0052"
"2026-02-28 01:43:55.375";"c-pk-00000023";"c-pk-00000022";"c0053-t0";"c0053"
"2026-04-18 12:09:45.595";"c-pk-00000025";"c-pk-00000024";"c0053-t1";"c0053"
"2026-04-18 13:08:15.781";"c-pk-00000026";"c-pk-00000024";"c0053-t2";"c0053"
"2026-03-09 07:54:31.632";"a-pk-00000030";"a-pk-00000029";"a0054-t0";"a0054"
"2026-03-07 14:37:53.503";"a-pk-00000032";"a-pk-00000031";"a0054-t1";"a0054"
"2026-03-07 12:52:09.847";"a-pk-00000033";"a-pk-00000031";"a0054-t2";"a0054"
"2026-02-01 18:32:23.520";"a-pk-00000035";"a-pk-00000034";"a0054-t2";"a0054"
"2026-02-01 19:03:38.679";"a-pk-00000036";"a-pk-00000034";"a0054-t3";"a0054"
"2026-04-25 02:33:20.043";"b-pk-00000024";"b-pk-00000023";"b0055-t0";"b0055"
"2026-03-09 21:48:01.208";"b-pk-00000026";"b-pk-00000025";"b0055-t1";"b0055"
"2026-04-11 13:51:26.267";"b-pk-00000028";"b-pk-00000027";"b0055-t2";"b0055"
"2026-04-11 15:56:45.565";"b-pk-00000029";"b-pk-00000027";"b0055-t3";"b0055"
"2026-04-11 14:12:34.265";"b-pk-00000030";"b-pk-00000027";"b0055-t4";"b0055"
"2026-01-16 03:40:35.180";"c-pk-00000021";"c-pk-00000020";"c0056-t0";"c0056"
"2026-04-22 12:38:47.926";"c-pk-00000023";"c-pk-00000022";"c0056-t1";"c0056"
"2026-04-22 14:17:52.312";"c-pk-00000024";"c-pk-00000022";"c0056-t2";"c0056"
"2026-04-17 19:57:38.784";"c-pk-00000026";"c-pk-00000025";"c0056-t2";"c0056"
"2026-04-17 23:22:19.194";"c-pk-00000027";"c-pk-00000025";"c0056-t3";"c0056"
"2026-04-16 10:36:42.509";"c-pk-00000029";"c-pk-00000028";"c0056-t3";"c0056"
"2026-04-16 02:46:12.821";"a-pk-00000028";"a-pk-00000027";"a0057-t0";"a0057"
"2026-03-04 14:50:15.811";"a-pk-00000030";"a-pk-00000029";"a0057-t1";"a0057"
"2026-03-04 16:04:25.678";"a-pk-00000031";"a-pk-00000029";"a0057-t2";"a0057"
"2026-02-10 15:48:35.341";"b-pk-00000020";"b-pk-00000019";"b0058-t0";"b0058"
"2026-02-10 15:56:04.522";"b-pk-00000021";"b-pk-00000019";"b0058-t1";"b0058"
"2026-02-10 17:12:34.227";"b-pk-00000022";"b-pk-00000019";"b0058-t2";"b0058"
"2026-02-04 19:42:24.570";"b-pk-00000024";"b-pk-00000023";"b0058-t1";"b0058"
"2026-01-12 06:50:00.334";"b-pk-00000026";"b-pk-00000025";"b0058-t2";"b0058"
"2026-01-12 09:04:16.217";"b-pk-00000027";"b-pk-00000025";"b0058-t3";"b0058"
"2026-01-12 09:28:54.746";"b-pk-00000028";"b-pk-00000025";"b0058-t4";"b0058"
"2026-02-16 17:41:05.166";"b-pk-00000030";"b-pk-00000029";"b0058-t3";"b0058"
"2026-02-16 18:35:57.407";"b-pk-00000031";"b-pk-00000029";"b0058-t4";"b0058"
"2026-02-16 18:35:05.066";"b-pk-00000032";"b-pk-00000029";"b0058-t5";"b0058"
"2026-01-12 09:21:46.174";"c-pk-00000034";"c-pk-00000033";"c0059-t0";"c0059"
"2026-02-03 20:12:52.578";"c-pk-00000036";"c-pk-00000035";"c0059-t1";"c0059"
"2026-02-03 19:58:56.277";"c-pk-00000037";"c-pk-00000035";"c0059-t2";"c0059"
"2026-02-03 20:39:35.245";"c-pk-00000038";"c-pk-00000035";"c0059-t3";"c0059"
"2026-01-02 22:42:09.261";"c-pk-00000040";"c-pk-00000039";"c0059-t2";"c0059"
"2026-04-07 05:37:29.546";"c-pk-00000042";"c-pk-00000041";"c0059-t3";"c0059"
"2026-04-07 08:45:02.052";"c-pk-00000043";"c-pk-00000041";"c0059-t4";"c0059"
"2026-02-26 14:40:33.109";"a-pk-00000028";"a-pk-00000027";"a0060-t0";"a0060"
"2026-02-26 14:01:19.703";"a-pk-00000029";"a-pk-00000027";"a0060-t1";"a0060"
"2026-02-26 13:28:16.643";"a-pk-00000030";"a-pk-00000027";"a0060-t2";"a0060"
"2026-02-26 21:28:49.418";"a-pk-00000032";"a-pk-00000031";"a0060-t1";"a0060"
"2026-01-02 02:31:43.030";"a-pk-00000034";"a-pk-00000033";"a0060-t2";"a0060"
"2026-01-02 04:57:32.270";"a-pk-00000035";"a-pk-00000033";"a0060-t3";"a0060"
"2026-03-01 19:36:36.450";"a-pk-00000037";"a-pk-00000036";"a0060-t3";"a0060"
"2026-02-17 01:23:23.722";"b-pk-00000039";"b-pk-00000038";"b0061-t0";"b0061"
"2026-02-16 23:44:45.185";"b-pk-00000040";"b-pk-00000038";"b0061-t1";"b0061"
"2026-02-16 23:25:06.165";"b-pk-00000041";"b-pk-00000038";"b0061-t2";"b0061"
"2026-02-11 11:38:45.386";"b-pk-00000043";"b-pk-00000042";"b0061-t1";"b0061"
"2026-02-11 11:45:01.147";"b-pk-00000044";"b-pk-00000042";"b0061-t2";"b0061"
"2026-04-03 22:27:47.917";"b-pk-00000046";"b-pk-00000045";"b0061-t2";"b0061"
"2026-04-04 01:06:05.030";"b-pk-00000047";"b-pk-00000045";"b0061-t3";"b0061"
"2026-04-04 01:38:37.529";"b-pk-00000048";"b-pk-00000045";"b0061-t4";"b0061"
"2026-04-19 22:06:47.428";"b-pk-00000050";"b-pk-00000049";"b0061-t3";"b0061"
"2026-04-20 00:25:16.979";"b-pk-00000051";"b-pk-00000049";"b0061-t4";"b0061"
"2026-03-20 16:36:01.347";"b-pk-00000053";"b-pk-00000052";"b0061-t4";"b0061"
"2026-03-20 15:56:32.162";"b-pk-00000054";"b-pk-00000052";"b0061-t5";"b0061"
"2026-02-20 10:17:19.739";"c-pk-00000023";"c-pk-00000022";"c0062-t0";"c0062"
"2026-02-20 10:24:13.966";"c-pk-00000024";"c-pk-00000022";"c0062-t1";"c0062"
"2026-04-28 08:37:20.584";"c-pk-00000026";"c-pk-00000025";"c0062-t1";"c0062"
"2026-04-17 02:10:01.629";"a-pk-00000035";"a-pk-00000034";"a0063-t0";"a0063"
"2026-04-16 22:56:45.524";"a-pk-00000036";"a-pk-00000034";"a0063-t1";"a0063"
"2026-04-17 23:28:19.173";"a-pk-00000038";"a-pk-00000037";"a0063-t1";"a0063"
"2026-04-17 23:31:59.710";"a-pk-00000039";"a-pk-00000037";"a0063-t2";"a0063"
"2026-04-13 03:34:48.574";"a-pk-00000041";"a-pk-00000040";"a0063-t2";"a0063"
"2026-04-13 02:37:42.716";"a-pk-00000042";"a-pk-00000040";"a0063-t3";"a0063"
"2026-01-18 14:45:58.966";"a-pk-00000044";"a-pk-00000043";"a0063-t3";"a0063"
"2026-02-25 18:52:26.936";"a-pk-00000046";"a-pk-00000045";"a0063-t4";"a0063"
"2026-04-03 19:38:01.749";"b-pk-00000035";"b-pk-00000034";"b0064-t0";"b0064"
"2026-02-26 13:13:33.322";"b-pk-00000037";"b-pk-00000036";"b0064-t1";"b0064"
"2026-04-23 23:04:43.357";"c-pk-00000022";"c-pk-00000021";"c0065-t0";"c0065"
"2026-04-10 23:32:21.127";"c-pk-00000024";"c-pk-00000023";"c0065-t1";"c0065"
"2026-02-22 17:32:16.764";"a-pk-00000028";"a-pk-00000027";"a0066-t0";"a0066"
"2026-02-22 16:38:31.503";"a-pk-00000029";"a-pk-00000027";"a0066-t1";"a0066"
"2026-01-28 19:03:35.393";"a-pk-00000031";"a-pk-00000030";"a0066-t1";"a0066"
"2026-01-28 19:48:36.748";"a-pk-00000032";"a-pk-00000030";"a0066-t2";"a0066"
"2026-02-24 01:11:15.275";"a-pk-00000034";"a-pk-00000033";"a0066-t2";"a0066"
"2026-02-24 01:43:25.815";"a-pk-00000035";"a-pk-00000033";"a0066-t3";"a0066"
"2026-02-24 00:56:48.904";"a-pk-00000036";"a-pk-00000033";"a0066-t4";"a0066"
"2026-02-01 19:57:04.428";"a-pk-00000038";"a-pk-00000037";"a0066-t3";"a0066"
"2026-01-18 18:46:54.778";"b-pk-00000024";"b-pk-00000023";"b0067-t0";"b0067"
"2026-01-18 20:44:47.037";"b-pk-00000025";"b-pk-00000023";"b0067-t1";"b0067"
"2026-01-02 18:37:02.447";"b-pk-00000027";"b-pk-00000026";"b0067-t1";"b0067"
"2026-01-02 17:27:27.622";"b-pk-00000028";"b-pk-00000026";"b0067-t2";"b0067"
"2026-01-02 18:28:37.943";"b-pk-00000029";"b-pk-00000026";"b0067-t3";"b0067"
"2026-01-08 23:21:49.103";"b-pk-00000031";"b-pk-00000030";"b0067-t2";"b0067"
"2026-01-09 01:37:12.860";"b-pk-00000032";"b-pk-00000030";"b0067-t3";"b0067"
"2026-02-04 13:15:17.756";"b-pk-00000034";"b-pk-00000033";"b0067-t3";"b0067"
"2026-02-04 11:18:54.280";"b-pk-00000035";"b-pk-00000033";"b0067-t4";"b0067"
"2026-02-04 13:24:13.286";"b-pk-00000036";"b-pk-00000033";"b0067-t0";"b0067"
"2026-03-02 12:47:52.871";"b-pk-00000038";"b-pk-00000037";"b0067-t4";"b0067"
"2026-03-02 09:36:44.410";"b-pk-00000039";"b-pk-00000037";"b0067-t0";"b0067"
"2026-03-02 11:42:00.116";"b-pk-00000040";"b-pk-00000037";"b0067-t1";"b0067"
"2026-02-15 16:03:46.211";"c-pk-00000025";"c-pk-00000024";"c0068-t0";"c0068"
"2026-01-11 02:29:18.629";"c-pk-00000027";"c-pk-00000026";"c0068-t1";"c0068"
"2026-01-11 04:56:41.646";"c-pk-00000028";"c-pk-00000026";"c0068-t2";"c0068"
"2026-03-14 09:27:44.964";"c-pk-00000030";"c-pk-00000029";"c0068-t2";"c0068"
"2026-03-14 10:16:32.723";"c-pk-00000031";"c-pk-00000029";"c0068-t3";"c0068"
"2026-03-14 12:19:33.012";"c-pk-00000032";"c-pk-00000029";"c0068-t4";"c0068"
"2026-04-02 04:21:18.098";"c-pk-00000034";"c-pk-00000033";"c0068-t3";"c0068"
"2026-04-02 02:27:02.157";"c-pk-00000035";"c-pk-00000033";"c0068-t4";"c0068"
"2026-01-14 23:40:24.735";"a-pk-00000023";"a-pk-00000022";"a0069-t0";"a0069"
"2026-02-19 22:42:59.979";"a-pk-00000025";"a-pk-00000024";"a0069-t1";"a0069"
"2026-02-19 22:14:03.546";"a-pk-00000026";"a-pk-00000024";"a0069-t2";"a0069"
"2026-02-19 22:41:52.288";"a-pk-00000027";"a-pk-00000024";"a0069-t3";"a0069"
"2026-01-27 19:02:16.010";"a-pk-00000029";"a-pk-00000028";"a0069-t2";"a0069"
"2026-01-23 07:57:07.007";"b-pk-00000024";"b-pk-00000023";"b0070-t0";"b0070"
"2026-04-10 03:48:41.307";"b-pk-00000026";"b-pk-00000025";"b0070-t1";"b0070"
"2026-01-20 11:13:25.569";"b-pk-00000028";"b-pk-00000027";"b0070-t2";"b0070"
"2026-01-20 11:44:46.465";"b-pk-00000029";"b-pk-00000027";"b0070-t3";"b0070"
"2026-03-24 23:10:36.689";"b-pk-00000031";"b-pk-00000030";"b0070-t3";"b0070"
"2026-03-24 21:08:04.571";"b-pk-00000032";"b-pk-00000030";"b0070-t4";"b0070"
"2026-03-24 22:39:24.118";"b-pk-00000033";"b-pk-00000030";"b0070-t0";"b0070"
"2026-01-27 03:11:33.647";"c-pk-00000025";"c-pk-00000024";"c0071-t0";"c0071"
"2026-01-27 01:29:16.343";"c-pk-00000026";"c-pk-00000024";"c0071-t1";"c0071"
"2026-01-27 00:42:11.154";"c-pk-00000027";"c-pk-00000024";"c0071-t2";"c0071"
"2026-02-22 16:22:28.155";"c-pk-00000029";"c-pk-00000028";"c0071-t1";"c0071"
"2026-03-07 01:54:23.613";"c-pk-00000031";"c-pk-00000030";"c0071-t2";"c0071"
"2026-03-07 02:51:41.514";"c-pk-00000032";"c-pk-00000030";"c0071-t3";"c0071"
"2026-02-10 09:22:52.438";"a-pk-00000032";"a-pk-00000031";"a0072-t0";"a0072"
"2026-02-10 07:45:56.619";"a-pk-00000033";"a-pk-00000031";"a0072-t1";"a0072"
"2026-02-01 07:06:29.071";"a-pk-00000035";"a-pk-00000034";"a0072-t1";"a0072"
"2026-03-27 03:40:39.946";"a-pk-00000037";"a-pk-00000036";"a0072-t2";"a0072"
"2026-03-27 01:46:11.907";"a-pk-00000038";"a-pk-00000036";"a0072-t3";"a0072"
"2026-03-27 02:50:56.008";"a-pk-00000039";"a-pk-00000036";"a0072-t4";"a0072"
"2026-01-13 00:05:20.764";"b-pk-00000024";"b-pk-00000023";"b0073-t0";"b0073"
"2026-01-12 22:54:21.683";"b-pk-00000025";"b-pk-00000023";"b0073-t1";"b0073"
"2026-01-12 23:24:51.238";"b-pk-00000026";"b-pk-00000023";"b0073-t2";"b0073"
"2026-04-15 01:38:17.919";"b-pk-00000028";"b-pk-00000027";"b0073-t1";"b0073"
"2026-04-15 00:29:04.543";"b-pk-00000029";"b-pk-00000027";"b0073-t2";"b0073"
"2026-02-14 09:19:01.454";"b-pk-00000031";"b-pk-00000030";"b0073-t2";"b0073"
"2026-02-14 09:40:27.707";"b-pk-00000032";"b-pk-00000030";"b0073-t3";"b0073"
"2026-01-20 00:43:30.594";"b-pk-00000034";"b-pk-00000033";"b0073-t3";"b0073"
"2026-02-26 10:44:09.858";"b-pk-00000036";"b-pk-00000035";"b0073-t4";"b0073"
"2026-02-26 11:26:32.570";"b-pk-00000037";"b-pk-00000035";"b0073-t5";"b0073"
"2026-02-13 11:50:56.633";"c-pk-00000037";"c-pk-00000036";"c0074-t0";"c0074"
"2026-02-13 11:31:14.100";"c-pk-00000038";"c-pk-00000036";"c0074-t1";"c0074"
"2026-02-13 20:53:35.001";"c-pk-00000040";"c-pk-00000039";"c0074-t1";"c0074"
"2026-02-13 20:51:45.299";"c-pk-00000041";"c-pk-00000039";"c0074-t2";"c0074"
"2026-02-13 20:26:58.609";"c-pk-00000042";"c-pk-00000039";"c0074-t3";"c0074"
"2026-02-24 05:03:09.760";"a-pk-00000020";"a-pk-00000019";"a0075-t0";"a0075"
"2026-02-24 08:50:28.148";"a-pk-00000021";"a-pk-00000019";"a0075-t1";"a0075"
"2026-01-03 17:43:04.847";"a-pk-00000023";"a-pk-00000022";"a0075-t1";"a0075"
"2026-01-03 19:31:31.693";"a-pk-00000024";"a-pk-00000022";"a0075-t2";"a0075"
"2026-01-03 19:23:43.627";"a-pk-00000025";"a-pk-00000022";"a0075-t3";"a0075"
"2026-03-27 20:18:19.529";"a-pk-00000027";"a-pk-00000026";"a0075-t2";"a0075"
"2026-03-27 21:40:03.566";"a-pk-00000028";"a-pk-00000026";"a0075-t3";"a0075"
"2026-01-01 16:34:42.762";"a-pk-00000030";"a-pk-00000029";"a0075-t3";"a0075"
"2026-01-01 16:47:19.424";"a-pk-00000031";"a-pk-00000029";"a0075-t4";"a0075"
"2026-03-14 17:35:06.699";"b-pk-00000035";"b-pk-00000034";"b0076-t0";"b0076"
"2026-03-14 14:33:33.290";"b-pk-00000036";"b-pk-00000034";"b0076-t1";"b0076"
"2026-03-14 16:44:33.992";"b-pk-00000037";"b-pk-00000034";"b0076-t2";"b0076"
"2026-03-20 21:55:55.046";"b-pk-00000039";"b-pk-00000038";"b0076-t1";"b0076"
"2026-03-20 21:03:28.729";"b-pk-00000040";"b-pk-00000038";"b0076-t2";"b0076"
"2026-03-06 21:11:49.502";"b-pk-00000042";"b-pk-00000041";"b0076-t2";"b0076"
"2026-03-06 19:17:51.176";"b-pk-00000043";"b-pk-00000041";"b0076-t3";"b0076"
"2026-03-04 21:13:17.023";"c-pk-00000039";"c-pk-00000038";"c0077-t0";"c0077"
"2026-03-04 19:35:17.939";"c-pk-00000040";"c-pk-00000038";"c0077-t1";"c0077"
"2026-03-04 20:45:58.391";"c-pk-00000041";"c-pk-00000038";"c0077-t2";"c0077"
"2026-04-23 22:01:06.648";"c-pk-00000043";"c-pk-00000042";"c0077-t1";"c0077"
"2026-04-12 20:48:57.003";"c-pk-00000045";"c-pk-00000044";"c0077-t2";"c0077"
"2026-04-12 20:28:32.582";"c-pk-00000046";"c-pk-00000044";"c0077-t3";"c0077"
"2026-04-12 21:24:18.677";"c-pk-00000047";"c-pk-00000044";"c0077-t4";"c0077"
"2026-03-16 07:26:39.752";"c-pk-00000049";"c-pk-00000048";"c0077-t3";"c0077"
"2026-03-16 05:21:24.824";"c-pk-00000050";"c-pk-00000048";"c0077-t4";"c0077"
"2026-04-18 17:27:15.246";"a-pk-00000034";"a-pk-00000033";"a0078-t0";"a0078"
"2026-04-18 17:00:26.115";"a-pk-00000035";"a-pk-00000033";"a0078-t1";"a0078"
"2026-03-07 12:45:44.679";"a-pk-00000037";"a-pk-00000036";"a0078-t1";"a0078"
"2026-03-07 11:57:21.915";"a-pk-00000038";"a-pk-00000036";"a0078-t2";"a0078"
"2026-03-07 14:26:45.710";"a-pk-00000039";"a-pk-00000036";"a0078-t3";"a0078"
"2026-04-05 06:48:19.664";"a-pk-00000041";"a-pk-00000040";"a0078-t2";"a0078"
"2026-04-05 06:58:52.219";"a-pk-00000042";"a-pk-00000040";"a0078-t3";"a0078"
"2026-04-05 08:02:05.321";"a-pk-00000043";"a-pk-00000040";"a0078-t4";"a0078"
"2026-02-08 05:01:04.418";"a-pk-00000045";"a-pk-00000044";"a0078-t3";"a0078"
"2026-02-08 06:18:25.159";"a-pk-00000046";"a-pk-00000044";"a0078-t4";"a0078"
"2026-02-08 07:57:20.931";"a-pk-00000047";"a-pk-00000044";"a0078-t5";"a0078"
"2026-03-21 23:35:26.999";"a-pk-00000049";"a-pk-00000048";"a0078-t4";"a0078"
"2026-03-21 22:02:29.733";"a-pk-00000050";"a-pk-00000048";"a0078-t5";"a0078"
"2026-04-12 10:05:28.245";"b-pk-00000028";"b-pk-00000027";"b0079-t0";"b0079"
"2026-04-12 12:19:51.334";"b-pk-00000029";"b-pk-00000027";"b0079-t1";"b0079"
"2026-01-16 13:15:49.783";"b-pk-00000031";"b-pk-00000030";"b0079-t1";"b0079"
"2026-01-05 17:41:43.951";"b-pk-00000033";"b-pk-00000032";"b0079-t2";"b0079"
"2026-01-05 19:22:17.877";"b-pk-00000034";"b-pk-00000032";"b0079-t3";"b0079"
"2026-04-23 00:36:27.259";"b-pk-00000036";"b-pk-00000035";"b0079-t3";"b0079"
"2026-04-23 02:31:53.237";"b-pk-00000037";"b-pk-00000035";"b0079-t4";"b0079"
"2026-02-12 19:50:29.769";"c-pk-00000036";"c-pk-00000035";"c0080-t0";"c0080"
"2026-02-12 20:12:52.195";"c-pk-00000037";"c-pk-00000035";"c0080-t1";"c0080"
"2026-03-08 00:45:54.887";"c-pk-00000039";"c-pk-00000038";"c0080-t1";"c0080"
"2026-04-04 11:18:48.419";"a-pk-00000021";"a-pk-00000020";"a0081-t0";"a0081"
"2026-04-04 11:47:32.860";"a-pk-00000022";"a-pk-00000020";"a0081-t1";"a0081"
"2026-04-04 14:05:58.123";"a-pk-00000023";"a-pk-00000020";"a0081-t2";"a0081"
"2026-04-05 03:57:51.056";"a-pk-00000025";"a-pk-00000024";"a0081-t1";"a0081"
"2026-03-08 19:13:34.284";"b-pk-00000016";"b-pk-00000015";"b0082-t0";"b0082"
"2026-03-08 16:43:17.581";"b-pk-00000017";"b-pk-00000015";"b0082-t1";"b0082"
"2026-04-11 09:07:16.796";"b-pk-00000019";"b-pk-00000018";"b0082-t1";"b0082"
"2026-04-11 09:51:28.413";"b-pk-00000020";"b-pk-00000018";"b0082-t2";"b0082"
"2026-01-01 05:29:57.377";"b-pk-00000022";"b-pk-00000021";"b0082-t2";"b0082"
"2026-01-01 07:21:51.754";"b-pk-00000023";"b-pk-00000021";"b0082-t3";"b0082"
"2026-01-27 09:03:36.130";"b-pk-00000025";"b-pk-00000024";"b0082-t3";"b0082"
"2026-04-17 19:56:09.849";"b-pk-00000027";"b-pk-00000026";"b0082-t4";"b0082"
"2026-04-17 19:41:40.831";"b-pk-00000028";"b-pk-00000026";"b0082-t0";"b0082"
"2026-02-03 11:25:44.718";"c-pk-00000023";"c-pk-00000022";"c0083-t0";"c0083"
"2026-02-03 12:15:39.383";"c-pk-00000024";"c-pk-00000022";"c0083-t1";"c0083"
"2026-02-03 09:00:32.581";"c-pk-00000025";"c-pk-00000022";"c0083-t2";"c0083"
"2026-01-16 23:43:17.356";"c-pk-00000027";"c-pk-00000026";"c0083-t1";"c0083"
"2026-01-16 21:57:38.395";"c-pk-00000028";"c-pk-00000026";"c0083-t2";"c0083"
"2026-01-21 01:32:57.170";"a-pk-00000024";"a-pk-00000023";"a0084-t0";"a0084"
"2026-01-21 01:53:31.543";"a-pk-00000025";"a-pk-00000023";"a0084-t1";"a0084"
"2026-04-20 02:53:24.742";"a-pk-00000027";"a-pk-00000026";"a0084-t1";"a0084"
"2026-04-20 01:17:12.149";"a-pk-00000028";"a-pk-00000026";"a0084-t2";"a0084"
"2026-04-20 02:00:19.520";"a-pk-00000029";"a-pk-00000026";"a0084-t3";"a0084"
"2026-03-03 21:23:22.500";"a-pk-00000031";"a-pk-00000030";"a0084-t2";"a0084"
"2026-03-03 21:29:37.323";"a-pk-00000032";"a-pk-00000030";"a0084-t3";"a0084"
"2026-03-03 21:06:22.069";"a-pk-00000033";"a-pk-00000030";"a0084-t4";"a0084"
"2026-01-23 21:38:30.610";"b-pk-00000022";"b-pk-00000021";"b0085-t0";"b0085"
"2026-01-23 22:16:18.046";"b-pk-00000023";"b-pk-00000021";"b0085-t1";"b0085"
"2026-01-23 19:54:54.812";"b-pk-00000024";"b-pk-00000021";"b0085-t2";"b0085"
"2026-03-19 14:48:08.339";"b-pk-00000026";"b-pk-00000025";"b0085-t1";"b0085"
"2026-03-19 15:28:46.994";"b-pk-00000027";"b-pk-00000025";"b0085-t2";"b0085"
"2026-03-19 14:05:48.895";"b-pk-00000028";"b-pk-00000025";"b0085-t3";"b0085"
"2026-03-11 21:53:12.795";"b-pk-00000030";"b-pk-00000029";"b0085-t2";"b0085"
"2026-01-06 21:29:30.694";"c-pk-00000028";"c-pk-00000027";"c0086-t0";"c0086"
"2026-01-06 21:39:20.039";"c-pk-00000029";"c-pk-00000027";"c0086-t1";"c0086"
"2026-01-06 21:26:22.598";"c-pk-00000030";"c-pk-00000027";"c0086-t2";"c0086"
"2026-02-09 12:53:45.837";"c-pk-00000032";"c-pk-00000031";"c0086-t1";"c0086"
"2026-02-19 23:48:24.087";"c-pk-00000034";"c-pk-00000033";"c0086-t2";"c0086"
"2026-02-06 15:42:30.331";"c-pk-00000036";"c-pk-00000035";"c0086-t3";"c0086"
"2026-02-06 15:09:42.554";"c-pk-00000037";"c-pk-00000035";"c0086-t4";"c0086"
"2026-04-26 07:05:01.720";"c-pk-00000039";"c-pk-00000038";"c0086-t4";"c0086"
"2026-04-26 07:45:58.515";"c-pk-00000040";"c-pk-00000038";"c0086-t5";"c0086"
"2026-02-22 17:12:59.561";"a-pk-00000025";"a-pk-00000024";"a0087-t0";"a0087"
"2026-02-22 16:58:15.735";"a-pk-00000026";"a-pk-00000024";"a0087-t1";"a0087"
"2026-02-03 11:52:41.258";"a-pk-00000028";"a-pk-00000027";"a0087-t1";"a0087"
"2026-02-03 12:26:13.813";"a-pk-00000029";"a-pk-00000027";"a0087-t2";"a0087"
"2026-02-03 13:16:54.082";"a-pk-00000030";"a-pk-00000027";"a0087-t3";"a0087"
"2026-03-14 06:25:43.530";"a-pk-00000032";"a-pk-00000031";"a0087-t2";"a0087"
"2026-03-14 05:16:50.465";"a-pk-00000033";"a-pk-00000031";"a0087-t3";"a0087"
"2026-03-14 05:00:45.537";"a-pk-00000034";"a-pk-00000031";"a0087-t4";"a0087"
"2026-04-21 03:16:20.540";"b-pk-00000020";"b-pk-00000019";"b0088-t0";"b0088"
"2026-04-21 02:59:59.805";"b-pk-00000021";"b-pk-00000019";"b0088-t1";"b0088"
"2026-04-21 05:02:27.389";"b-pk-00000022";"b-pk-00000019";"b0088-t2";"b0088"
"2026-01-10 10:53:20.338";"b-pk-00000024";"b-pk-00000023";"b0088-t1";"b0088"
"2026-01-10 10:04:16.476";"b-pk-00000025";"b-pk-00000023";"b0088-t2";"b0088"
"2026-04-01 01:53:56.499";"b-pk-00000027";"b-pk-00000026";"b0088-t2";"b0088"
"2026-04-01 02:28:55.651";"b-pk-00000028";"b-pk-00000026";"b0088-t3";"b0088"
"2026-03-07 03:25:22.253";"b-pk-00000030";"b-pk-00000029";"b0088-t3";"b0088"
"2026-03-14 19:23:32.021";"b-pk-00000032";"b-pk-00000031";"b0088-t4";"b0088"
"2026-03-14 18:13:43.671";"b-pk-00000033";"b-pk-00000031";"b0088-t5";"b0088"
"2026-02-24 07:06:02.732";"c-pk-00000019";"c-pk-00000018";"c0089-t0";"c0089"
"2026-02-24 08:57:39.355";"c-pk-00000020";"c-pk-00000018";"c0089-t1";"c0089"
"2026-02-13 02:02:45.095";"c-pk-00000022";"c-pk-00000021";"c0089-t1";"c0089"
"2026-02-13 01:43:35.687";"c-pk-00000023";"c-pk-00000021";"c0089-t2";"c0089"
"2026-02-13 02:07:30.056";"c-pk-00000024";"c-pk-00000021";"c0089-t3";"c0089"
"2026-03-26 01:22:06.287";"c-pk-00000026";"c-pk-00000025";"c0089-t2";"c0089"
"2026-03-26 00:33:26.611";"c-pk-00000027";"c-pk-00000025";"c0089-t3";"c0089"
"2026-04-14 00:59:16.593";"c-pk-00000029";"c-pk-00000028";"c0089-t3";"c0089"
"2026-04-28 03:33:59.902";"c-pk-00000031";"c-pk-00000030";"c0089-t4";"c0089"
"2026-04-28 05:17:15.710";"c-pk-00000032";"c-pk-00000030";"c0089-t5";"c0089"
"2026-04-22 17:05:08.573";"a-pk-00000022";"a-pk-00000021";"a0090-t0";"a0090"
"2026-02-24 23:35:19.122";"a-pk-00000024";"a-pk-00000023";"a0090-t1";"a0090"
"2026-01-10 15:33:35.894";"a-pk-00000026";"a-pk-00000025";"a0090-t2";"a0090"
"2026-01-10 16:12:47.217";"a-pk-00000027";"a-pk-00000025";"a0090-t3";"a0090"
"2026-01-10 15:25:08.788";"a-pk-00000028";"a-pk-00000025";"a0090-t4";"a0090"
"2026-03-23 05:53:52.248";"a-pk-00000030";"a-pk-00000029";"a0090-t3";"a0090"
"2026-03-23 06:00:52.953";"a-pk-00000031";"a-pk-00000029";"a0090-t4";"a0090"
"2026-03-23 05:40:41.088";"a-pk-00000032";"a-pk-00000029";"a0090-t5";"a0090"
"2026-03-10 10:40:38.148";"b-pk-00000020";"b-pk-00000019";"b0091-t0";"b0091"
"2026-03-10 12:29:45.461";"b-pk-00000021";"b-pk-00000019";"b0091-t1";"b0091"
"2026-02-21 22:03:02.628";"b-pk-00000023";"b-pk-00000022";"b0091-t1";"b0091"
"2026-04-22 23:03:46.371";"b-pk-00000025";"b-pk-00000024";"b0091-t2";"b0091"
"2026-04-23 00:54:00.697";"b-pk-00000026";"b-pk-00000024";"b0091-t3";"b0091"
"2026-01-05 12:01:30.891";"b-pk-00000028";"b-pk-00000027";"b0091-t3";"b0091"
"2026-01-05 11:18:18.581";"b-pk-00000029";"b-pk-00000027";"b0091-t4";"b0091"
"2026-04-08 05:59:59.579";"b-pk-00000031";"b-pk-00000030";"b0091-t4";"b0091"
"2026-03-19 21:24:25.195";"c-pk-00000038";"c-pk-00000037";"c0092-t0";"c0092"
"2026-03-15 14:05:07.729";"c-pk-00000040";"c-pk-00000039";"c0092-t1";"c0092"
"2026-03-15 14:26:20.531";"c-pk-00000041";"c-pk-00000039";"c0092-t2";"c0092"
"2026-03-19 02:00:50.786";"c-pk-00000043";"c-pk-00000042";"c0092-t2";"c0092"
"2026-03-19 00:58:09.611";"c-pk-00000044";"c-pk-00000042";"c0092-t3";"c0092"
"2026-01-27 17:39:22.295";"a-pk-00000023";"a-pk-00000022";"a0093-t0";"a0093"
"2026-01-07 06:38:29.749";"a-pk-00000025";"a-pk-00000024";"a0093-t1";"a0093"
"2026-01-07 09:52:57.898";"a-pk-00000026";"a-pk-00000024";"a0093-t2";"a0093"
"2026-01-07 09:59:43.223";"a-pk-00000027";"a-pk-00000024";"a0093-t3";"a0093"
"2026-04-18 14:21:12.990";"a-pk-00000029";"a-pk-00000028";"a0093-t2";"a0093"
"2026-04-07 07:49:10.802";"b-pk-00000032";"b-pk-00000031";"b0094-t0";"b0094"
"2026-04-07 09:24:57.485";"b-pk-00000033";"b-pk-00000031";"b0094-t1";"b0094"
"2026-03-04 12:43:00.546";"b-pk-00000035";"b-pk-00000034";"b0094-t1";"b0094"
"2026-01-22 21:10:12.269";"b-pk-00000037";"b-pk-00000036";"b0094-t2";"b0094"
"2026-03-07 13:25:06.419";"b-pk-00000039";"b-pk-00000038";"b0094-t3";"b0094"
"2026-03-07 10:38:06.778";"b-pk-00000040";"b-pk-00000038";"b0094-t4";"b0094"
"2026-03-07 12:28:56.743";"b-pk-00000041";"b-pk-00000038";"b0094-t0";"b0094"
"2026-04-28 18:56:28.130";"b-pk-00000043";"b-pk-00000042";"b0094-t4";"b0094"
"2026-03-11 20:06:03.208";"c-pk-00000030";"c-pk-00000029";"c0095-t0";"c0095"
"2026-03-11 18:52:40.993";"c-pk-00000031";"c-pk-00000029";"c0095-t1";"c0095"
"2026-03-11 21:14:32.495";"c-pk-00000032";"c-pk-00000029";"c0095-t2";"c0095"
"2026-04-14 16:25:05.090";"c-pk-00000034";"c-pk-00000033";"c0095-t1";"c0095"
"2026-01-25 13:08:52.377";"a-pk-00000035";"a-pk-00000034";"a0096-t0";"a0096"
"2026-01-25 13:06:22.198";"a-pk-00000036";"a-pk-00000034";"a0096-t1";"a0096"
"2026-04-23 01:04:29.989";"a-pk-00000038";"a-pk-00000037";"a0096-t1";"a0096"
"2026-04-23 04:12:53.451";"a-pk-00000039";"a-pk-00000037";"a0096-t2";"a0096"
"2026-01-04 08:07:38.867";"a-pk-00000041";"a-pk-00000040";"a0096-t2";"a0096"
"2026-01-04 07:41:08.389";"a-pk-00000042";"a-pk-00000040";"a0096-t3";"a0096"
"2026-02-18 01:12:54.192";"b-pk-00000029";"b-pk-00000028";"b0097-t0";"b0097"
"2026-04-20 02:21:56.549";"b-pk-00000031";"b-pk-00000030";"b0097-t1";"b0097"
"2026-03-11 01:04:30.498";"b-pk-00000033";"b-pk-00000032";"b0097-t2";"b0097"
"2026-03-11 03:46:23.607";"b-pk-00000034";"b-pk-00000032";"b0097-t3";"b0097"
"2026-04-05 10:46:06.182";"c-pk-00000028";"c-pk-00000027";"c0098-t0";"c0098"
"2026-04-05 11:57:23.444";"c-pk-00000029";"c-pk-00000027";"c0098-t1";"c0098"
"2026-04-05 13:05:15.976";"c-pk-00000030";"c-pk-00000027";"c0098-t2";"c0098"
"2026-02-19 20:13:24.170";"c-pk-00000032";"c-pk-00000031";"c0098-t1";"c0098"
"2026-04-18 23:06:11.376";"c-pk-00000034";"c-pk-00000033";"c0098-t2";"c0098"
"2026-04-18 22:56:48.072";"c-pk-00000035";"c-pk-00000033";"c0098-t3";"c0098"
"2026-04-18 23:58:38.742";"c-pk-00000036";"c-pk-00000033";"c0098-t4";"c0098"
"2026-04-22 20:44:41.383";"c-pk-00000038";"c-pk-00000037";"c0098-t3";"c0098"
"2026-01-03 03:35:26.695";"a-pk-00000017";"a-pk-00000016";"a0099-t0";"a0099"
"2026-01-03 01:40:56.983";"a-pk-00000018";"a-pk-00000016";"a0099-t1";"a0099"
"2026-01-03 02:12:45.773";"a-pk-00000019";"a-pk-00000016";"a0099-t2";"a0099"
"2026-04-05 23:08:18.448";"a-pk-00000021";"a-pk-00000020";"a0099-t1";"a0099"
"2026-04-06 01:00:54.885";"a-pk-00000022";"a-pk-00000020";"a0099-t2";"a0099"
"2026-01-07 18:40:59.230";"a-pk-00000024";"a-pk-00000023";"a0099-t2";"a0099"
"2026-01-07 16:40:46.369";"a-pk-00000025";"a-pk-00000023";"a0099-t3";"a0099"
"2026-01-19 08:28:52.984";"a-pk-00000027";"a-pk-00000026";"a0099-t3";"a0099"
"2026-01-19 10:50:03.412";"a-pk-00000028";"a-pk-00000026";"a0099-t4";"a0099"
"2026-01-19 11:40:40.745";"a-pk-00000029";"a-pk-00000026";"a0099-t5";"a0099"
"2026-01-08 21:43:32.400";"a-pk-00000031";"a-pk-00000030";"a0099-t4";"a0099"
"2026-01-08 23:45:58.033";"a-pk-00000032";"a-pk-00000030";"a0099-t5";"a0099"
