"created_at";"pk_id";"wok_player_limit_pk_id";"game_type_request_datetime";"game_type_start_datetime";"game_type_end_datetime";"game_type_type";"game_type_time_window"
"2026-01-10 11:57:59.815";"a-pk-00000043";"a-pk-00000039";"2026-03-19 17:09:27.130";"2026-03-19 18:32:24.366";"NULL";"SPORTSBOOK";"Month"
"2026-04-15 11:32:37.111";"b-pk-00000098";"b-pk-00000094";"2026-02-14 16:07:47.065";"2026-02-15 07:34:19.226";"NULL";"SPORTSBOOK";"Month"
"2026-01-03 00:16:13.855";"c-pk-00000047";"c-pk-00000044";"2026-04-05 22:30:28.630";"2026-04-06 03:38:03.962";"NULL";"CASINO";"Day"
"2026-04-20 13:15:55.923";"a-pk-00000033";"a-pk-00000029";"2026-04-08 04:06:03.297";"2026-04-08 09:34:55.335";"NULL";"CASINO";"Day"
"2026-04-19 07:31:35.670";"b-pk-00000053";"b-pk-00000050";"2026-04-10 04:12:21.235";"2026-04-11 03:35:42.263";"NULL";"CASINO";"Month"
"2026-03-18 13:29:14.816";"c-pk-00000038";"c-pk-00000035";"2026-02-08 16:11:35.163";"2026-02-09 06:02:15.188";"NULL";"SPORTSBOOK";"Month"
"2026-03-03 01:58:14.918";"a-pk-00000049";"a-pk-00000047";"2026-02-14 15:03:09.728";"2026-02-15 08:48:35.717";"NULL";"CASINO";"Week"
"2026-02-14 03:32:46.632";"b-pk-00000079";"b-pk-00000076";"2026-01-17 08:39:38.717";"2026-01-17 12:41:56.116";"NULL";"SPORTSBOOK";"Week"
"2026-04-18 10:29:50.833";"a-pk-00000039";"a-pk-00000036";"2026-04-02 20:08:30.159";"2026-04-03 10:17:29.760";"NULL";"SPORTSBOOK";"Month"
"2026-01-11 02:09:38.956";"b-pk-00000038";"b-pk-00000034";"2026-02-09 22:15:31.185";"2026-02-10 03:32:24.507";"NULL";"CASINO";"Week"
"2026-03-04 00:53:43.140";"a-pk-00000044";"a-pk-00000040";"2026-02-06 06:01:11.863";"2026-02-06 18:58:52.806";"NULL";"SPORTSBOOK";"Week"
"2026-02-10 10:30:09.249";"b-pk-00000051";"b-pk-00000048";"2026-02-16 18:57:28.835";"2026-02-16 20:53:02.708";"NULL";"CASINO";"Month"
"2026-03-15 20:09:54.516";"a-pk-00000040";"a-pk-00000037";"2026-02-19 16:32:54.320";"2026-02-19 20:10:52.133";"NULL";"SPORTSBOOK";"Week"
"2026-03-01 07:52:18.944";"b-pk-00000055";"b-pk-00000051";"2026-01-16 07:03:38.553";"2026-01-16 15:39:02.720";"NULL";"CASINO";"Day"
"2026-01-03 07:27:39.379";"a-pk-00000029";"a-pk-00000025";"2026-01-08 01:53:24.188";"2026-01-08 16:52:11.146";"NULL";"CASINO";"Month"
"2026-01-05 15:04:59.069";"c-pk-00000032";"c-pk-00000029";"2026-03-11 18:48:36.040";"2026-03-11 23:35:45.104";"NULL";"SPORTSBOOK";"Month"
"2026-01-01 21:54:32.444";"b-pk-00000046";"b-pk-00000044";"2026-01-01 05:30:48.229";"2026-01-02 02:01:13.929";"NULL";"CASINO";"Day"
"2026-04-09 01:10:38.634";"a-pk-00000036";"a-pk-00000032";"2026-03-20 05:30:14.570";"2026-03-20 07:36:42.736";"NULL";"SPORTSBOOK";"Week"
"2026-03-15 00:59:51.279";"c-pk-00000030";"c-pk-00000026";"2026-01-06 18:38:56.964";"2026-01-07 09:53:04.735";"NULL";"CASINO";"Week"
"2026-01-16 16:43:42.656";"a-pk-00000036";"a-pk-00000033";"2026-01-17 07:34:27.571";"2026-01-18 00:09:17.629";"NULL";"SPORTSBOOK";"Week"
"2026-04-08 04:39:59.006";"b-pk-00000048";"b-pk-00000044";"2026-01-05 03:05:24.402";"2026-01-05 12:43:21.694";"NULL";"CASINO";"Week"
"2026-01-09 05:24:07.955";"c-pk-00000041";"c-pk-00000038";"2026-03-05 07:23:49.734";"2026-03-05 17:09:52.683";"NULL";"CASINO";"Month"
"2026-03-13 12:48:34.288";"a-pk-00000077";"a-pk-00000075";"2026-02-11 19:02:51.978";"2026-02-12 03:45:49.519";"NULL";"SPORTSBOOK";"Day"
"2026-01-09 10:36:00.908";"c-pk-00000052";"c-pk-00000049";"2026-01-19 07:39:31.854";"2026-01-19 08:27:18.814";"NULL";"SPORTSBOOK";"Day"
"2026-02-19 08:48:05.145";"a-pk-00000039";"a-pk-00000036";"2026-01-13 00:09:21.185";"2026-01-13 22:51:07.017";"NULL";"CASINO";"Week"
"2026-01-07 10:13:46.561";"c-pk-00000034";"c-pk-00000031";"2026-04-13 21:13:09.489";"2026-04-14 10:55:39.427";"NULL";"SPORTSBOOK";"Week"
"2026-02-03 21:49:15.980";"b-pk-00000044";"b-pk-00000041";"2026-01-07 22:44:37.548";"2026-01-08 09:54:56.703";"NULL";"SPORTSBOOK";"Day"
"2026-04-16 06:41:10.075";"c-pk-00000044";"c-pk-00000041";"2026-03-13 03:00:03.508";"2026-03-13 19:57:25.063";"NULL";"SPORTSBOOK";"Week"
"2026-03-07 03:43:51.327";"a-pk-00000043";"a-pk-00000040";"2026-03-02 22:24:16.749";"2026-03-03 22:08:14.478";"NULL";"SPORTSBOOK";"Week"
"2026-03-07 10:49:28.949";"c-pk-00000071";"c-pk-00000067";"2026-02-12 21:01:52.873";"2026-02-13 02:01:02.784";"NULL";"SPORTSBOOK";"Day"
"2026-01-08 19:38:21.972";"c-pk-00000075";"c-pk-00000072";"2026-02-03 19:53:27.246";"2026-02-03 22:25:54.762";"NULL";"CASINO";"Day"
"2026-02-13 23:14:44.863";"a-pk-00000036";"a-pk-00000033";"2026-01-09 17:14:31.699";"2026-01-09 19:57:19.352";"NULL";"SPORTSBOOK";"Month"
"2026-02-07 07:23:28.695";"c-pk-00000032";"c-pk-00000029";"2026-04-08 07:06:34.073";"2026-04-08 21:30:39.488";"NULL";"SPORTSBOOK";"Week"
"2026-02-13 21:03:26.662";"a-pk-00000053";"a-pk-00000051";"2026-04-20 19:53:15.075";"2026-04-21 00:17:11.949";"NULL";"SPORTSBOOK";"Month"
"2026-02-19 15:25:40.469";"a-pk-00000075";"a-pk-00000072";"2026-01-17 23:46:02.681";"2026-01-18 07:52:35.522";"NULL";"CASINO";"Day"
"2026-01-20 09:44:34.787";"c-pk-00000044";"c-pk-00000040";"2026-01-01 11:56:05.033";"2026-01-01 20:41:50.131";"NULL";"SPORTSBOOK";"Week"
"2026-01-08 23:53:36.618";"a-pk-00000026";"a-pk-00000023";"2026-04-09 12:57:06.758";"2026-04-10 10:46:36.591";"NULL";"SPORTSBOOK";"Week"
"2026-01-14 02:09:57.629";"b-pk-00000044";"b-pk-00000041";"2026-03-16 14:29:49.888";"2026-03-17 08:03:21.621";"NULL";"CASINO";"Day"
"2026-03-13 20:29:14.540";"c-pk-00000064";"c-pk-00000061";"2026-01-12 18:26:40.803";"2026-01-13 07:48:33.805";"NULL";"CASINO";"Week"
"2026-04-16 22:17:06.402";"a-pk-00000049";"a-pk-00000045";"2026-03-14 13:57:51.280";"2026-03-14 21:51:22.785";"NULL";"SPORTSBOOK";"Day"
"2026-01-09 14:14:28.103";"b-pk-00000060";"b-pk-00000056";"2026-01-05 11:41:31.912";"2026-01-06 07:56:04.820";"NULL";"CASINO";"Month"
"2026-04-03 15:00:34.011";"c-pk-00000040";"c-pk-00000037";"2026-04-03 16:27:50.676";"2026-04-04 14:23:09.624";"NULL";"SPORTSBOOK";"Month"
"2026-03-19 08:10:04.637";"b-pk-00000034";"b-pk-00000031";"2026-04-11 18:22:59.370";"2026-04-12 02:49:30.587";"NULL";"SPORTSBOOK";"Day"
"2026-01-05 19:38:42.637";"c-pk-00000044";"c-pk-00000040";"2026-01-04 23:23:10.211";"2026-01-05 13:07:34.200";"NULL";"SPORTSBOOK";"Day"
"2026-03-01 08:29:41.572";"a-pk-00000041";"a-pk-00000038";"2026-03-05 23:52:26.314";"2026-03-06 06:31:15.700";"NULL";"SPORTSBOOK";"Week"
"2026-01-03 06:52:32.984";"c-pk-00000047";"c-pk-00000044";"2026-03-17 03:18:07.291";"2026-03-17 15:40:51.720";"NULL";"CASINO";"Month"
"2026-04-05 21:43:08.695";"a-pk-00000041";"a-pk-00000037";"2026-04-19 09:08:03.738";"2026-04-19 17:04:41.983";"NULL";"CASINO";"Week"
"2026-03-13 00:37:06.143";"b-pk-00000038";"b-pk-00000034";"2026-02-18 11:57:41.886";"2026-02-18 16:06:42.907";"NULL";"CASINO";"Day"
"2026-03-03 21:17:57.163";"c-pk-00000083";"c-pk-00000080";"2026-01-16 10:20:54.609";"2026-01-16 12:27:03.905";"NULL";"CASINO";"Month"
"2026-04-02 04:56:09.681";"b-pk-00000044";"b-pk-00000040";"2026-03-11 02:59:57.494";"2026-03-11 10:02:32.004";"NULL";"CASINO";"Month"
"2026-03-08 10:10:51.283";"c-pk-00000040";"c-pk-00000037";"2026-03-20 20:14:20.415";"2026-03-21 18:07:35.481";"NULL";"CASINO";"Month"
"2026-03-16 14:23:25.635";"a-pk-00000053";"a-pk-00000050";"2026-02-12 13:30:13.656";"2026-02-12 23:23:23.784";"NULL";"CASINO";"Day"
"2026-03-09 18:45:31.589";"a-pk-00000050";"a-pk-00000048";"2026-03-05 14:59:13.760";"2026-03-06 11:27:22.917";"NULL";"CASINO";"Day"
"2026-01-14 12:22:31.871";"b-pk-00000047";"b-pk-00000044";"2026-04-12 13:43:22.507";"2026-04-13 07:14:02.098";"NULL";"SPORTSBOOK";"Day"
"2026-02-04 09:02:28.976";"b-pk-00000094";"b-pk-00000091";"2026-01-13 17:59:51.689";"2026-01-14 01:43:21.200";"NULL";"SPORTSBOOK";"Month"
