"AanmaakDatumTijd";"pk_id";"record_id";"extraction_date";"operator_id";"data_safe_id";"replaced_record_id";"game_id";"game_type";"game_commercial_name";"game_datetime_introduction";"game_datetime_active";"game_datetime_inactive"
"2026-01-01 23:17:15.3744854";"a-pk-00000001";"rec-1";"2026-06-30 23:59:59.000";"a";"PROD_a";"NULL";"a-game-000";"TABLE";"PNG Colt Lightning Firestorm";"2026-01-01 23:17:15.3744854";"2026-01-01 23:17:15.3744854";"NULL"
"2026-01-22 23:57:34.1458591";"a-pk-00000002";"rec-2";"2026-06-30 23:59:59.000";"a";"PROD_a";"NULL";"a-game-001";"BINGO";"Starburst";"2026-01-22 23:57:34.1458591";"2026-01-22 23:57:34.1458591";"NULL"
"2026-01-01 02:13:14.8478454";"a-pk-00000003";"rec-3";"2026-06-30 23:59:59.000";"a";"PROD_a";"NULL";"a-game-002";"SLOTS";"Book of Dead";"2026-01-01 02:13:14.8478454";"2026-01-01 02:13:14.8478454";"NULL"
"2026-02-23 20:44:34.7038374";"a-pk-00000004";"rec-4";"2026-06-30 23:59:59.000";"a";"PROD_a";"NULL";"a-game-003";"TABLE";"Gonzo Quest";"2026-02-23 20:44:34.7038374";"2026-02-23 20:44:34.7038374";"NULL"
"2026-04-19 08:51:55.0109031";"a-pk-00000005";"rec-5";"2026-06-30 23:59:59.000";"a";"PROD_a";"NULL";"a-game-004";"TABLE";"Blackjack VIP";"2026-04-19 08:51:55.0109031";"2026-04-19 08:51:55.0109031";"NULL"
"2026-04-11 08:09:13.5647119";"a-pk-00000006";"rec-6";"2026-06-30 23:59:59.000";"a";"PROD_a";"NULL";"a-game-005";"SLOTS";"Lightning Roulette";"2026-04-11 08:09:13.5647119";"2026-04-11 08:09:13.5647119";"NULL"
"2026-01-13 03:22:54.5770619";"a-pk-00000007";"rec-7";"2026-06-30 23:59:59.000";"a";"PROD_a";"NULL";"a-game-006";"LIVE";"Mega Moolah";"2026-01-13 03:22:54.5770619";"2026-01-13 03:22:54.5770619";"NULL"
"2026-01-24 14:34:07.6350753";"a-pk-00000008";"rec-8";"2026-06-30 23:59:59.000";"a";"PROD_a";"NULL";"a-game-007";"SLOTS";"Sweet Bonanza";"2026-01-24 14:34:07.6350753";"2026-01-24 14:34:07.6350753";"NULL"
"2026-04-26 21:55:47.4163555";"b-pk-00000001";"rec-1";"2026-06-30 23:59:59.000";"b";"PROD_b";"NULL";"b-game-000";"LIVE";"PNG Colt Lightning Firestorm";"2026-04-26 21:55:47.4163555";"2026-04-26 21:55:47.4163555";"NULL"
"2026-02-26 22:06:24.0649691";"b-pk-00000002";"rec-2";"2026-06-30 23:59:59.000";"b";"PROD_b";"NULL";"b-game-001";"BINGO";"Starburst";"2026-02-26 22:06:24.0649691";"2026-02-26 22:06:24.0649691";"NULL"
"2026-02-07 14:22:19.3818418";"b-pk-00000003";"rec-3";"2026-06-30 23:59:59.000";"b";"PROD_b";"NULL";"b-game-002";"TABLE";"Book of Dead";"2026-02-07 14:22:19.3818418";"2026-02-07 14:22:19.3818418";"NULL"
"2026-01-22 06:25:21.4674183";"b-pk-00000004";"rec-4";"2026-06-30 23:59:59.000";"b";"PROD_b";"NULL";"b-game-003";"SLOTS";"Gonzo Quest";"2026-01-22 06:25:21.4674183";"2026-01-22 06:25:21.4674183";"NULL"
"2026-03-12 20:32:25.8996207";"b-pk-00000005";"rec-5";"2026-06-30 23:59:59.000";"b";"PROD_b";"NULL";"b-game-004";"LIVE";"Blackjack VIP";"2026-03-12 20:32:25.8996207";"2026-03-12 20:32:25.8996207";"NULL"
"2026-01-04 08:11:37.4453786";"b-pk-00000006";"rec-6";"2026-06-30 23:59:59.000";"b";"PROD_b";"NULL";"b-game-005";"SLOTS";"Lightning Roulette";"2026-01-04 08:11:37.4453786";"2026-01-04 08:11:37.4453786";"NULL"
"2026-01-20 13:22:46.5262632";"b-pk-00000007";"rec-7";"2026-06-30 23:59:59.000";"b";"PROD_b";"NULL";"b-game-006";"BINGO";"Mega Moolah";"2026-01-20 13:22:46.5262632";"2026-01-20 13:22:46.5262632";"NULL"
"2026-01-13 18:12:16.0744682";"b-pk-00000008";"rec-8";"2026-06-30 23:59:59.000";"b";"PROD_b";"NULL";"b-game-007";"BINGO";"Sweet Bonanza";"2026-01-13 18:12:16.0744682";"2026-01-13 18:12:16.0744682";"NULL"
"2026-03-15 20:01:03.8035982";"c-pk-00000001";"rec-1";"2026-06-30 23:59:59.000";"c";"PROD_c";"NULL";"c-game-000";"BINGO";"PNG Colt Lightning Firestorm";"2026-03-15 20:01:03.8035982";"2026-03-15 20:01:03.8035982";"NULL"
"2026-04-22 03:31:45.7441741";"c-pk-00000002";"rec-2";"2026-06-30 23:59:59.000";"c";"PROD_c";"NULL";"c-game-001";"SLOTS";"Starburst";"2026-04-22 03:31:45.7441741";"2026-04-22 03:31:45.7441741";"NULL"
"2026-01-11 19:09:04.2117143";"c-pk-00000003";"rec-3";"2026-06-30 23:59:59.000";"c";"PROD_c";"NULL";"c-game-002";"LIVE";"Book of Dead";"2026-01-11 19:09:04.2117143";"2026-01-11 19:09:04.2117143";"NULL"
"2026-03-13 19:33:18.7612081";"c-pk-00000004";"rec-4";"2026-06-30 23:59:59.000";"c";"PROD_c";"NULL";"c-game-003";"BINGO";"Gonzo Quest";"2026-03-13 19:33:18.7612081";"2026-03-13 19:33:18.7612081";"NULL"
"2026-01-26 22:07:54.9249870";"c-pk-00000005";"rec-5";"2026-06-30 23:59:59.000";"c";"PROD_c";"NULL";"c-game-004";"TABLE";"Blackjack VIP";"2026-01-26 22:07:54.9249870";"2026-01-26 22:07:54.9249870";"NULL"
"2026-04-15 07:26:21.7608449";"c-pk-00000006";"rec-6";"2026-06-30 23:59:59.000";"c";"PROD_c";"NULL";"c-game-005";"BINGO";"Lightning Roulette";"2026-04-15 07:26:21.7608449";"2026-04-15 07:26:21.7608449";"NULL"
"2026-04-24 03:20:27.5243275";"c-pk-00000007";"rec-7";"2026-06-30 23:59:59.000";"c";"PROD_c";"NULL";"c-game-006";"LIVE";"Mega Moolah";"2026-04-24 03:20:27.5243275";"2026-04-24 03:20:27.5243275";"NULL"
"2026-03-05 21:59:30.1126310";"c-pk-00000008";"rec-8";"2026-06-30 23:59:59.000";"c";"PROD_c";"NULL";"c-game-007";"SLOTS";"Sweet Bonanza";"2026-03-05 21:59:30.1126310";"2026-03-05 21:59:30.1126310";"NULL"
