"created_at";"pk_id";"record_id";"extraction_date";"operator_id";"data_safe_id";"replaced_record_id";"bet_id";"bet_start_datetime";"bet_cancellation_reason";"bet_type";"bet_xy";"bet_commission";"bet_total_stake";"bet_status"
"2026-02-22 15:35:10.271";"a-pk-00000021";"rec-a-pk-00000021";"2026-06-30 23:59:59.000";"a";"ds-a0000";"NULL";"a0000-b0";"2026-04-27 02:48:34.784";"NULL";"SINGLE";"NULL";"1,06";"12,53";"BET_WON"
"2026-04-08 15:51:26.194";"a-pk-00000024";"rec-a-pk-00000024";"2026-06-30 23:59:59.000";"a";"ds-a0000";"NULL";"a0000-b1";"2026-02-09 21:31:13.552";"NULL";"SINGLE";"NULL";"0,19";"13,52";"BET_LOST"
"2026-02-06 13:31:30.218";"a-pk-00000027";"rec-a-pk-00000027";"2026-06-30 23:59:59.000";"a";"ds-a0000";"NULL";"a0000-b2";"2026-01-02 20:34:53.015";"NULL";"SINGLE";"NULL";"1,73";"18,15";"BET_WON"
"2026-04-09 13:16:53.083";"b-pk-00000028";"rec-b-pk-00000028";"2026-06-30 23:59:59.000";"b";"ds-b0001";"NULL";"b0001-b0";"2026-03-13 10:13:29.334";"NULL";"COMBINED";"NULL";"0,94";"60,17";"BET_PLACED"
"2026-03-01 13:52:31.108";"b-pk-00000033";"rec-b-pk-00000033";"2026-06-30 23:59:59.000";"b";"ds-b0001";"NULL";"b0001-b1";"2026-01-12 17:27:42.379";"NULL";"SINGLE";"NULL";"0,87";"29,61";"BET_CANCELLED"
"2026-03-20 22:56:17.569";"b-pk-00000036";"rec-b-pk-00000036";"2026-06-30 23:59:59.000";"b";"ds-b0001";"NULL";"b0001-b2";"2026-02-16 06:22:51.264";"NULL";"COMBINED";"NULL";"0,02";"75,90";"BET_PLACED"
"2026-02-11 03:47:34.973";"b-pk-00000040";"rec-b-pk-00000040";"2026-06-30 23:59:59.000";"b";"ds-b0001";"NULL";"b0001-b3";"2026-04-09 09:16:14.123";"NULL";"SYSTEM";"NULL";"1,52";"15,63";"BET_WON"
"2026-02-06 17:04:10.002";"b-pk-00000046";"rec-b-pk-00000046";"2026-06-30 23:59:59.000";"b";"ds-b0001";"NULL";"b0001-b4";"2026-02-21 06:16:42.083";"NULL";"SINGLE";"NULL";"0,82";"55,46";"BET_CANCELLED"
"2026-04-04 14:44:19.716";"b-pk-00000049";"rec-b-pk-00000049";"2026-06-30 23:59:59.000";"b";"ds-b0001";"NULL";"b0001-b5";"2026-03-20 23:52:36.943";"NULL";"COMBINED";"NULL";"0,81";"22,51";"BET_CANCELLED"
"2026-04-14 01:12:33.370";"b-pk-00000054";"rec-b-pk-00000054";"2026-06-30 23:59:59.000";"b";"ds-b0001";"NULL";"b0001-b6";"2026-04-28 16:52:00.673";"NULL";"SYSTEM";"NULL";"1,25";"40,38";"BET_CANCELLED"
"2026-04-08 14:35:09.392";"b-pk-00000058";"rec-b-pk-00000058";"2026-06-30 23:59:59.000";"b";"ds-b0001";"NULL";"b0001-b7";"2026-03-17 22:17:26.854";"NULL";"COMBINED";"NULL";"0,38";"48,35";"BET_WON"
"2026-03-02 07:25:38.056";"c-pk-00000017";"rec-c-pk-00000017";"2026-06-30 23:59:59.000";"c";"ds-c0002";"NULL";"c0002-b0";"2026-01-10 21:43:37.498";"NULL";"SYSTEM";"NULL";"0,02";"6,73";"BET_WON"
"2026-01-13 00:20:10.820";"c-pk-00000020";"rec-c-pk-00000020";"2026-06-30 23:59:59.000";"c";"ds-c0002";"NULL";"c0002-b1";"2026-04-19 12:45:40.427";"NULL";"COMBINED";"NULL";"1,90";"9,74";"BET_LOST"
"2026-02-25 20:04:11.974";"c-pk-00000024";"rec-c-pk-00000024";"2026-06-30 23:59:59.000";"c";"ds-c0002";"NULL";"c0002-b2";"2026-02-08 03:09:16.202";"NULL";"SINGLE";"NULL";"1,55";"10,39";"BET_CANCELLED"
"2026-04-26 18:41:12.329";"c-pk-00000028";"rec-c-pk-00000028";"2026-06-30 23:59:59.000";"c";"ds-c0002";"NULL";"c0002-b3";"2026-04-15 18:35:50.756";"NULL";"SINGLE";"NULL";"1,21";"10,53";"BET_PLACED"
"2026-02-11 02:37:42.144";"c-pk-00000032";"rec-c-pk-00000032";"2026-06-30 23:59:59.000";"c";"ds-c0002";"NULL";"c0002-b4";"2026-04-10 08:46:54.672";"NULL";"SYSTEM";"NULL";"1,83";"6,89";"BET_CANCELLED"
"2026-01-26 11:27:56.409";"a-pk-00000009";"rec-a-pk-00000009";"2026-06-30 23:59:59.000";"a";"ds-a0003";"NULL";"a0003-b0";"2026-03-12 01:55:41.339";"NULL";"COMBINED";"NULL";"1,49";"18,00";"BET_CANCELLED"
"2026-03-12 12:36:02.619";"a-pk-00000014";"rec-a-pk-00000014";"2026-06-30 23:59:59.000";"a";"ds-a0003";"NULL";"a0003-b1";"2026-04-02 04:04:15.797";"NULL";"SYSTEM";"NULL";"0,31";"9,55";"BET_LOST"
"2026-03-25 09:45:13.706";"b-pk-00000015";"rec-b-pk-00000015";"2026-06-30 23:59:59.000";"b";"ds-b0004";"NULL";"b0004-b0";"2026-04-07 07:17:35.305";"NULL";"SINGLE";"NULL";"1,41";"7,02";"BET_LOST"
"2026-02-21 07:03:06.423";"b-pk-00000019";"rec-b-pk-00000019";"2026-06-30 23:59:59.000";"b";"ds-b0004";"NULL";"b0004-b1";"2026-01-20 23:37:15.248";"NULL";"SINGLE";"NULL";"0,66";"9,98";"BET_WON"
"2026-03-02 00:19:36.617";"b-pk-00000022";"rec-b-pk-00000022";"2026-06-30 23:59:59.000";"b";"ds-b0004";"NULL";"b0004-b2";"2026-02-02 12:50:31.190";"NULL";"SYSTEM";"NULL";"0,21";"19,68";"BET_LOST"
"2026-03-06 12:43:32.945";"b-pk-00000027";"rec-b-pk-00000027";"2026-06-30 23:59:59.000";"b";"ds-b0004";"NULL";"b0004-b3";"2026-03-23 07:03:42.121";"NULL";"COMBINED";"NULL";"1,79";"14,37";"BET_LOST"
"2026-01-10 13:11:49.138";"b-pk-00000032";"rec-b-pk-00000032";"2026-06-30 23:59:59.000";"b";"ds-b0004";"NULL";"b0004-b4";"2026-01-18 01:59:57.070";"NULL";"COMBINED";"NULL";"1,53";"19,59";"BET_CANCELLED"
"2026-02-07 22:56:36.486";"c-pk-00000010";"rec-c-pk-00000010";"2026-06-30 23:59:59.000";"c";"ds-c0005";"NULL";"c0005-b0";"2026-03-19 03:57:33.941";"NULL";"SINGLE";"NULL";"0,54";"18,56";"BET_LOST"
"2026-02-27 02:21:38.787";"c-pk-00000014";"rec-c-pk-00000014";"2026-06-30 23:59:59.000";"c";"ds-c0005";"NULL";"c0005-b1";"2026-01-17 23:22:03.100";"NULL";"COMBINED";"NULL";"1,23";"12,32";"BET_LOST"
"2026-01-05 02:11:27.459";"c-pk-00000018";"rec-c-pk-00000018";"2026-06-30 23:59:59.000";"c";"ds-c0005";"NULL";"c0005-b2";"2026-01-01 09:28:23.779";"NULL";"COMBINED";"NULL";"1,11";"10,74";"BET_PLACED"
"2026-02-24 20:31:38.631";"c-pk-00000021";"rec-c-pk-00000021";"2026-06-30 23:59:59.000";"c";"ds-c0005";"NULL";"c0005-b3";"2026-04-10 15:50:04.369";"NULL";"COMBINED";"NULL";"0,39";"3,03";"BET_LOST"
"2026-01-24 20:48:15.304";"a-pk-00000011";"rec-a-pk-00000011";"2026-06-30 23:59:59.000";"a";"ds-a0006";"NULL";"a0006-b0";"2026-01-25 23:28:34.223";"NULL";"COMBINED";"NULL";"1,75";"1,61";"BET_LOST"
"2026-04-05 18:40:17.642";"a-pk-00000015";"rec-a-pk-00000015";"2026-06-30 23:59:59.000";"a";"ds-a0006";"NULL";"a0006-b1";"2026-03-27 07:48:53.692";"NULL";"COMBINED";"NULL";"0,83";"9,59";"BET_PLACED"
"2026-01-21 11:16:05.380";"a-pk-00000020";"rec-a-pk-00000020";"2026-06-30 23:59:59.000";"a";"ds-a0006";"NULL";"a0006-b2";"2026-02-21 09:10:55.955";"NULL";"COMBINED";"NULL";"1,33";"13,33";"BET_PLACED"
"2026-01-05 03:37:46.393";"a-pk-00000025";"rec-a-pk-00000025";"2026-06-30 23:59:59.000";"a";"ds-a0006";"NULL";"a0006-b3";"2026-04-20 21:28:55.222";"NULL";"SINGLE";"NULL";"0,70";"9,16";"BET_WON"
"2026-04-28 18:26:23.559";"a-pk-00000029";"rec-a-pk-00000029";"2026-06-30 23:59:59.000";"a";"ds-a0006";"NULL";"a0006-b4";"2026-01-17 00:23:59.324";"NULL";"SINGLE";"NULL";"1,37";"15,49";"BET_PLACED"
"2026-01-25 07:36:54.816";"b-pk-00000016";"rec-b-pk-00000016";"2026-06-30 23:59:59.000";"b";"ds-b0007";"NULL";"b0007-b0";"2026-02-04 07:42:15.272";"NULL";"SYSTEM";"NULL";"0,78";"74,88";"BET_WON"
"2026-01-01 04:37:45.939";"b-pk-00000020";"rec-b-pk-00000020";"2026-06-30 23:59:59.000";"b";"ds-b0007";"NULL";"b0007-b1";"2026-02-11 22:11:58.821";"NULL";"COMBINED";"NULL";"0,28";"9,76";"BET_LOST"
"2026-01-23 18:25:54.789";"b-pk-00000024";"rec-b-pk-00000024";"2026-06-30 23:59:59.000";"b";"ds-b0007";"NULL";"b0007-b2";"2026-03-24 22:18:08.181";"NULL";"SYSTEM";"NULL";"1,93";"3,56";"BET_LOST"
"2026-02-07 13:44:35.739";"b-pk-00000030";"rec-b-pk-00000030";"2026-06-30 23:59:59.000";"b";"ds-b0007";"NULL";"b0007-b3";"2026-02-20 13:10:03.103";"NULL";"COMBINED";"NULL";"1,85";"43,67";"BET_LOST"
"2026-03-26 17:26:48.603";"b-pk-00000034";"rec-b-pk-00000034";"2026-06-30 23:59:59.000";"b";"ds-b0007";"NULL";"b0007-b4";"2026-01-05 22:42:06.087";"NULL";"SYSTEM";"NULL";"0,46";"5,82";"BET_CANCELLED"
"2026-04-02 12:56:56.339";"b-pk-00000040";"rec-b-pk-00000040";"2026-06-30 23:59:59.000";"b";"ds-b0007";"NULL";"b0007-b5";"2026-02-09 12:09:39.623";"NULL";"SYSTEM";"NULL";"1,38";"4,89";"BET_CANCELLED"
"2026-01-09 20:20:00.721";"c-pk-00000008";"rec-c-pk-00000008";"2026-06-30 23:59:59.000";"c";"ds-c0008";"NULL";"c0008-b0";"2026-04-16 03:56:26.451";"NULL";"SINGLE";"NULL";"1,74";"10,97";"BET_WON"
"2026-04-13 07:05:29.454";"c-pk-00000012";"rec-c-pk-00000012";"2026-06-30 23:59:59.000";"c";"ds-c0008";"NULL";"c0008-b1";"2026-02-11 08:03:32.228";"NULL";"SYSTEM";"NULL";"1,60";"9,51";"BET_CANCELLED"
"2026-01-26 16:10:26.556";"a-pk-00000012";"rec-a-pk-00000012";"2026-06-30 23:59:59.000";"a";"ds-a0009";"NULL";"a0009-b0";"2026-01-26 22:20:33.225";"NULL";"SINGLE";"NULL";"1,07";"2,75";"BET_WON"
"2026-03-01 16:52:49.383";"a-pk-00000015";"rec-a-pk-00000015";"2026-06-30 23:59:59.000";"a";"ds-a0009";"NULL";"a0009-b1";"2026-03-13 03:24:16.553";"NULL";"SYSTEM";"NULL";"1,03";"10,67";"BET_CANCELLED"
"2026-01-02 05:50:16.571";"a-pk-00000019";"rec-a-pk-00000019";"2026-06-30 23:59:59.000";"a";"ds-a0009";"NULL";"a0009-b2";"2026-02-01 14:45:21.038";"NULL";"SINGLE";"NULL";"0,14";"16,61";"BET_LOST"
"2026-02-05 23:25:50.816";"a-pk-00000023";"rec-a-pk-00000023";"2026-06-30 23:59:59.000";"a";"ds-a0009";"NULL";"a0009-b3";"2026-04-27 21:01:30.160";"NULL";"SYSTEM";"NULL";"1,70";"6,60";"BET_WON"
"2026-04-12 03:09:27.667";"b-pk-00000014";"rec-b-pk-00000014";"2026-06-30 23:59:59.000";"b";"ds-b0010";"NULL";"b0010-b0";"2026-01-13 20:13:44.823";"NULL";"COMBINED";"NULL";"1,17";"5,96";"BET_CANCELLED"
"2026-01-06 02:17:49.409";"b-pk-00000020";"rec-b-pk-00000020";"2026-06-30 23:59:59.000";"b";"ds-b0010";"NULL";"b0010-b1";"2026-02-20 05:43:02.368";"NULL";"SINGLE";"NULL";"0,71";"8,51";"BET_WON"
"2026-03-25 14:43:29.918";"b-pk-00000024";"rec-b-pk-00000024";"2026-06-30 23:59:59.000";"b";"ds-b0010";"NULL";"b0010-b2";"2026-03-23 14:24:36.495";"NULL";"SINGLE";"NULL";"1,17";"1,52";"BET_PLACED"
"2026-02-14 17:27:25.255";"c-pk-00000013";"rec-c-pk-00000013";"2026-06-30 23:59:59.000";"c";"ds-c0011";"NULL";"c0011-b0";"2026-03-20 07:50:00.561";"NULL";"COMBINED";"NULL";"0,33";"15,01";"BET_CANCELLED"
"2026-01-27 04:03:17.794";"c-pk-00000017";"rec-c-pk-00000017";"2026-06-30 23:59:59.000";"c";"ds-c0011";"NULL";"c0011-b1";"2026-04-12 14:44:50.032";"NULL";"COMBINED";"NULL";"0,78";"11,32";"BET_WON"
"2026-03-07 11:56:03.884";"c-pk-00000021";"rec-c-pk-00000021";"2026-06-30 23:59:59.000";"c";"ds-c0011";"NULL";"c0011-b2";"2026-01-24 17:33:07.259";"NULL";"COMBINED";"NULL";"1,33";"19,49";"BET_WON"
"2026-02-11 23:04:42.990";"c-pk-00000027";"rec-c-pk-00000027";"2026-06-30 23:59:59.000";"c";"ds-c0011";"NULL";"c0011-b3";"2026-02-01 19:54:23.794";"NULL";"SYSTEM";"NULL";"1,08";"8,36";"BET_CANCELLED"
"2026-04-04 05:50:11.563";"c-pk-00000033";"rec-c-pk-00000033";"2026-06-30 23:59:59.000";"c";"ds-c0011";"NULL";"c0011-b4";"2026-01-25 20:36:22.690";"NULL";"COMBINED";"NULL";"0,80";"7,41";"BET_WON"
"2026-04-23 10:55:29.908";"a-pk-00000014";"rec-a-pk-00000014";"2026-06-30 23:59:59.000";"a";"ds-a0012";"NULL";"a0012-b0";"2026-02-25 06:04:11.949";"NULL";"COMBINED";"NULL";"0,49";"8,69";"BET_PLACED"
"2026-04-24 16:39:10.387";"a-pk-00000019";"rec-a-pk-00000019";"2026-06-30 23:59:59.000";"a";"ds-a0012";"NULL";"a0012-b1";"2026-01-04 22:28:40.371";"NULL";"SINGLE";"NULL";"1,10";"1,83";"BET_WON"
"2026-03-12 12:11:44.939";"b-pk-00000014";"rec-b-pk-00000014";"2026-06-30 23:59:59.000";"b";"ds-b0013";"NULL";"b0013-b0";"2026-04-08 07:09:55.917";"NULL";"SYSTEM";"NULL";"1,33";"15,99";"BET_LOST"
"2026-04-11 17:06:52.455";"b-pk-00000019";"rec-b-pk-00000019";"2026-06-30 23:59:59.000";"b";"ds-b0013";"NULL";"b0013-b1";"2026-01-24 22:36:53.498";"NULL";"SINGLE";"NULL";"0,35";"19,16";"BET_PLACED"
"2026-04-23 11:05:37.008";"b-pk-00000022";"rec-b-pk-00000022";"2026-06-30 23:59:59.000";"b";"ds-b0013";"NULL";"b0013-b2";"2026-03-10 18:50:58.695";"NULL";"COMBINED";"NULL";"1,22";"10,70";"BET_WON"
"2026-04-28 23:49:51.804";"c-pk-00000015";"rec-c-pk-00000015";"2026-06-30 23:59:59.000";"c";"ds-c0014";"NULL";"c0014-b0";"2026-01-17 22:49:31.489";"NULL";"COMBINED";"NULL";"0,14";"5,29";"BET_CANCELLED"
"2026-01-08 22:41:08.014";"c-pk-00000021";"rec-c-pk-00000021";"2026-06-30 23:59:59.000";"c";"ds-c0014";"NULL";"c0014-b1";"2026-01-24 04:31:41.019";"NULL";"COMBINED";"NULL";"0,34";"1,95";"BET_LOST"
"2026-02-23 11:35:10.449";"c-pk-00000024";"rec-c-pk-00000024";"2026-06-30 23:59:59.000";"c";"ds-c0014";"NULL";"c0014-b2";"2026-02-11 02:07:17.144";"NULL";"COMBINED";"NULL";"0,49";"12,06";"BET_WON"
"2026-01-07 23:56:28.759";"a-pk-00000029";"rec-a-pk-00000029";"2026-06-30 23:59:59.000";"a";"ds-a0015";"NULL";"a0015-b0";"2026-01-10 11:22:19.456";"NULL";"SYSTEM";"NULL";"1,99";"64,49";"BET_LOST"
"2026-03-27 18:19:31.572";"a-pk-00000033";"rec-a-pk-00000033";"2026-06-30 23:59:59.000";"a";"ds-a0015";"NULL";"a0015-b1";"2026-02-06 12:18:35.502";"NULL";"SINGLE";"NULL";"1,48";"18,74";"BET_PLACED"
"2026-02-19 01:09:20.472";"a-pk-00000037";"rec-a-pk-00000037";"2026-06-30 23:59:59.000";"a";"ds-a0015";"NULL";"a0015-b2";"2026-01-12 16:46:36.017";"NULL";"COMBINED";"NULL";"1,76";"11,70";"BET_WON"
"2026-03-25 15:26:21.943";"a-pk-00000041";"rec-a-pk-00000041";"2026-06-30 23:59:59.000";"a";"ds-a0015";"NULL";"a0015-b3";"2026-03-27 04:00:08.530";"NULL";"COMBINED";"NULL";"1,82";"9,09";"BET_WON"
"2026-02-17 18:04:06.839";"a-pk-00000047";"rec-a-pk-00000047";"2026-06-30 23:59:59.000";"a";"ds-a0015";"NULL";"a0015-b4";"2026-03-19 11:22:10.875";"NULL";"SYSTEM";"NULL";"1,16";"2,10";"BET_WON"
"2026-03-07 19:54:25.125";"a-pk-00000053";"rec-a-pk-00000053";"2026-06-30 23:59:59.000";"a";"ds-a0015";"NULL";"a0015-b5";"2026-01-24 05:04:23.998";"NULL";"SINGLE";"NULL";"0,47";"34,55";"BET_CANCELLED"
"2026-04-21 01:12:10.279";"b-pk-00000008";"rec-b-pk-00000008";"2026-06-30 23:59:59.000";"b";"ds-b0016";"NULL";"b0016-b0";"2026-01-08 09:29:31.573";"NULL";"COMBINED";"NULL";"0,27";"5,91";"BET_LOST"
"2026-03-21 22:23:57.831";"b-pk-00000014";"rec-b-pk-00000014";"2026-06-30 23:59:59.000";"b";"ds-b0016";"NULL";"b0016-b1";"2026-01-23 21:15:16.565";"NULL";"COMBINED";"NULL";"1,37";"11,16";"BET_WON"
"2026-02-28 19:43:26.811";"b-pk-00000019";"rec-b-pk-00000019";"2026-06-30 23:59:59.000";"b";"ds-b0016";"NULL";"b0016-b2";"2026-03-19 02:07:10.255";"NULL";"SYSTEM";"NULL";"1,88";"9,58";"BET_WON"
"2026-02-20 06:52:18.744";"b-pk-00000024";"rec-b-pk-00000024";"2026-06-30 23:59:59.000";"b";"ds-b0016";"NULL";"b0016-b3";"2026-03-10 23:31:24.133";"NULL";"COMBINED";"NULL";"1,35";"8,95";"BET_CANCELLED"
"2026-04-14 15:47:37.610";"c-pk-00000015";"rec-c-pk-00000015";"2026-06-30 23:59:59.000";"c";"ds-c0017";"NULL";"c0017-b0";"2026-01-11 00:06:40.867";"NULL";"SYSTEM";"NULL";"1,46";"19,98";"BET_PLACED"
"2026-04-05 05:12:10.620";"c-pk-00000020";"rec-c-pk-00000020";"2026-06-30 23:59:59.000";"c";"ds-c0017";"NULL";"c0017-b1";"2026-02-20 06:18:44.767";"NULL";"SINGLE";"NULL";"0,98";"16,08";"BET_CANCELLED"
"2026-01-23 01:59:28.818";"c-pk-00000024";"rec-c-pk-00000024";"2026-06-30 23:59:59.000";"c";"ds-c0017";"NULL";"c0017-b2";"2026-03-05 22:55:32.618";"NULL";"SYSTEM";"NULL";"0,91";"16,99";"BET_PLACED"
"2026-03-10 16:10:05.272";"c-pk-00000027";"rec-c-pk-00000027";"2026-06-30 23:59:59.000";"c";"ds-c0017";"NULL";"c0017-b3";"2026-04-14 00:15:53.828";"NULL";"COMBINED";"NULL";"0,74";"15,34";"BET_LOST"
"2026-03-25 20:10:01.028";"c-pk-00000033";"rec-c-pk-00000033";"2026-06-30 23:59:59.000";"c";"ds-c0017";"NULL";"c0017-b4";"2026-03-07 02:32:35.319";"NULL";"SYSTEM";"NULL";"1,78";"11,26";"BET_LOST"
"2026-02-01 01:59:58.493";"a-pk-00000009";"rec-a-pk-00000009";"2026-06-30 23:59:59.000";"a";"ds-a0018";"NULL";"a0018-b0";"2026-01-01 14:53:39.296";"NULL";"SYSTEM";"NULL";"0,55";"5,77";"BET_CANCELLED"
"2026-01-18 00:57:53.835";"a-pk-00000014";"rec-a-pk-00000014";"2026-06-30 23:59:59.000";"a";"ds-a0018";"NULL";"a0018-b1";"2026-04-25 12:34:05.806";"NULL";"SYSTEM";"NULL";"1,34";"13,77";"BET_LOST"
"2026-03-19 07:56:33.746";"a-pk-00000018";"rec-a-pk-00000018";"2026-06-30 23:59:59.000";"a";"ds-a0018";"NULL";"a0018-b2";"2026-02-03 18:08:47.066";"NULL";"SINGLE";"NULL";"1,56";"4,65";"BET_PLACED"
"2026-04-07 10:05:56.585";"a-pk-00000021";"rec-a-pk-00000021";"2026-06-30 23:59:59.000";"a";"ds-a0018";"NULL";"a0018-b3";"2026-01-09 13:34:28.323";"NULL";"SINGLE";"NULL";"1,62";"19,82";"BET_WON"
"2026-03-27 16:32:34.659";"b-pk-00000011";"rec-b-pk-00000011";"2026-06-30 23:59:59.000";"b";"ds-b0019";"NULL";"b0019-b0";"2026-02-09 20:04:22.923";"NULL";"SINGLE";"NULL";"0,16";"6,25";"BET_WON"
"2026-02-28 12:14:14.740";"b-pk-00000015";"rec-b-pk-00000015";"2026-06-30 23:59:59.000";"b";"ds-b0019";"NULL";"b0019-b1";"2026-04-27 18:48:41.012";"NULL";"COMBINED";"NULL";"1,50";"10,01";"BET_CANCELLED"
"2026-01-15 01:23:33.011";"b-pk-00000021";"rec-b-pk-00000021";"2026-06-30 23:59:59.000";"b";"ds-b0019";"NULL";"b0019-b2";"2026-04-10 06:14:18.675";"NULL";"SYSTEM";"NULL";"0,34";"17,33";"BET_CANCELLED"
"2026-04-15 12:58:42.187";"b-pk-00000026";"rec-b-pk-00000026";"2026-06-30 23:59:59.000";"b";"ds-b0019";"NULL";"b0019-b3";"2026-04-20 05:26:15.183";"NULL";"SYSTEM";"NULL";"1,40";"2,82";"BET_PLACED"
"2026-02-08 13:11:38.254";"c-pk-00000010";"rec-c-pk-00000010";"2026-06-30 23:59:59.000";"c";"ds-c0020";"NULL";"c0020-b0";"2026-01-14 23:29:19.168";"NULL";"SYSTEM";"NULL";"0,61";"11,95";"BET_WON"
"2026-03-13 15:19:41.602";"c-pk-00000014";"rec-c-pk-00000014";"2026-06-30 23:59:59.000";"c";"ds-c0020";"NULL";"c0020-b1";"2026-03-16 12:59:26.962";"NULL";"COMBINED";"NULL";"0,14";"17,81";"BET_PLACED"
"2026-04-19 09:46:26.770";"c-pk-00000019";"rec-c-pk-00000019";"2026-06-30 23:59:59.000";"c";"ds-c0020";"NULL";"c0020-b2";"2026-04-06 13:16:44.309";"NULL";"SYSTEM";"NULL";"1,75";"14,83";"BET_PLACED"
"2026-04-19 06:11:12.060";"c-pk-00000023";"rec-c-pk-00000023";"2026-06-30 23:59:59.000";"c";"ds-c0020";"NULL";"c0020-b3";"2026-02-07 15:11:32.971";"NULL";"SINGLE";"NULL";"1,50";"16,37";"BET_WON"
"2026-01-20 10:19:32.705";"a-pk-00000011";"rec-a-pk-00000011";"2026-06-30 23:59:59.000";"a";"ds-a0021";"NULL";"a0021-b0";"2026-02-24 21:54:51.847";"NULL";"SYSTEM";"NULL";"0,25";"19,94";"BET_CANCELLED"
"2026-01-12 15:11:03.120";"a-pk-00000016";"rec-a-pk-00000016";"2026-06-30 23:59:59.000";"a";"ds-a0021";"NULL";"a0021-b1";"2026-02-13 13:43:53.172";"NULL";"SINGLE";"NULL";"1,96";"13,35";"BET_CANCELLED"
"2026-01-26 18:11:24.495";"a-pk-00000020";"rec-a-pk-00000020";"2026-06-30 23:59:59.000";"a";"ds-a0021";"NULL";"a0021-b2";"2026-02-01 18:36:36.491";"NULL";"COMBINED";"NULL";"2,00";"14,35";"BET_LOST"
"2026-02-04 06:18:02.136";"b-pk-00000015";"rec-b-pk-00000015";"2026-06-30 23:59:59.000";"b";"ds-b0022";"NULL";"b0022-b0";"2026-02-12 23:27:00.367";"NULL";"SYSTEM";"NULL";"0,79";"15,13";"BET_PLACED"
"2026-03-10 15:05:48.439";"b-pk-00000019";"rec-b-pk-00000019";"2026-06-30 23:59:59.000";"b";"ds-b0022";"NULL";"b0022-b1";"2026-03-14 19:47:00.444";"NULL";"COMBINED";"NULL";"0,50";"3,90";"BET_WON"
"2026-04-17 09:44:40.236";"b-pk-00000022";"rec-b-pk-00000022";"2026-06-30 23:59:59.000";"b";"ds-b0022";"NULL";"b0022-b2";"2026-01-20 06:05:55.052";"NULL";"COMBINED";"NULL";"0,44";"9,10";"BET_PLACED"
"2026-04-18 22:16:57.898";"b-pk-00000028";"rec-b-pk-00000028";"2026-06-30 23:59:59.000";"b";"ds-b0022";"NULL";"b0022-b3";"2026-02-18 23:09:02.130";"NULL";"SINGLE";"NULL";"1,52";"17,08";"BET_LOST"
"2026-01-16 19:55:10.030";"c-pk-00000014";"rec-c-pk-00000014";"2026-06-30 23:59:59.000";"c";"ds-c0023";"NULL";"c0023-b0";"2026-01-23 13:23:03.718";"NULL";"SINGLE";"NULL";"0,29";"12,16";"BET_WON"
"2026-04-18 22:53:16.941";"c-pk-00000017";"rec-c-pk-00000017";"2026-06-30 23:59:59.000";"c";"ds-c0023";"NULL";"c0023-b1";"2026-02-17 05:00:25.852";"NULL";"COMBINED";"NULL";"1,14";"25,18";"BET_WON"
"2026-04-02 01:20:05.966";"c-pk-00000022";"rec-c-pk-00000022";"2026-06-30 23:59:59.000";"c";"ds-c0023";"NULL";"c0023-b2";"2026-02-09 02:36:36.045";"NULL";"SYSTEM";"NULL";"0,62";"78,46";"BET_LOST"
"2026-04-04 00:09:49.891";"c-pk-00000027";"rec-c-pk-00000027";"2026-06-30 23:59:59.000";"c";"ds-c0023";"NULL";"c0023-b3";"2026-02-07 19:38:04.981";"NULL";"SINGLE";"NULL";"0,62";"69,54";"BET_PLACED"
"2026-02-24 12:49:16.675";"a-pk-00000009";"rec-a-pk-00000009";"2026-06-30 23:59:59.000";"a";"ds-a0024";"NULL";"a0024-b0";"2026-02-08 20:57:14.304";"NULL";"SINGLE";"NULL";"0,10";"2,58";"BET_WON"
"2026-04-26 05:11:19.010";"a-pk-00000013";"rec-a-pk-00000013";"2026-06-30 23:59:59.000";"a";"ds-a0024";"NULL";"a0024-b1";"2026-01-07 21:26:24.911";"NULL";"COMBINED";"NULL";"1,81";"13,53";"BET_PLACED"
"2026-03-23 17:41:18.478";"a-pk-00000016";"rec-a-pk-00000016";"2026-06-30 23:59:59.000";"a";"ds-a0024";"NULL";"a0024-b2";"2026-02-09 08:30:12.976";"NULL";"SINGLE";"NULL";"1,49";"10,42";"BET_CANCELLED"
"2026-01-17 08:37:26.300";"a-pk-00000020";"rec-a-pk-00000020";"2026-06-30 23:59:59.000";"a";"ds-a0024";"NULL";"a0024-b3";"2026-03-12 20:52:04.460";"NULL";"SINGLE";"NULL";"1,21";"17,67";"BET_LOST"
"2026-03-07 23:05:12.942";"b-pk-00000016";"rec-b-pk-00000016";"2026-06-30 23:59:59.000";"b";"ds-b0025";"NULL";"b0025-b0";"2026-01-08 18:47:44.996";"NULL";"COMBINED";"NULL";"1,91";"51,46";"BET_LOST"
"2026-01-16 11:15:51.694";"b-pk-00000022";"rec-b-pk-00000022";"2026-06-30 23:59:59.000";"b";"ds-b0025";"NULL";"b0025-b1";"2026-02-14 18:58:05.297";"NULL";"SINGLE";"NULL";"1,27";"34,38";"BET_PLACED"
"2026-03-15 11:27:29.430";"b-pk-00000026";"rec-b-pk-00000026";"2026-06-30 23:59:59.000";"b";"ds-b0025";"NULL";"b0025-b2";"2026-04-04 04:33:28.710";"NULL";"COMBINED";"NULL";"1,92";"37,44";"BET_PLACED"
"2026-02-10 20:19:46.959";"b-pk-00000030";"rec-b-pk-00000030";"2026-06-30 23:59:59.000";"b";"ds-b0025";"NULL";"b0025-b3";"2026-02-18 23:31:08.228";"NULL";"SYSTEM";"NULL";"0,01";"39,31";"BET_WON"
"2026-04-28 13:50:46.950";"c-pk-00000022";"rec-c-pk-00000022";"2026-06-30 23:59:59.000";"c";"ds-c0026";"NULL";"c0026-b0";"2026-03-26 18:13:48.028";"NULL";"COMBINED";"NULL";"1,47";"5,51";"BET_PLACED"
"2026-01-06 21:32:55.450";"c-pk-00000028";"rec-c-pk-00000028";"2026-06-30 23:59:59.000";"c";"ds-c0026";"NULL";"c0026-b1";"2026-02-05 19:41:03.238";"NULL";"SINGLE";"NULL";"1,16";"4,31";"BET_WON"
"2026-04-21 11:30:18.636";"c-pk-00000032";"rec-c-pk-00000032";"2026-06-30 23:59:59.000";"c";"ds-c0026";"NULL";"c0026-b2";"2026-02-01 10:38:50.368";"NULL";"COMBINED";"NULL";"0,06";"30,10";"BET_LOST"
"2026-01-20 15:42:33.532";"c-pk-00000036";"rec-c-pk-00000036";"2026-06-30 23:59:59.000";"c";"ds-c0026";"NULL";"c0026-b3";"2026-04-18 23:07:54.899";"NULL";"SYSTEM";"NULL";"0,88";"22,27";"BET_LOST"
"2026-02-06 17:25:55.735";"a-pk-00000011";"rec-a-pk-00000011";"2026-06-30 23:59:59.000";"a";"ds-a0027";"NULL";"a0027-b0";"2026-01-21 01:33:13.370";"NULL";"SYSTEM";"NULL";"0,46";"16,22";"BET_LOST"
"2026-03-09 14:12:06.270";"a-pk-00000016";"rec-a-pk-00000016";"2026-06-30 23:59:59.000";"a";"ds-a0027";"NULL";"a0027-b1";"2026-03-26 10:27:32.761";"NULL";"SINGLE";"NULL";"1,94";"11,95";"BET_CANCELLED"
"2026-01-20 08:02:41.281";"b-pk-00000010";"rec-b-pk-00000010";"2026-06-30 23:59:59.000";"b";"ds-b0028";"NULL";"b0028-b0";"2026-03-11 03:58:23.937";"NULL";"COMBINED";"NULL";"1,28";"8,57";"BET_LOST"
"2026-01-03 06:52:48.513";"b-pk-00000014";"rec-b-pk-00000014";"2026-06-30 23:59:59.000";"b";"ds-b0028";"NULL";"b0028-b1";"2026-03-17 00:42:25.426";"NULL";"SYSTEM";"NULL";"0,30";"6,07";"BET_WON"
"2026-04-26 00:10:20.131";"c-pk-00000009";"rec-c-pk-00000009";"2026-06-30 23:59:59.000";"c";"ds-c0029";"NULL";"c0029-b0";"2026-04-26 02:22:43.750";"NULL";"SINGLE";"NULL";"1,15";"8,30";"BET_CANCELLED"
"2026-02-17 19:46:55.465";"c-pk-00000013";"rec-c-pk-00000013";"2026-06-30 23:59:59.000";"c";"ds-c0029";"NULL";"c0029-b1";"2026-02-01 10:59:45.604";"NULL";"COMBINED";"NULL";"0,87";"9,83";"BET_PLACED"
"2026-01-05 23:09:40.505";"c-pk-00000016";"rec-c-pk-00000016";"2026-06-30 23:59:59.000";"c";"ds-c0029";"NULL";"c0029-b2";"2026-01-18 23:25:15.179";"NULL";"SINGLE";"NULL";"0,86";"6,22";"BET_CANCELLED"
"2026-01-24 05:23:26.672";"a-pk-00000014";"rec-a-pk-00000014";"2026-06-30 23:59:59.000";"a";"ds-a0030";"NULL";"a0030-b0";"2026-04-26 03:06:09.867";"NULL";"COMBINED";"NULL";"0,68";"18,35";"BET_CANCELLED"
"2026-03-16 22:28:43.301";"a-pk-00000018";"rec-a-pk-00000018";"2026-06-30 23:59:59.000";"a";"ds-a0030";"NULL";"a0030-b1";"2026-03-23 09:19:45.162";"NULL";"SYSTEM";"NULL";"0,31";"16,30";"BET_WON"
"2026-04-13 00:42:04.350";"a-pk-00000022";"rec-a-pk-00000022";"2026-06-30 23:59:59.000";"a";"ds-a0030";"NULL";"a0030-b2";"2026-04-21 05:55:33.493";"NULL";"SINGLE";"NULL";"0,45";"4,92";"BET_WON"
"2026-02-09 23:11:44.958";"a-pk-00000026";"rec-a-pk-00000026";"2026-06-30 23:59:59.000";"a";"ds-a0030";"NULL";"a0030-b3";"2026-01-26 01:28:36.535";"NULL";"SINGLE";"NULL";"1,30";"5,66";"BET_CANCELLED"
"2026-04-10 18:21:40.068";"b-pk-00000011";"rec-b-pk-00000011";"2026-06-30 23:59:59.000";"b";"ds-b0031";"NULL";"b0031-b0";"2026-01-19 13:02:32.894";"NULL";"COMBINED";"NULL";"1,47";"11,74";"BET_PLACED"
"2026-01-05 14:07:53.970";"b-pk-00000016";"rec-b-pk-00000016";"2026-06-30 23:59:59.000";"b";"ds-b0031";"NULL";"b0031-b1";"2026-04-09 07:59:58.222";"NULL";"COMBINED";"NULL";"0,75";"9,44";"BET_WON"
"2026-04-01 08:46:41.918";"b-pk-00000020";"rec-b-pk-00000020";"2026-06-30 23:59:59.000";"b";"ds-b0031";"NULL";"b0031-b2";"2026-03-08 22:05:41.659";"NULL";"COMBINED";"NULL";"0,65";"3,67";"BET_WON"
"2026-04-26 05:41:26.400";"c-pk-00000011";"rec-c-pk-00000011";"2026-06-30 23:59:59.000";"c";"ds-c0032";"NULL";"c0032-b0";"2026-02-16 05:48:51.999";"NULL";"SINGLE";"NULL";"1,18";"5,72";"BET_LOST"
"2026-03-09 01:24:53.912";"c-pk-00000015";"rec-c-pk-00000015";"2026-06-30 23:59:59.000";"c";"ds-c0032";"NULL";"c0032-b1";"2026-01-18 23:39:29.157";"NULL";"SINGLE";"NULL";"0,51";"12,91";"BET_CANCELLED"
"2026-01-04 22:51:31.248";"c-pk-00000019";"rec-c-pk-00000019";"2026-06-30 23:59:59.000";"c";"ds-c0032";"NULL";"c0032-b2";"2026-03-14 21:53:16.365";"NULL";"SINGLE";"NULL";"1,17";"5,21";"BET_CANCELLED"
"2026-04-27 20:47:49.442";"c-pk-00000023";"rec-c-pk-00000023";"2026-06-30 23:59:59.000";"c";"ds-c0032";"NULL";"c0032-b3";"2026-04-28 14:36:55.535";"NULL";"SINGLE";"NULL";"1,34";"1,49";"BET_WON"
"2026-04-28 02:21:22.631";"c-pk-00000027";"rec-c-pk-00000027";"2026-06-30 23:59:59.000";"c";"ds-c0032";"NULL";"c0032-b4";"2026-03-24 12:48:22.799";"NULL";"SINGLE";"NULL";"1,08";"16,30";"BET_WON"
"2026-03-08 11:09:15.983";"a-pk-00000013";"rec-a-pk-00000013";"2026-06-30 23:59:59.000";"a";"ds-a0033";"NULL";"a0033-b0";"2026-04-26 14:07:42.567";"NULL";"SINGLE";"NULL";"1,64";"4,58";"BET_CANCELLED"
"2026-04-10 15:50:49.294";"a-pk-00000017";"rec-a-pk-00000017";"2026-06-30 23:59:59.000";"a";"ds-a0033";"NULL";"a0033-b1";"2026-01-16 03:20:35.495";"NULL";"SYSTEM";"NULL";"1,54";"14,28";"BET_PLACED"
"2026-04-05 20:22:13.964";"b-pk-00000011";"rec-b-pk-00000011";"2026-06-30 23:59:59.000";"b";"ds-b0034";"NULL";"b0034-b0";"2026-04-14 22:56:34.872";"NULL";"SINGLE";"NULL";"0,81";"17,79";"BET_CANCELLED"
"2026-04-04 17:41:28.307";"b-pk-00000015";"rec-b-pk-00000015";"2026-06-30 23:59:59.000";"b";"ds-b0034";"NULL";"b0034-b1";"2026-04-12 20:19:13.402";"NULL";"SINGLE";"NULL";"1,81";"19,16";"BET_CANCELLED"
"2026-01-22 03:50:04.087";"b-pk-00000019";"rec-b-pk-00000019";"2026-06-30 23:59:59.000";"b";"ds-b0034";"NULL";"b0034-b2";"2026-04-11 19:59:48.627";"NULL";"SYSTEM";"NULL";"0,04";"18,48";"BET_PLACED"
"2026-03-13 20:09:25.374";"c-pk-00000013";"rec-c-pk-00000013";"2026-06-30 23:59:59.000";"c";"ds-c0035";"NULL";"c0035-b0";"2026-02-24 12:26:01.894";"NULL";"SINGLE";"NULL";"0,03";"16,04";"BET_WON"
"2026-03-05 07:33:31.822";"c-pk-00000017";"rec-c-pk-00000017";"2026-06-30 23:59:59.000";"c";"ds-c0035";"NULL";"c0035-b1";"2026-01-12 03:04:20.722";"NULL";"COMBINED";"NULL";"0,43";"10,32";"BET_LOST"
"2026-01-21 23:43:50.031";"a-pk-00000016";"rec-a-pk-00000016";"2026-06-30 23:59:59.000";"a";"ds-a0036";"NULL";"a0036-b0";"2026-01-10 04:16:29.952";"NULL";"SINGLE";"NULL";"1,76";"74,63";"BET_WON"
"2026-03-24 15:12:51.273";"a-pk-00000020";"rec-a-pk-00000020";"2026-06-30 23:59:59.000";"a";"ds-a0036";"NULL";"a0036-b1";"2026-01-22 02:49:56.287";"NULL";"SYSTEM";"NULL";"0,05";"22,49";"BET_WON"
"2026-03-25 09:09:52.688";"a-pk-00000024";"rec-a-pk-00000024";"2026-06-30 23:59:59.000";"a";"ds-a0036";"NULL";"a0036-b2";"2026-03-14 05:37:25.381";"NULL";"COMBINED";"NULL";"1,50";"40,07";"BET_CANCELLED"
"2026-02-19 11:47:26.704";"a-pk-00000029";"rec-a-pk-00000029";"2026-06-30 23:59:59.000";"a";"ds-a0036";"NULL";"a0036-b3";"2026-03-18 12:33:42.839";"NULL";"COMBINED";"NULL";"1,50";"9,41";"BET_CANCELLED"
"2026-03-13 11:13:19.438";"a-pk-00000033";"rec-a-pk-00000033";"2026-06-30 23:59:59.000";"a";"ds-a0036";"NULL";"a0036-b4";"2026-03-22 12:00:44.611";"NULL";"COMBINED";"NULL";"1,24";"73,64";"BET_PLACED"
"2026-03-20 10:27:07.703";"a-pk-00000039";"rec-a-pk-00000039";"2026-06-30 23:59:59.000";"a";"ds-a0036";"NULL";"a0036-b5";"2026-04-06 14:18:54.166";"NULL";"SINGLE";"NULL";"0,31";"67,15";"BET_WON"
"2026-02-06 20:38:48.043";"b-pk-00000018";"rec-b-pk-00000018";"2026-06-30 23:59:59.000";"b";"ds-b0037";"NULL";"b0037-b0";"2026-03-15 07:29:11.727";"NULL";"SINGLE";"NULL";"0,13";"30,82";"BET_PLACED"
"2026-03-12 00:20:31.203";"b-pk-00000021";"rec-b-pk-00000021";"2026-06-30 23:59:59.000";"b";"ds-b0037";"NULL";"b0037-b1";"2026-03-04 19:57:26.391";"NULL";"COMBINED";"NULL";"1,50";"18,03";"BET_WON"
"2026-03-02 00:32:13.645";"b-pk-00000026";"rec-b-pk-00000026";"2026-06-30 23:59:59.000";"b";"ds-b0037";"NULL";"b0037-b2";"2026-02-01 03:09:47.728";"NULL";"SYSTEM";"NULL";"1,04";"2,91";"BET_CANCELLED"
"2026-02-01 02:10:54.038";"b-pk-00000030";"rec-b-pk-00000030";"2026-06-30 23:59:59.000";"b";"ds-b0037";"NULL";"b0037-b3";"2026-02-14 04:27:35.581";"NULL";"COMBINED";"NULL";"0,53";"39,13";"BET_PLACED"
"2026-03-16 23:25:03.974";"b-pk-00000034";"rec-b-pk-00000034";"2026-06-30 23:59:59.000";"b";"ds-b0037";"NULL";"b0037-b4";"2026-02-08 00:27:30.278";"NULL";"COMBINED";"NULL";"1,18";"64,33";"BET_LOST"
"2026-04-01 10:23:07.315";"b-pk-00000038";"rec-b-pk-00000038";"2026-06-30 23:59:59.000";"b";"ds-b0037";"NULL";"b0037-b5";"2026-01-14 12:52:27.157";"NULL";"COMBINED";"NULL";"0,47";"70,45";"BET_CANCELLED"
"2026-02-16 15:35:35.743";"c-pk-00000013";"rec-c-pk-00000013";"2026-06-30 23:59:59.000";"c";"ds-c0038";"NULL";"c0038-b0";"2026-01-05 03:38:33.574";"NULL";"SINGLE";"NULL";"1,52";"3,28";"BET_PLACED"
"2026-01-28 04:59:33.617";"c-pk-00000017";"rec-c-pk-00000017";"2026-06-30 23:59:59.000";"c";"ds-c0038";"NULL";"c0038-b1";"2026-04-01 00:18:20.189";"NULL";"SYSTEM";"NULL";"1,20";"2,90";"BET_PLACED"
"2026-02-03 03:37:00.109";"c-pk-00000020";"rec-c-pk-00000020";"2026-06-30 23:59:59.000";"c";"ds-c0038";"NULL";"c0038-b2";"2026-04-03 21:21:17.758";"NULL";"SINGLE";"NULL";"1,78";"1,81";"BET_LOST"
"2026-01-27 15:52:13.814";"a-pk-00000012";"rec-a-pk-00000012";"2026-06-30 23:59:59.000";"a";"ds-a0039";"NULL";"a0039-b0";"2026-04-23 08:34:10.673";"NULL";"SYSTEM";"NULL";"0,82";"7,28";"BET_PLACED"
"2026-02-15 13:11:39.856";"a-pk-00000018";"rec-a-pk-00000018";"2026-06-30 23:59:59.000";"a";"ds-a0039";"NULL";"a0039-b1";"2026-03-15 05:53:38.545";"NULL";"SYSTEM";"NULL";"1,59";"6,30";"BET_LOST"
"2026-04-25 17:46:55.537";"b-pk-00000015";"rec-b-pk-00000015";"2026-06-30 23:59:59.000";"b";"ds-b0040";"NULL";"b0040-b0";"2026-04-25 10:24:06.472";"NULL";"SYSTEM";"NULL";"1,78";"1,20";"BET_WON"
"2026-03-05 01:04:19.618";"b-pk-00000019";"rec-b-pk-00000019";"2026-06-30 23:59:59.000";"b";"ds-b0040";"NULL";"b0040-b1";"2026-01-20 21:13:25.376";"NULL";"SYSTEM";"NULL";"0,14";"3,34";"BET_LOST"
"2026-04-24 01:53:23.645";"b-pk-00000023";"rec-b-pk-00000023";"2026-06-30 23:59:59.000";"b";"ds-b0040";"NULL";"b0040-b2";"2026-01-23 23:54:46.301";"NULL";"SINGLE";"NULL";"0,04";"16,05";"BET_WON"
"2026-02-04 05:49:13.260";"b-pk-00000026";"rec-b-pk-00000026";"2026-06-30 23:59:59.000";"b";"ds-b0040";"NULL";"b0040-b3";"2026-01-13 04:43:29.074";"NULL";"COMBINED";"NULL";"1,79";"7,76";"BET_CANCELLED"
"2026-04-03 16:18:09.548";"b-pk-00000032";"rec-b-pk-00000032";"2026-06-30 23:59:59.000";"b";"ds-b0040";"NULL";"b0040-b4";"2026-04-28 21:18:53.565";"NULL";"SYSTEM";"NULL";"1,57";"12,01";"BET_WON"
"2026-02-14 19:38:34.295";"c-pk-00000027";"rec-c-pk-00000027";"2026-06-30 23:59:59.000";"c";"ds-c0041";"NULL";"c0041-b0";"2026-01-18 18:34:49.698";"NULL";"COMBINED";"NULL";"1,57";"69,58";"BET_WON"
"2026-03-06 07:57:34.411";"c-pk-00000031";"rec-c-pk-00000031";"2026-06-30 23:59:59.000";"c";"ds-c0041";"NULL";"c0041-b1";"2026-04-26 01:44:41.451";"NULL";"SINGLE";"NULL";"0,90";"38,73";"BET_WON"
"2026-01-26 20:34:20.697";"c-pk-00000035";"rec-c-pk-00000035";"2026-06-30 23:59:59.000";"c";"ds-c0041";"NULL";"c0041-b2";"2026-02-11 16:36:12.505";"NULL";"SYSTEM";"NULL";"1,05";"32,49";"BET_WON"
"2026-02-13 18:14:55.711";"c-pk-00000040";"rec-c-pk-00000040";"2026-06-30 23:59:59.000";"c";"ds-c0041";"NULL";"c0041-b3";"2026-04-06 10:24:10.991";"NULL";"SYSTEM";"NULL";"0,44";"42,85";"BET_LOST"
"2026-04-20 15:10:03.203";"c-pk-00000043";"rec-c-pk-00000043";"2026-06-30 23:59:59.000";"c";"ds-c0041";"NULL";"c0041-b4";"2026-01-22 16:52:36.076";"NULL";"SINGLE";"NULL";"1,04";"56,67";"BET_WON"
"2026-03-28 04:44:55.658";"c-pk-00000047";"rec-c-pk-00000047";"2026-06-30 23:59:59.000";"c";"ds-c0041";"NULL";"c0041-b5";"2026-04-15 10:02:01.982";"NULL";"SYSTEM";"NULL";"1,60";"23,39";"BET_PLACED"
"2026-03-21 11:44:15.808";"a-pk-00000009";"rec-a-pk-00000009";"2026-06-30 23:59:59.000";"a";"ds-a0042";"NULL";"a0042-b0";"2026-03-08 17:35:09.242";"NULL";"SINGLE";"NULL";"1,16";"18,00";"BET_WON"
"2026-04-01 05:36:11.450";"a-pk-00000013";"rec-a-pk-00000013";"2026-06-30 23:59:59.000";"a";"ds-a0042";"NULL";"a0042-b1";"2026-01-06 14:38:52.868";"NULL";"SYSTEM";"NULL";"0,14";"2,05";"BET_WON"
"2026-02-11 02:03:52.891";"b-pk-00000008";"rec-b-pk-00000008";"2026-06-30 23:59:59.000";"b";"ds-b0043";"NULL";"b0043-b0";"2026-01-14 14:06:15.055";"NULL";"COMBINED";"NULL";"0,58";"19,43";"BET_LOST"
"2026-04-04 09:21:40.603";"b-pk-00000012";"rec-b-pk-00000012";"2026-06-30 23:59:59.000";"b";"ds-b0043";"NULL";"b0043-b1";"2026-04-01 01:03:17.412";"NULL";"COMBINED";"NULL";"0,05";"2,29";"BET_PLACED"
"2026-04-13 19:33:31.654";"b-pk-00000015";"rec-b-pk-00000015";"2026-06-30 23:59:59.000";"b";"ds-b0043";"NULL";"b0043-b2";"2026-01-26 18:19:41.850";"NULL";"SYSTEM";"NULL";"0,45";"2,24";"BET_CANCELLED"
"2026-01-09 02:28:17.423";"c-pk-00000010";"rec-c-pk-00000010";"2026-06-30 23:59:59.000";"c";"ds-c0044";"NULL";"c0044-b0";"2026-01-28 12:29:53.564";"NULL";"SINGLE";"NULL";"1,03";"19,91";"BET_WON"
"2026-02-24 19:43:11.059";"c-pk-00000013";"rec-c-pk-00000013";"2026-06-30 23:59:59.000";"c";"ds-c0044";"NULL";"c0044-b1";"2026-03-11 21:03:07.127";"NULL";"SYSTEM";"NULL";"1,69";"15,84";"BET_LOST"
"2026-03-09 08:27:03.845";"a-pk-00000014";"rec-a-pk-00000014";"2026-06-30 23:59:59.000";"a";"ds-a0045";"NULL";"a0045-b0";"2026-04-12 05:17:16.260";"NULL";"SYSTEM";"NULL";"1,06";"16,57";"BET_LOST"
"2026-02-06 16:55:32.946";"a-pk-00000019";"rec-a-pk-00000019";"2026-06-30 23:59:59.000";"a";"ds-a0045";"NULL";"a0045-b1";"2026-04-01 12:58:52.160";"NULL";"SYSTEM";"NULL";"0,10";"11,98";"BET_WON"
"2026-01-03 03:36:23.998";"b-pk-00000013";"rec-b-pk-00000013";"2026-06-30 23:59:59.000";"b";"ds-b0046";"NULL";"b0046-b0";"2026-01-16 02:03:50.359";"NULL";"SYSTEM";"NULL";"0,00";"4,38";"BET_CANCELLED"
"2026-03-23 09:14:51.661";"b-pk-00000017";"rec-b-pk-00000017";"2026-06-30 23:59:59.000";"b";"ds-b0046";"NULL";"b0046-b1";"2026-01-17 18:50:19.575";"NULL";"SYSTEM";"NULL";"0,28";"11,78";"BET_CANCELLED"
"2026-03-18 13:02:47.439";"b-pk-00000022";"rec-b-pk-00000022";"2026-06-30 23:59:59.000";"b";"ds-b0046";"NULL";"b0046-b2";"2026-02-11 04:26:33.061";"NULL";"COMBINED";"NULL";"0,90";"12,18";"BET_WON"
"2026-01-22 22:11:10.649";"b-pk-00000027";"rec-b-pk-00000027";"2026-06-30 23:59:59.000";"b";"ds-b0046";"NULL";"b0046-b3";"2026-02-11 09:45:28.698";"NULL";"COMBINED";"NULL";"0,05";"14,62";"BET_LOST"
"2026-03-15 20:56:39.347";"b-pk-00000030";"rec-b-pk-00000030";"2026-06-30 23:59:59.000";"b";"ds-b0046";"NULL";"b0046-b4";"2026-02-28 23:59:11.928";"NULL";"COMBINED";"NULL";"0,06";"6,37";"BET_CANCELLED"
"2026-03-09 15:17:41.216";"c-pk-00000011";"rec-c-pk-00000011";"2026-06-30 23:59:59.000";"c";"ds-c0047";"NULL";"c0047-b0";"2026-02-05 21:09:03.258";"NULL";"SINGLE";"NULL";"1,46";"18,57";"BET_PLACED"
"2026-01-14 10:56:03.416";"c-pk-00000015";"rec-c-pk-00000015";"2026-06-30 23:59:59.000";"c";"ds-c0047";"NULL";"c0047-b1";"2026-01-08 11:45:12.042";"NULL";"SINGLE";"NULL";"0,51";"4,74";"BET_PLACED"
"2026-02-04 00:16:15.862";"c-pk-00000019";"rec-c-pk-00000019";"2026-06-30 23:59:59.000";"c";"ds-c0047";"NULL";"c0047-b2";"2026-03-13 19:02:55.967";"NULL";"SINGLE";"NULL";"1,93";"11,28";"BET_LOST"
"2026-01-19 16:51:25.370";"c-pk-00000023";"rec-c-pk-00000023";"2026-06-30 23:59:59.000";"c";"ds-c0047";"NULL";"c0047-b3";"2026-01-13 07:44:25.952";"NULL";"SINGLE";"NULL";"0,72";"6,76";"BET_LOST"
"2026-03-05 08:13:50.420";"c-pk-00000026";"rec-c-pk-00000026";"2026-06-30 23:59:59.000";"c";"ds-c0047";"NULL";"c0047-b4";"2026-04-05 13:56:53.120";"NULL";"SINGLE";"NULL";"1,33";"18,47";"BET_LOST"
"2026-04-03 16:22:02.480";"a-pk-00000018";"rec-a-pk-00000018";"2026-06-30 23:59:59.000";"a";"ds-a0048";"NULL";"a0048-b0";"2026-02-26 11:14:08.232";"NULL";"COMBINED";"NULL";"0,79";"72,68";"BET_CANCELLED"
"2026-04-23 08:34:55.264";"a-pk-00000022";"rec-a-pk-00000022";"2026-06-30 23:59:59.000";"a";"ds-a0048";"NULL";"a0048-b1";"2026-02-23 02:54:31.682";"NULL";"SYSTEM";"NULL";"1,56";"38,80";"BET_LOST"
"2026-03-04 07:00:31.685";"a-pk-00000027";"rec-a-pk-00000027";"2026-06-30 23:59:59.000";"a";"ds-a0048";"NULL";"a0048-b2";"2026-01-18 01:17:25.700";"NULL";"COMBINED";"NULL";"0,63";"68,68";"BET_LOST"
"2026-03-03 02:36:49.940";"a-pk-00000031";"rec-a-pk-00000031";"2026-06-30 23:59:59.000";"a";"ds-a0048";"NULL";"a0048-b3";"2026-02-21 21:04:23.088";"NULL";"COMBINED";"NULL";"1,35";"27,07";"BET_LOST"
"2026-03-03 06:36:15.769";"a-pk-00000034";"rec-a-pk-00000034";"2026-06-30 23:59:59.000";"a";"ds-a0048";"NULL";"a0048-b4";"2026-04-04 04:46:42.091";"NULL";"SINGLE";"NULL";"1,43";"72,57";"BET_CANCELLED"
"2026-02-21 21:36:57.937";"a-pk-00000038";"rec-a-pk-00000038";"2026-06-30 23:59:59.000";"a";"ds-a0048";"NULL";"a0048-b5";"2026-04-21 17:26:22.242";"NULL";"SYSTEM";"NULL";"1,40";"25,39";"BET_PLACED"
"2026-04-09 18:27:39.190";"a-pk-00000043";"rec-a-pk-00000043";"2026-06-30 23:59:59.000";"a";"ds-a0048";"NULL";"a0048-b6";"2026-03-11 22:14:30.203";"NULL";"SINGLE";"NULL";"1,93";"35,87";"BET_PLACED"
"2026-03-20 12:22:59.288";"a-pk-00000047";"rec-a-pk-00000047";"2026-06-30 23:59:59.000";"a";"ds-a0048";"NULL";"a0048-b7";"2026-03-20 09:58:33.635";"NULL";"SYSTEM";"NULL";"0,83";"35,34";"BET_LOST"
"2026-03-07 09:40:45.803";"a-pk-00000052";"rec-a-pk-00000052";"2026-06-30 23:59:59.000";"a";"ds-a0048";"NULL";"a0048-b8";"2026-04-25 01:30:20.308";"NULL";"SYSTEM";"NULL";"0,83";"27,60";"BET_WON"
"2026-04-07 10:37:21.643";"a-pk-00000055";"rec-a-pk-00000055";"2026-06-30 23:59:59.000";"a";"ds-a0048";"NULL";"a0048-b9";"2026-04-11 12:55:22.541";"NULL";"SYSTEM";"NULL";"1,36";"38,24";"BET_PLACED"
"2026-01-15 08:12:02.309";"a-pk-00000061";"rec-a-pk-00000061";"2026-06-30 23:59:59.000";"a";"ds-a0048";"NULL";"a0048-b10";"2026-01-21 21:31:28.910";"NULL";"COMBINED";"NULL";"0,42";"26,16";"BET_WON"
"2026-02-02 04:37:20.323";"b-pk-00000013";"rec-b-pk-00000013";"2026-06-30 23:59:59.000";"b";"ds-b0049";"NULL";"b0049-b0";"2026-02-19 09:07:04.330";"NULL";"COMBINED";"NULL";"1,51";"14,32";"BET_CANCELLED"
"2026-01-09 18:34:54.871";"b-pk-00000017";"rec-b-pk-00000017";"2026-06-30 23:59:59.000";"b";"ds-b0049";"NULL";"b0049-b1";"2026-01-08 20:34:48.871";"NULL";"SINGLE";"NULL";"0,45";"17,26";"BET_PLACED"
"2026-04-10 09:48:08.857";"b-pk-00000021";"rec-b-pk-00000021";"2026-06-30 23:59:59.000";"b";"ds-b0049";"NULL";"b0049-b2";"2026-01-17 10:16:35.550";"NULL";"SINGLE";"NULL";"1,67";"1,02";"BET_CANCELLED"
"2026-02-06 00:19:44.065";"b-pk-00000025";"rec-b-pk-00000025";"2026-06-30 23:59:59.000";"b";"ds-b0049";"NULL";"b0049-b3";"2026-02-23 13:51:09.183";"NULL";"SINGLE";"NULL";"0,09";"4,10";"BET_LOST"
"2026-01-02 00:22:59.201";"b-pk-00000028";"rec-b-pk-00000028";"2026-06-30 23:59:59.000";"b";"ds-b0049";"NULL";"b0049-b4";"2026-04-14 00:47:44.763";"NULL";"SINGLE";"NULL";"1,50";"11,25";"BET_WON"
"2026-02-20 19:47:30.268";"c-pk-00000015";"rec-c-pk-00000015";"2026-06-30 23:59:59.000";"c";"ds-c0050";"NULL";"c0050-b0";"2026-03-16 09:42:52.553";"NULL";"SYSTEM";"NULL";"1,67";"15,13";"BET_PLACED"
"2026-03-06 09:02:24.145";"c-pk-00000021";"rec-c-pk-00000021";"2026-06-30 23:59:59.000";"c";"ds-c0050";"NULL";"c0050-b1";"2026-03-22 10:27:35.924";"NULL";"COMBINED";"NULL";"1,57";"3,39";"BET_LOST"
"2026-01-01 23:15:25.130";"c-pk-00000025";"rec-c-pk-00000025";"2026-06-30 23:59:59.000";"c";"ds-c0050";"NULL";"c0050-b2";"2026-03-07 03:10:44.848";"NULL";"SYSTEM";"NULL";"1,32";"18,98";"BET_PLACED"
"2026-04-07 08:18:54.922";"c-pk-00000031";"rec-c-pk-00000031";"2026-06-30 23:59:59.000";"c";"ds-c0050";"NULL";"c0050-b3";"2026-01-12 18:19:44.825";"NULL";"SYSTEM";"NULL";"1,21";"1,70";"BET_WON"
"2026-01-04 16:36:55.109";"c-pk-00000036";"rec-c-pk-00000036";"2026-06-30 23:59:59.000";"c";"ds-c0050";"NULL";"c0050-b4";"2026-03-24 07:30:51.825";"NULL";"SYSTEM";"NULL";"0,71";"14,03";"BET_WON"
"2026-01-21 10:55:24.840";"a-pk-00000008";"rec-a-pk-00000008";"2026-06-30 23:59:59.000";"a";"ds-a0051";"NULL";"a0051-b0";"2026-01-12 20:18:28.681";"NULL";"SINGLE";"NULL";"0,75";"12,11";"BET_WON"
"2026-03-03 22:43:26.078";"a-pk-00000012";"rec-a-pk-00000012";"2026-06-30 23:59:59.000";"a";"ds-a0051";"NULL";"a0051-b1";"2026-02-10 05:33:05.386";"NULL";"COMBINED";"NULL";"0,07";"2,99";"BET_CANCELLED"
"2026-04-25 08:55:20.772";"a-pk-00000017";"rec-a-pk-00000017";"2026-06-30 23:59:59.000";"a";"ds-a0051";"NULL";"a0051-b2";"2026-01-19 05:11:32.549";"NULL";"COMBINED";"NULL";"1,92";"3,13";"BET_WON"
"2026-01-06 17:08:25.136";"a-pk-00000022";"rec-a-pk-00000022";"2026-06-30 23:59:59.000";"a";"ds-a0051";"NULL";"a0051-b3";"2026-01-12 06:32:52.652";"NULL";"COMBINED";"NULL";"0,70";"15,96";"BET_PLACED"
"2026-04-07 05:11:23.080";"a-pk-00000027";"rec-a-pk-00000027";"2026-06-30 23:59:59.000";"a";"ds-a0051";"NULL";"a0051-b4";"2026-04-05 23:24:16.886";"NULL";"SYSTEM";"NULL";"1,98";"17,00";"BET_WON"
"2026-01-13 18:48:47.642";"b-pk-00000015";"rec-b-pk-00000015";"2026-06-30 23:59:59.000";"b";"ds-b0052";"NULL";"b0052-b0";"2026-01-09 03:25:51.002";"NULL";"SINGLE";"NULL";"0,30";"5,47";"BET_CANCELLED"
"2026-02-15 02:59:06.535";"b-pk-00000019";"rec-b-pk-00000019";"2026-06-30 23:59:59.000";"b";"ds-b0052";"NULL";"b0052-b1";"2026-02-08 13:07:56.099";"NULL";"SYSTEM";"NULL";"1,76";"7,05";"BET_LOST"
"2026-02-08 11:29:01.008";"b-pk-00000025";"rec-b-pk-00000025";"2026-06-30 23:59:59.000";"b";"ds-b0052";"NULL";"b0052-b2";"2026-02-26 11:40:12.421";"NULL";"COMBINED";"NULL";"0,59";"4,03";"BET_PLACED"
"2026-03-28 20:29:52.536";"c-pk-00000008";"rec-c-pk-00000008";"2026-06-30 23:59:59.000";"c";"ds-c0053";"NULL";"c0053-b0";"2026-01-24 16:16:06.595";"NULL";"SYSTEM";"NULL";"0,66";"7,93";"BET_PLACED"
"2026-01-26 12:38:42.781";"c-pk-00000014";"rec-c-pk-00000014";"2026-06-30 23:59:59.000";"c";"ds-c0053";"NULL";"c0053-b1";"2026-02-13 05:10:52.124";"NULL";"COMBINED";"NULL";"0,76";"7,70";"BET_CANCELLED"
"2026-01-24 13:38:51.828";"c-pk-00000019";"rec-c-pk-00000019";"2026-06-30 23:59:59.000";"c";"ds-c0053";"NULL";"c0053-b2";"2026-03-17 02:14:01.010";"NULL";"COMBINED";"NULL";"0,15";"1,29";"BET_WON"
"2026-04-14 08:49:09.502";"c-pk-00000022";"rec-c-pk-00000022";"2026-06-30 23:59:59.000";"c";"ds-c0053";"NULL";"c0053-b3";"2026-01-01 10:01:52.121";"NULL";"COMBINED";"NULL";"1,01";"16,36";"BET_CANCELLED"
"2026-01-07 02:25:59.198";"a-pk-00000014";"rec-a-pk-00000014";"2026-06-30 23:59:59.000";"a";"ds-a0054";"NULL";"a0054-b0";"2026-04-18 00:55:04.461";"NULL";"COMBINED";"NULL";"0,89";"15,79";"BET_LOST"
"2026-04-28 05:35:41.311";"a-pk-00000020";"rec-a-pk-00000020";"2026-06-30 23:59:59.000";"a";"ds-a0054";"NULL";"a0054-b1";"2026-04-15 12:41:21.843";"NULL";"SINGLE";"NULL";"0,71";"4,90";"BET_CANCELLED"
"2026-03-25 09:56:52.243";"a-pk-00000024";"rec-a-pk-00000024";"2026-06-30 23:59:59.000";"a";"ds-a0054";"NULL";"a0054-b2";"2026-02-20 01:10:11.790";"NULL";"SINGLE";"NULL";"1,24";"6,31";"BET_PLACED"
"2026-01-08 12:37:32.832";"a-pk-00000027";"rec-a-pk-00000027";"2026-06-30 23:59:59.000";"a";"ds-a0054";"NULL";"a0054-b3";"2026-02-11 09:21:50.735";"NULL";"SYSTEM";"NULL";"1,11";"11,64";"BET_WON"
"2026-03-16 10:09:42.873";"a-pk-00000033";"rec-a-pk-00000033";"2026-06-30 23:59:59.000";"a";"ds-a0054";"NULL";"a0054-b4";"2026-03-08 23:25:08.966";"NULL";"COMBINED";"NULL";"1,02";"18,44";"BET_LOST"
"2026-04-14 01:27:54.709";"b-pk-00000014";"rec-b-pk-00000014";"2026-06-30 23:59:59.000";"b";"ds-b0055";"NULL";"b0055-b0";"2026-04-16 21:57:24.535";"NULL";"COMBINED";"NULL";"0,42";"5,77";"BET_LOST"
"2026-01-25 15:10:14.275";"b-pk-00000017";"rec-b-pk-00000017";"2026-06-30 23:59:59.000";"b";"ds-b0055";"NULL";"b0055-b1";"2026-03-18 07:28:19.273";"NULL";"COMBINED";"NULL";"0,69";"15,84";"BET_WON"
"2026-03-14 08:57:26.869";"b-pk-00000023";"rec-b-pk-00000023";"2026-06-30 23:59:59.000";"b";"ds-b0055";"NULL";"b0055-b2";"2026-04-03 17:48:28.863";"NULL";"SYSTEM";"NULL";"0,93";"13,91";"BET_CANCELLED"
"2026-01-21 05:59:26.199";"c-pk-00000012";"rec-c-pk-00000012";"2026-06-30 23:59:59.000";"c";"ds-c0056";"NULL";"c0056-b0";"2026-02-27 00:15:39.122";"NULL";"COMBINED";"NULL";"1,35";"17,76";"BET_LOST"
"2026-02-13 10:08:54.783";"c-pk-00000017";"rec-c-pk-00000017";"2026-06-30 23:59:59.000";"c";"ds-c0056";"NULL";"c0056-b1";"2026-04-21 14:00:08.940";"NULL";"COMBINED";"NULL";"1,78";"6,86";"BET_LOST"
"2026-04-06 05:26:36.634";"c-pk-00000022";"rec-c-pk-00000022";"2026-06-30 23:59:59.000";"c";"ds-c0056";"NULL";"c0056-b2";"2026-02-05 23:03:16.190";"NULL";"SYSTEM";"NULL";"0,26";"8,29";"BET_CANCELLED"
"2026-04-18 17:00:09.401";"a-pk-00000012";"rec-a-pk-00000012";"2026-06-30 23:59:59.000";"a";"ds-a0057";"NULL";"a0057-b0";"2026-04-22 08:40:44.761";"NULL";"SINGLE";"NULL";"0,64";"12,55";"BET_LOST"
"2026-01-20 05:02:43.732";"a-pk-00000016";"rec-a-pk-00000016";"2026-06-30 23:59:59.000";"a";"ds-a0057";"NULL";"a0057-b1";"2026-04-02 16:46:38.571";"NULL";"COMBINED";"NULL";"0,23";"14,29";"BET_PLACED"
"2026-04-06 07:20:44.777";"a-pk-00000022";"rec-a-pk-00000022";"2026-06-30 23:59:59.000";"a";"ds-a0057";"NULL";"a0057-b2";"2026-04-26 15:51:24.417";"NULL";"SINGLE";"NULL";"1,15";"18,53";"BET_LOST"
"2026-01-05 23:33:56.656";"a-pk-00000025";"rec-a-pk-00000025";"2026-06-30 23:59:59.000";"a";"ds-a0057";"NULL";"a0057-b3";"2026-04-13 07:27:53.008";"NULL";"COMBINED";"NULL";"0,18";"13,03";"BET_LOST"
"2026-04-24 16:44:02.977";"b-pk-00000016";"rec-b-pk-00000016";"2026-06-30 23:59:59.000";"b";"ds-b0058";"NULL";"b0058-b0";"2026-04-15 14:13:13.961";"NULL";"SINGLE";"NULL";"0,80";"74,36";"BET_CANCELLED"
"2026-04-26 11:32:10.438";"b-pk-00000020";"rec-b-pk-00000020";"2026-06-30 23:59:59.000";"b";"ds-b0058";"NULL";"b0058-b1";"2026-04-09 00:43:41.889";"NULL";"COMBINED";"NULL";"0,91";"11,88";"BET_PLACED"
"2026-02-05 04:47:14.998";"b-pk-00000025";"rec-b-pk-00000025";"2026-06-30 23:59:59.000";"b";"ds-b0058";"NULL";"b0058-b2";"2026-02-05 13:49:55.446";"NULL";"COMBINED";"NULL";"1,18";"71,56";"BET_PLACED"
"2026-02-11 12:45:29.764";"b-pk-00000028";"rec-b-pk-00000028";"2026-06-30 23:59:59.000";"b";"ds-b0058";"NULL";"b0058-b3";"2026-03-16 09:11:52.910";"NULL";"SYSTEM";"NULL";"1,01";"39,84";"BET_WON"
"2026-04-22 14:39:17.580";"b-pk-00000032";"rec-b-pk-00000032";"2026-06-30 23:59:59.000";"b";"ds-b0058";"NULL";"b0058-b4";"2026-03-13 00:48:43.332";"NULL";"SYSTEM";"NULL";"1,55";"31,56";"BET_WON"
"2026-03-11 11:56:31.360";"b-pk-00000036";"rec-b-pk-00000036";"2026-06-30 23:59:59.000";"b";"ds-b0058";"NULL";"b0058-b5";"2026-03-11 15:42:59.535";"NULL";"COMBINED";"NULL";"0,20";"77,32";"BET_LOST"
"2026-02-14 06:02:56.637";"b-pk-00000040";"rec-b-pk-00000040";"2026-06-30 23:59:59.000";"b";"ds-b0058";"NULL";"b0058-b6";"2026-04-28 01:46:04.463";"NULL";"SINGLE";"NULL";"0,60";"74,99";"BET_WON"
"2026-04-05 08:21:09.568";"b-pk-00000044";"rec-b-pk-00000044";"2026-06-30 23:59:59.000";"b";"ds-b0058";"NULL";"b0058-b7";"2026-04-20 15:55:54.941";"NULL";"SYSTEM";"NULL";"0,54";"17,57";"BET_CANCELLED"
"2026-02-07 00:32:33.772";"b-pk-00000049";"rec-b-pk-00000049";"2026-06-30 23:59:59.000";"b";"ds-b0058";"NULL";"b0058-b8";"2026-04-24 08:58:43.535";"NULL";"SYSTEM";"NULL";"1,45";"67,29";"BET_LOST"
"2026-01-02 22:52:50.781";"b-pk-00000055";"rec-b-pk-00000055";"2026-06-30 23:59:59.000";"b";"ds-b0058";"NULL";"b0058-b9";"2026-02-06 07:30:43.847";"NULL";"SYSTEM";"NULL";"1,96";"25,99";"BET_LOST"
"2026-01-05 18:41:50.552";"b-pk-00000061";"rec-b-pk-00000061";"2026-06-30 23:59:59.000";"b";"ds-b0058";"NULL";"b0058-b10";"2026-01-21 10:47:05.560";"NULL";"SYSTEM";"NULL";"1,05";"31,57";"BET_PLACED"
"2026-02-19 03:12:14.657";"c-pk-00000020";"rec-c-pk-00000020";"2026-06-30 23:59:59.000";"c";"ds-c0059";"NULL";"c0059-b0";"2026-01-25 06:16:34.314";"NULL";"SINGLE";"NULL";"0,35";"15,34";"BET_CANCELLED"
"2026-02-24 01:46:51.597";"c-pk-00000024";"rec-c-pk-00000024";"2026-06-30 23:59:59.000";"c";"ds-c0059";"NULL";"c0059-b1";"2026-03-19 16:27:27.197";"NULL";"COMBINED";"NULL";"1,90";"20,55";"BET_CANCELLED"
"2026-04-03 05:41:29.884";"c-pk-00000030";"rec-c-pk-00000030";"2026-06-30 23:59:59.000";"c";"ds-c0059";"NULL";"c0059-b2";"2026-04-16 18:09:19.105";"NULL";"COMBINED";"NULL";"1,29";"74,79";"BET_WON"
"2026-04-06 10:41:17.858";"c-pk-00000036";"rec-c-pk-00000036";"2026-06-30 23:59:59.000";"c";"ds-c0059";"NULL";"c0059-b3";"2026-03-13 06:37:49.304";"NULL";"COMBINED";"NULL";"0,29";"46,67";"BET_WON"
"2026-03-24 18:02:48.772";"c-pk-00000041";"rec-c-pk-00000041";"2026-06-30 23:59:59.000";"c";"ds-c0059";"NULL";"c0059-b4";"2026-01-04 12:49:45.252";"NULL";"SYSTEM";"NULL";"0,16";"18,89";"BET_LOST"
"2026-01-24 02:56:39.616";"c-pk-00000045";"rec-c-pk-00000045";"2026-06-30 23:59:59.000";"c";"ds-c0059";"NULL";"c0059-b5";"2026-04-28 13:59:07.413";"NULL";"SYSTEM";"NULL";"0,08";"24,07";"BET_PLACED"
"2026-01-07 04:50:45.100";"c-pk-00000048";"rec-c-pk-00000048";"2026-06-30 23:59:59.000";"c";"ds-c0059";"NULL";"c0059-b6";"2026-04-04 22:56:05.809";"NULL";"COMBINED";"NULL";"1,17";"25,45";"BET_PLACED"
"2026-01-02 20:31:19.629";"c-pk-00000052";"rec-c-pk-00000052";"2026-06-30 23:59:59.000";"c";"ds-c0059";"NULL";"c0059-b7";"2026-03-28 13:12:38.073";"NULL";"SINGLE";"NULL";"1,94";"52,95";"BET_CANCELLED"
"2026-04-19 20:03:44.305";"a-pk-00000009";"rec-a-pk-00000009";"2026-06-30 23:59:59.000";"a";"ds-a0060";"NULL";"a0060-b0";"2026-03-06 18:57:47.000";"NULL";"COMBINED";"NULL";"0,72";"3,91";"BET_CANCELLED"
"2026-03-07 15:46:25.630";"a-pk-00000013";"rec-a-pk-00000013";"2026-06-30 23:59:59.000";"a";"ds-a0060";"NULL";"a0060-b1";"2026-01-05 11:14:40.020";"NULL";"SYSTEM";"NULL";"1,23";"13,16";"BET_CANCELLED"
"2026-02-22 04:39:50.346";"a-pk-00000018";"rec-a-pk-00000018";"2026-06-30 23:59:59.000";"a";"ds-a0060";"NULL";"a0060-b2";"2026-02-12 14:03:15.781";"NULL";"SINGLE";"NULL";"1,35";"6,53";"BET_WON"
"2026-01-12 21:15:37.180";"a-pk-00000022";"rec-a-pk-00000022";"2026-06-30 23:59:59.000";"a";"ds-a0060";"NULL";"a0060-b3";"2026-01-10 02:26:29.554";"NULL";"SINGLE";"NULL";"1,80";"8,27";"BET_WON"
"2026-02-07 14:41:46.901";"b-pk-00000015";"rec-b-pk-00000015";"2026-06-30 23:59:59.000";"b";"ds-b0061";"NULL";"b0061-b0";"2026-03-15 17:43:53.969";"NULL";"SINGLE";"NULL";"0,31";"2,07";"BET_LOST"
"2026-02-07 06:27:54.462";"b-pk-00000018";"rec-b-pk-00000018";"2026-06-30 23:59:59.000";"b";"ds-b0061";"NULL";"b0061-b1";"2026-03-17 08:08:24.836";"NULL";"COMBINED";"NULL";"1,35";"8,24";"BET_WON"
"2026-01-09 16:41:13.488";"b-pk-00000024";"rec-b-pk-00000024";"2026-06-30 23:59:59.000";"b";"ds-b0061";"NULL";"b0061-b2";"2026-03-03 21:13:53.338";"NULL";"SINGLE";"NULL";"0,62";"7,07";"BET_PLACED"
"2026-01-12 21:35:13.690";"c-pk-00000027";"rec-c-pk-00000027";"2026-06-30 23:59:59.000";"c";"ds-c0062";"NULL";"c0062-b0";"2026-03-23 07:04:53.883";"NULL";"SINGLE";"NULL";"1,56";"20,32";"BET_CANCELLED"
"2026-02-14 07:27:34.538";"c-pk-00000031";"rec-c-pk-00000031";"2026-06-30 23:59:59.000";"c";"ds-c0062";"NULL";"c0062-b1";"2026-01-17 15:30:25.890";"NULL";"SINGLE";"NULL";"1,81";"53,67";"BET_PLACED"
"2026-01-05 10:21:39.488";"c-pk-00000034";"rec-c-pk-00000034";"2026-06-30 23:59:59.000";"c";"ds-c0062";"NULL";"c0062-b2";"2026-01-15 09:37:37.247";"NULL";"COMBINED";"NULL";"0,96";"13,03";"BET_LOST"
"2026-04-09 05:36:48.992";"c-pk-00000039";"rec-c-pk-00000039";"2026-06-30 23:59:59.000";"c";"ds-c0062";"NULL";"c0062-b3";"2026-01-21 16:25:53.640";"NULL";"SINGLE";"NULL";"0,05";"53,26";"BET_LOST"
"2026-01-25 00:22:08.578";"a-pk-00000011";"rec-a-pk-00000011";"2026-06-30 23:59:59.000";"a";"ds-a0063";"NULL";"a0063-b0";"2026-04-07 21:29:27.796";"NULL";"COMBINED";"NULL";"1,03";"9,57";"BET_PLACED"
"2026-03-21 02:34:45.740";"a-pk-00000016";"rec-a-pk-00000016";"2026-06-30 23:59:59.000";"a";"ds-a0063";"NULL";"a0063-b1";"2026-03-14 21:44:29.695";"NULL";"COMBINED";"NULL";"0,29";"15,99";"BET_PLACED"
"2026-02-22 23:04:56.770";"a-pk-00000019";"rec-a-pk-00000019";"2026-06-30 23:59:59.000";"a";"ds-a0063";"NULL";"a0063-b2";"2026-02-12 07:11:02.789";"NULL";"SYSTEM";"NULL";"1,34";"10,94";"BET_CANCELLED"
"2026-01-14 07:17:35.373";"a-pk-00000022";"rec-a-pk-00000022";"2026-06-30 23:59:59.000";"a";"ds-a0063";"NULL";"a0063-b3";"2026-01-25 01:30:58.009";"NULL";"COMBINED";"NULL";"1,74";"1,52";"BET_LOST"
"2026-04-04 13:38:19.623";"b-pk-00000009";"rec-b-pk-00000009";"2026-06-30 23:59:59.000";"b";"ds-b0064";"NULL";"b0064-b0";"2026-03-27 11:28:52.182";"NULL";"SYSTEM";"NULL";"0,82";"10,27";"BET_PLACED"
"2026-04-20 16:21:17.592";"b-pk-00000012";"rec-b-pk-00000012";"2026-06-30 23:59:59.000";"b";"ds-b0064";"NULL";"b0064-b1";"2026-02-14 03:51:53.247";"NULL";"SINGLE";"NULL";"0,07";"17,11";"BET_LOST"
"2026-03-25 10:06:28.828";"b-pk-00000015";"rec-b-pk-00000015";"2026-06-30 23:59:59.000";"b";"ds-b0064";"NULL";"b0064-b2";"2026-03-24 06:38:40.157";"NULL";"SINGLE";"NULL";"0,54";"16,84";"BET_WON"
"2026-04-09 06:21:52.852";"c-pk-00000009";"rec-c-pk-00000009";"2026-06-30 23:59:59.000";"c";"ds-c0065";"NULL";"c0065-b0";"2026-04-20 04:35:21.351";"NULL";"SINGLE";"NULL";"0,04";"17,38";"BET_WON"
"2026-03-09 04:35:32.972";"c-pk-00000013";"rec-c-pk-00000013";"2026-06-30 23:59:59.000";"c";"ds-c0065";"NULL";"c0065-b1";"2026-02-01 01:48:37.817";"NULL";"SYSTEM";"NULL";"0,91";"18,76";"BET_LOST"
"2026-03-16 14:27:59.095";"a-pk-00000015";"rec-a-pk-00000015";"2026-06-30 23:59:59.000";"a";"ds-a0066";"NULL";"a0066-b0";"2026-04-26 08:25:27.078";"NULL";"COMBINED";"NULL";"1,02";"15,52";"BET_CANCELLED"
"2026-02-01 06:20:38.268";"a-pk-00000021";"rec-a-pk-00000021";"2026-06-30 23:59:59.000";"a";"ds-a0066";"NULL";"a0066-b1";"2026-03-06 08:29:19.885";"NULL";"COMBINED";"NULL";"0,56";"1,32";"BET_WON"
"2026-02-10 17:48:36.093";"a-pk-00000026";"rec-a-pk-00000026";"2026-06-30 23:59:59.000";"a";"ds-a0066";"NULL";"a0066-b2";"2026-02-07 17:13:54.099";"NULL";"SYSTEM";"NULL";"1,10";"14,61";"BET_PLACED"
"2026-03-15 13:47:53.724";"a-pk-00000031";"rec-a-pk-00000031";"2026-06-30 23:59:59.000";"a";"ds-a0066";"NULL";"a0066-b3";"2026-04-12 19:35:19.679";"NULL";"COMBINED";"NULL";"0,86";"15,24";"BET_LOST"
"2026-01-14 16:32:21.437";"b-pk-00000008";"rec-b-pk-00000008";"2026-06-30 23:59:59.000";"b";"ds-b0067";"NULL";"b0067-b0";"2026-01-17 06:09:15.382";"NULL";"SINGLE";"NULL";"1,07";"6,66";"BET_CANCELLED"
"2026-04-09 17:45:29.988";"b-pk-00000011";"rec-b-pk-00000011";"2026-06-30 23:59:59.000";"b";"ds-b0067";"NULL";"b0067-b1";"2026-03-22 22:21:38.643";"NULL";"SINGLE";"NULL";"0,55";"19,37";"BET_PLACED"
"2026-04-08 23:00:58.828";"b-pk-00000015";"rec-b-pk-00000015";"2026-06-30 23:59:59.000";"b";"ds-b0067";"NULL";"b0067-b2";"2026-03-04 19:25:28.542";"NULL";"SYSTEM";"NULL";"0,10";"19,15";"BET_LOST"
"2026-02-17 10:20:43.100";"c-pk-00000020";"rec-c-pk-00000020";"2026-06-30 23:59:59.000";"c";"ds-c0068";"NULL";"c0068-b0";"2026-03-19 01:31:34.442";"NULL";"SYSTEM";"NULL";"0,80";"56,59";"BET_PLACED"
"2026-02-13 00:32:11.997";"c-pk-00000026";"rec-c-pk-00000026";"2026-06-30 23:59:59.000";"c";"ds-c0068";"NULL";"c0068-b1";"2026-02-26 11:49:40.447";"NULL";"COMBINED";"NULL";"1,70";"15,34";"BET_CANCELLED"
"2026-02-27 10:51:39.885";"c-pk-00000030";"rec-c-pk-00000030";"2026-06-30 23:59:59.000";"c";"ds-c0068";"NULL";"c0068-b2";"2026-04-03 03:37:31.808";"NULL";"SYSTEM";"NULL";"0,61";"78,16";"BET_LOST"
"2026-02-11 08:03:57.099";"c-pk-00000035";"rec-c-pk-00000035";"2026-06-30 23:59:59.000";"c";"ds-c0068";"NULL";"c0068-b3";"2026-01-03 08:42:33.249";"NULL";"SINGLE";"NULL";"0,22";"35,99";"BET_WON"
"2026-04-06 03:31:09.042";"c-pk-00000038";"rec-c-pk-00000038";"2026-06-30 23:59:59.000";"c";"ds-c0068";"NULL";"c0068-b4";"2026-01-16 13:41:30.705";"NULL";"SINGLE";"NULL";"0,56";"42,36";"BET_CANCELLED"
"2026-01-19 23:45:48.498";"c-pk-00000041";"rec-c-pk-00000041";"2026-06-30 23:59:59.000";"c";"ds-c0068";"NULL";"c0068-b5";"2026-02-20 21:01:24.803";"NULL";"COMBINED";"NULL";"1,29";"19,13";"BET_WON"
"2026-02-07 11:34:14.774";"c-pk-00000046";"rec-c-pk-00000046";"2026-06-30 23:59:59.000";"c";"ds-c0068";"NULL";"c0068-b6";"2026-04-12 08:32:00.144";"NULL";"SYSTEM";"NULL";"1,01";"24,55";"BET_PLACED"
"2026-04-19 18:00:59.225";"c-pk-00000049";"rec-c-pk-00000049";"2026-06-30 23:59:59.000";"c";"ds-c0068";"NULL";"c0068-b7";"2026-02-07 02:36:21.376";"NULL";"SYSTEM";"NULL";"0,68";"60,91";"BET_CANCELLED"
"2026-03-11 03:04:27.862";"a-pk-00000014";"rec-a-pk-00000014";"2026-06-30 23:59:59.000";"a";"ds-a0069";"NULL";"a0069-b0";"2026-02-19 03:21:34.987";"NULL";"SYSTEM";"NULL";"0,42";"48,74";"BET_CANCELLED"
"2026-04-08 20:27:45.808";"a-pk-00000018";"rec-a-pk-00000018";"2026-06-30 23:59:59.000";"a";"ds-a0069";"NULL";"a0069-b1";"2026-01-06 09:41:36.975";"NULL";"COMBINED";"NULL";"0,92";"14,58";"BET_LOST"
"2026-04-23 22:53:08.128";"a-pk-00000023";"rec-a-pk-00000023";"2026-06-30 23:59:59.000";"a";"ds-a0069";"NULL";"a0069-b2";"2026-04-14 04:18:56.171";"NULL";"COMBINED";"NULL";"0,73";"47,92";"BET_PLACED"
"2026-01-01 20:04:33.272";"a-pk-00000026";"rec-a-pk-00000026";"2026-06-30 23:59:59.000";"a";"ds-a0069";"NULL";"a0069-b3";"2026-01-09 15:55:21.431";"NULL";"SYSTEM";"NULL";"0,25";"49,22";"BET_WON"
"2026-02-13 10:00:02.736";"a-pk-00000030";"rec-a-pk-00000030";"2026-06-30 23:59:59.000";"a";"ds-a0069";"NULL";"a0069-b4";"2026-02-14 05:47:19.476";"NULL";"SYSTEM";"NULL";"0,41";"48,80";"BET_PLACED"
"2026-02-02 05:14:27.317";"a-pk-00000036";"rec-a-pk-00000036";"2026-06-30 23:59:59.000";"a";"ds-a0069";"NULL";"a0069-b5";"2026-04-08 08:21:15.644";"NULL";"SYSTEM";"NULL";"0,20";"15,12";"BET_LOST"
"2026-03-26 03:38:48.254";"b-pk-00000013";"rec-b-pk-00000013";"2026-06-30 23:59:59.000";"b";"ds-b0070";"NULL";"b0070-b0";"2026-04-22 12:40:37.831";"NULL";"SINGLE";"NULL";"1,34";"8,77";"BET_CANCELLED"
"2026-01-17 03:07:54.875";"b-pk-00000016";"rec-b-pk-00000016";"2026-06-30 23:59:59.000";"b";"ds-b0070";"NULL";"b0070-b1";"2026-01-08 08:05:17.095";"NULL";"SINGLE";"NULL";"1,12";"2,97";"BET_PLACED"
"2026-02-03 00:12:06.268";"b-pk-00000020";"rec-b-pk-00000020";"2026-06-30 23:59:59.000";"b";"ds-b0070";"NULL";"b0070-b2";"2026-01-10 21:52:32.469";"NULL";"SYSTEM";"NULL";"1,62";"7,72";"BET_CANCELLED"
"2026-01-02 21:05:50.981";"c-pk-00000010";"rec-c-pk-00000010";"2026-06-30 23:59:59.000";"c";"ds-c0071";"NULL";"c0071-b0";"2026-03-01 19:59:11.398";"NULL";"SINGLE";"NULL";"1,59";"3,11";"BET_PLACED"
"2026-04-16 04:12:43.954";"c-pk-00000014";"rec-c-pk-00000014";"2026-06-30 23:59:59.000";"c";"ds-c0071";"NULL";"c0071-b1";"2026-03-22 12:53:36.639";"NULL";"SINGLE";"NULL";"0,44";"2,17";"BET_LOST"
"2026-02-07 13:16:48.119";"c-pk-00000018";"rec-c-pk-00000018";"2026-06-30 23:59:59.000";"c";"ds-c0071";"NULL";"c0071-b2";"2026-01-21 20:40:45.228";"NULL";"SINGLE";"NULL";"1,38";"9,29";"BET_WON"
"2026-02-15 18:16:38.866";"c-pk-00000021";"rec-c-pk-00000021";"2026-06-30 23:59:59.000";"c";"ds-c0071";"NULL";"c0071-b3";"2026-04-26 14:58:06.179";"NULL";"COMBINED";"NULL";"1,25";"7,10";"BET_WON"
"2026-02-17 00:37:08.302";"a-pk-00000008";"rec-a-pk-00000008";"2026-06-30 23:59:59.000";"a";"ds-a0072";"NULL";"a0072-b0";"2026-04-10 04:37:26.850";"NULL";"SYSTEM";"NULL";"0,19";"7,81";"BET_LOST"
"2026-03-09 23:03:44.871";"a-pk-00000012";"rec-a-pk-00000012";"2026-06-30 23:59:59.000";"a";"ds-a0072";"NULL";"a0072-b1";"2026-02-15 20:28:40.311";"NULL";"SINGLE";"NULL";"1,43";"10,44";"BET_CANCELLED"
"2026-02-02 14:41:42.100";"b-pk-00000010";"rec-b-pk-00000010";"2026-06-30 23:59:59.000";"b";"ds-b0073";"NULL";"b0073-b0";"2026-03-27 06:19:43.039";"NULL";"COMBINED";"NULL";"1,61";"16,96";"BET_CANCELLED"
"2026-02-09 15:31:04.299";"b-pk-00000015";"rec-b-pk-00000015";"2026-06-30 23:59:59.000";"b";"ds-b0073";"NULL";"b0073-b1";"2026-03-20 22:03:12.143";"NULL";"SINGLE";"NULL";"0,85";"12,64";"BET_PLACED"
"2026-01-21 04:30:43.749";"b-pk-00000019";"rec-b-pk-00000019";"2026-06-30 23:59:59.000";"b";"ds-b0073";"NULL";"b0073-b2";"2026-01-25 05:06:35.577";"NULL";"SINGLE";"NULL";"1,51";"1,27";"BET_CANCELLED"
"2026-02-23 10:27:00.511";"b-pk-00000023";"rec-b-pk-00000023";"2026-06-30 23:59:59.000";"b";"ds-b0073";"NULL";"b0073-b3";"2026-03-19 10:03:08.992";"NULL";"COMBINED";"NULL";"1,00";"15,60";"BET_LOST"
"2026-03-21 07:55:38.432";"c-pk-00000014";"rec-c-pk-00000014";"2026-06-30 23:59:59.000";"c";"ds-c0074";"NULL";"c0074-b0";"2026-03-20 19:30:17.663";"NULL";"COMBINED";"NULL";"0,64";"69,50";"BET_CANCELLED"
"2026-03-15 08:16:21.027";"c-pk-00000020";"rec-c-pk-00000020";"2026-06-30 23:59:59.000";"c";"ds-c0074";"NULL";"c0074-b1";"2026-03-17 12:10:18.752";"NULL";"SINGLE";"NULL";"1,13";"46,63";"BET_CANCELLED"
"2026-03-27 18:26:07.512";"c-pk-00000024";"rec-c-pk-00000024";"2026-06-30 23:59:59.000";"c";"ds-c0074";"NULL";"c0074-b2";"2026-03-20 07:52:10.078";"NULL";"SINGLE";"NULL";"1,33";"5,13";"BET_CANCELLED"
"2026-04-22 08:38:46.552";"c-pk-00000028";"rec-c-pk-00000028";"2026-06-30 23:59:59.000";"c";"ds-c0074";"NULL";"c0074-b3";"2026-01-23 19:09:04.874";"NULL";"COMBINED";"NULL";"0,56";"25,10";"BET_PLACED"
"2026-02-14 00:44:21.985";"c-pk-00000033";"rec-c-pk-00000033";"2026-06-30 23:59:59.000";"c";"ds-c0074";"NULL";"c0074-b4";"2026-01-04 19:59:08.739";"NULL";"SYSTEM";"NULL";"1,20";"15,38";"BET_CANCELLED"
"2026-02-08 01:13:53.450";"c-pk-00000037";"rec-c-pk-00000037";"2026-06-30 23:59:59.000";"c";"ds-c0074";"NULL";"c0074-b5";"2026-02-23 04:28:40.945";"NULL";"COMBINED";"NULL";"1,92";"14,92";"BET_CANCELLED"
"2026-04-05 18:45:40.084";"a-pk-00000012";"rec-a-pk-00000012";"2026-06-30 23:59:59.000";"a";"ds-a0075";"NULL";"a0075-b0";"2026-01-11 10:57:41.245";"NULL";"SYSTEM";"NULL";"0,89";"6,71";"BET_LOST"
"2026-02-10 01:12:52.746";"a-pk-00000017";"rec-a-pk-00000017";"2026-06-30 23:59:59.000";"a";"ds-a0075";"NULL";"a0075-b1";"2026-04-07 00:32:46.793";"NULL";"SYSTEM";"NULL";"0,72";"17,31";"BET_WON"
"2026-01-25 03:09:01.791";"a-pk-00000023";"rec-a-pk-00000023";"2026-06-30 23:59:59.000";"a";"ds-a0075";"NULL";"a0075-b2";"2026-04-03 05:31:15.297";"NULL";"SINGLE";"NULL";"0,33";"2,64";"BET_WON"
"2026-03-13 17:46:52.712";"a-pk-00000026";"rec-a-pk-00000026";"2026-06-30 23:59:59.000";"a";"ds-a0075";"NULL";"a0075-b3";"2026-01-17 04:04:42.222";"NULL";"SINGLE";"NULL";"0,41";"9,40";"BET_WON"
"2026-03-10 04:53:05.759";"b-pk-00000016";"rec-b-pk-00000016";"2026-06-30 23:59:59.000";"b";"ds-b0076";"NULL";"b0076-b0";"2026-03-10 19:47:24.438";"NULL";"SYSTEM";"NULL";"1,50";"38,60";"BET_LOST"
"2026-03-21 20:21:28.414";"b-pk-00000021";"rec-b-pk-00000021";"2026-06-30 23:59:59.000";"b";"ds-b0076";"NULL";"b0076-b1";"2026-01-15 17:06:08.699";"NULL";"SYSTEM";"NULL";"1,90";"59,28";"BET_WON"
"2026-02-02 04:26:56.333";"b-pk-00000025";"rec-b-pk-00000025";"2026-06-30 23:59:59.000";"b";"ds-b0076";"NULL";"b0076-b2";"2026-04-22 15:36:35.127";"NULL";"SYSTEM";"NULL";"0,76";"51,34";"BET_CANCELLED"
"2026-01-19 16:15:03.776";"b-pk-00000028";"rec-b-pk-00000028";"2026-06-30 23:59:59.000";"b";"ds-b0076";"NULL";"b0076-b3";"2026-04-09 08:24:45.665";"NULL";"SINGLE";"NULL";"1,15";"29,70";"BET_LOST"
"2026-02-03 15:03:32.502";"c-pk-00000014";"rec-c-pk-00000014";"2026-06-30 23:59:59.000";"c";"ds-c0077";"NULL";"c0077-b0";"2026-04-12 13:49:42.668";"NULL";"COMBINED";"NULL";"0,43";"2,02";"BET_PLACED"
"2026-01-10 17:33:27.405";"c-pk-00000018";"rec-c-pk-00000018";"2026-06-30 23:59:59.000";"c";"ds-c0077";"NULL";"c0077-b1";"2026-04-01 03:37:07.034";"NULL";"SYSTEM";"NULL";"1,44";"14,82";"BET_CANCELLED"
"2026-03-25 22:42:42.374";"c-pk-00000022";"rec-c-pk-00000022";"2026-06-30 23:59:59.000";"c";"ds-c0077";"NULL";"c0077-b2";"2026-01-20 06:31:06.940";"NULL";"COMBINED";"NULL";"1,28";"11,63";"BET_PLACED"
"2026-04-06 23:20:03.153";"c-pk-00000027";"rec-c-pk-00000027";"2026-06-30 23:59:59.000";"c";"ds-c0077";"NULL";"c0077-b3";"2026-04-17 10:39:13.515";"NULL";"SINGLE";"NULL";"0,48";"10,72";"BET_CANCELLED"
"2026-04-20 09:24:27.000";"c-pk-00000030";"rec-c-pk-00000030";"2026-06-30 23:59:59.000";"c";"ds-c0077";"NULL";"c0077-b4";"2026-01-17 17:02:13.338";"NULL";"COMBINED";"NULL";"1,81";"12,16";"BET_PLACED"
"2026-03-25 03:44:56.570";"a-pk-00000013";"rec-a-pk-00000013";"2026-06-30 23:59:59.000";"a";"ds-a0078";"NULL";"a0078-b0";"2026-02-26 13:00:33.125";"NULL";"COMBINED";"NULL";"1,54";"5,81";"BET_CANCELLED"
"2026-04-09 10:25:27.608";"a-pk-00000016";"rec-a-pk-00000016";"2026-06-30 23:59:59.000";"a";"ds-a0078";"NULL";"a0078-b1";"2026-03-27 16:02:26.847";"NULL";"SINGLE";"NULL";"1,12";"14,00";"BET_LOST"
"2026-04-13 12:45:02.545";"b-pk-00000011";"rec-b-pk-00000011";"2026-06-30 23:59:59.000";"b";"ds-b0079";"NULL";"b0079-b0";"2026-04-06 00:16:28.406";"NULL";"COMBINED";"NULL";"0,26";"11,37";"BET_CANCELLED"
"2026-04-04 03:43:54.371";"b-pk-00000016";"rec-b-pk-00000016";"2026-06-30 23:59:59.000";"b";"ds-b0079";"NULL";"b0079-b1";"2026-03-07 06:04:38.814";"NULL";"SYSTEM";"NULL";"0,45";"16,56";"BET_LOST"
"2026-03-10 21:39:06.853";"c-pk-00000013";"rec-c-pk-00000013";"2026-06-30 23:59:59.000";"c";"ds-c0080";"NULL";"c0080-b0";"2026-02-06 15:29:00.121";"NULL";"SINGLE";"NULL";"1,93";"13,84";"BET_WON"
"2026-03-09 15:03:10.391";"c-pk-00000017";"rec-c-pk-00000017";"2026-06-30 23:59:59.000";"c";"ds-c0080";"NULL";"c0080-b1";"2026-03-27 06:44:58.199";"NULL";"COMBINED";"NULL";"0,40";"10,31";"BET_CANCELLED"
"2026-01-08 13:38:24.310";"c-pk-00000022";"rec-c-pk-00000022";"2026-06-30 23:59:59.000";"c";"ds-c0080";"NULL";"c0080-b2";"2026-03-13 18:12:11.738";"NULL";"SYSTEM";"NULL";"1,95";"10,97";"BET_LOST"
"2026-04-09 20:27:17.708";"c-pk-00000026";"rec-c-pk-00000026";"2026-06-30 23:59:59.000";"c";"ds-c0080";"NULL";"c0080-b3";"2026-04-07 06:57:18.946";"NULL";"COMBINED";"NULL";"1,97";"15,98";"BET_CANCELLED"
"2026-04-28 20:23:17.722";"c-pk-00000030";"rec-c-pk-00000030";"2026-06-30 23:59:59.000";"c";"ds-c0080";"NULL";"c0080-b4";"2026-04-03 08:16:13.910";"NULL";"COMBINED";"NULL";"1,89";"11,03";"BET_WON"
"2026-04-25 16:50:33.677";"a-pk-00000010";"rec-a-pk-00000010";"2026-06-30 23:59:59.000";"a";"ds-a0081";"NULL";"a0081-b0";"2026-02-28 11:23:41.478";"NULL";"SYSTEM";"NULL";"1,45";"7,39";"BET_LOST"
"2026-04-16 08:23:36.894";"a-pk-00000015";"rec-a-pk-00000015";"2026-06-30 23:59:59.000";"a";"ds-a0081";"NULL";"a0081-b1";"2026-03-10 14:49:53.462";"NULL";"SYSTEM";"NULL";"0,36";"6,39";"BET_PLACED"
"2026-03-26 13:42:54.500";"a-pk-00000019";"rec-a-pk-00000019";"2026-06-30 23:59:59.000";"a";"ds-a0081";"NULL";"a0081-b2";"2026-01-14 13:08:12.694";"NULL";"SYSTEM";"NULL";"0,23";"7,27";"BET_WON"
"2026-04-18 21:00:03.907";"b-pk-00000011";"rec-b-pk-00000011";"2026-06-30 23:59:59.000";"b";"ds-b0082";"NULL";"b0082-b0";"2026-04-21 21:58:50.380";"NULL";"COMBINED";"NULL";"0,71";"2,27";"BET_WON"
"2026-03-28 17:20:03.556";"b-pk-00000016";"rec-b-pk-00000016";"2026-06-30 23:59:59.000";"b";"ds-b0082";"NULL";"b0082-b1";"2026-03-14 11:40:06.241";"NULL";"SINGLE";"NULL";"0,18";"6,00";"BET_WON"
"2026-01-17 08:22:29.921";"b-pk-00000020";"rec-b-pk-00000020";"2026-06-30 23:59:59.000";"b";"ds-b0082";"NULL";"b0082-b2";"2026-04-02 01:23:09.129";"NULL";"SYSTEM";"NULL";"1,68";"15,79";"BET_LOST"
"2026-02-08 06:25:05.926";"b-pk-00000025";"rec-b-pk-00000025";"2026-06-30 23:59:59.000";"b";"ds-b0082";"NULL";"b0082-b3";"2026-04-14 13:22:25.876";"NULL";"SINGLE";"NULL";"0,83";"7,76";"BET_PLACED"
"2026-01-14 18:00:20.473";"b-pk-00000028";"rec-b-pk-00000028";"2026-06-30 23:59:59.000";"b";"ds-b0082";"NULL";"b0082-b4";"2026-03-24 21:59:27.563";"NULL";"COMBINED";"NULL";"1,91";"15,68";"BET_WON"
"2026-03-16 14:38:15.382";"c-pk-00000013";"rec-c-pk-00000013";"2026-06-30 23:59:59.000";"c";"ds-c0083";"NULL";"c0083-b0";"2026-01-16 23:31:16.521";"NULL";"COMBINED";"NULL";"1,73";"12,67";"BET_LOST"
"2026-01-04 05:35:10.412";"c-pk-00000018";"rec-c-pk-00000018";"2026-06-30 23:59:59.000";"c";"ds-c0083";"NULL";"c0083-b1";"2026-03-25 17:31:16.491";"NULL";"SYSTEM";"NULL";"1,18";"13,62";"BET_WON"
"2026-02-15 05:03:39.278";"c-pk-00000023";"rec-c-pk-00000023";"2026-06-30 23:59:59.000";"c";"ds-c0083";"NULL";"c0083-b2";"2026-01-03 22:21:31.360";"NULL";"SINGLE";"NULL";"1,03";"14,93";"BET_WON"
"2026-01-10 04:54:31.798";"c-pk-00000027";"rec-c-pk-00000027";"2026-06-30 23:59:59.000";"c";"ds-c0083";"NULL";"c0083-b3";"2026-03-09 03:03:50.734";"NULL";"SINGLE";"NULL";"1,50";"10,00";"BET_WON"
"2026-02-10 14:23:25.054";"c-pk-00000031";"rec-c-pk-00000031";"2026-06-30 23:59:59.000";"c";"ds-c0083";"NULL";"c0083-b4";"2026-01-04 02:20:45.511";"NULL";"SINGLE";"NULL";"1,29";"17,54";"BET_CANCELLED"
"2026-04-16 04:04:02.459";"a-pk-00000012";"rec-a-pk-00000012";"2026-06-30 23:59:59.000";"a";"ds-a0084";"NULL";"a0084-b0";"2026-04-23 12:58:30.309";"NULL";"SINGLE";"NULL";"1,30";"4,39";"BET_LOST"
"2026-02-19 17:20:44.189";"a-pk-00000016";"rec-a-pk-00000016";"2026-06-30 23:59:59.000";"a";"ds-a0084";"NULL";"a0084-b1";"2026-02-19 05:31:54.444";"NULL";"SYSTEM";"NULL";"0,44";"13,49";"BET_WON"
"2026-03-18 08:47:22.284";"a-pk-00000022";"rec-a-pk-00000022";"2026-06-30 23:59:59.000";"a";"ds-a0084";"NULL";"a0084-b2";"2026-01-26 10:58:37.367";"NULL";"SINGLE";"NULL";"1,50";"4,09";"BET_LOST"
"2026-03-16 02:07:50.177";"b-pk-00000015";"rec-b-pk-00000015";"2026-06-30 23:59:59.000";"b";"ds-b0085";"NULL";"b0085-b0";"2026-02-22 21:00:59.283";"NULL";"SINGLE";"NULL";"0,59";"3,01";"BET_CANCELLED"
"2026-04-15 00:14:15.160";"b-pk-00000019";"rec-b-pk-00000019";"2026-06-30 23:59:59.000";"b";"ds-b0085";"NULL";"b0085-b1";"2026-04-03 03:51:01.120";"NULL";"SYSTEM";"NULL";"0,65";"15,75";"BET_LOST"
"2026-02-25 14:17:12.746";"b-pk-00000024";"rec-b-pk-00000024";"2026-06-30 23:59:59.000";"b";"ds-b0085";"NULL";"b0085-b2";"2026-01-27 15:03:01.251";"NULL";"COMBINED";"NULL";"1,69";"7,73";"BET_CANCELLED"
"2026-03-20 20:53:57.713";"c-pk-00000022";"rec-c-pk-00000022";"2026-06-30 23:59:59.000";"c";"ds-c0086";"NULL";"c0086-b0";"2026-03-02 05:43:44.464";"NULL";"SYSTEM";"NULL";"0,05";"12,80";"BET_PLACED"
"2026-04-12 03:29:23.456";"c-pk-00000025";"rec-c-pk-00000025";"2026-06-30 23:59:59.000";"c";"ds-c0086";"NULL";"c0086-b1";"2026-01-27 10:51:39.928";"NULL";"SYSTEM";"NULL";"1,58";"3,33";"BET_WON"
"2026-03-11 21:34:21.972";"c-pk-00000028";"rec-c-pk-00000028";"2026-06-30 23:59:59.000";"c";"ds-c0086";"NULL";"c0086-b2";"2026-04-16 20:22:33.717";"NULL";"COMBINED";"NULL";"1,98";"47,43";"BET_PLACED"
"2026-04-15 08:02:28.569";"c-pk-00000033";"rec-c-pk-00000033";"2026-06-30 23:59:59.000";"c";"ds-c0086";"NULL";"c0086-b3";"2026-03-04 13:50:56.943";"NULL";"SYSTEM";"NULL";"1,79";"45,22";"BET_CANCELLED"
"2026-02-16 06:21:49.508";"c-pk-00000039";"rec-c-pk-00000039";"2026-06-30 23:59:59.000";"c";"ds-c0086";"NULL";"c0086-b4";"2026-02-25 01:53:49.796";"NULL";"SINGLE";"NULL";"0,24";"29,77";"BET_CANCELLED"
"2026-02-14 20:38:02.714";"c-pk-00000043";"rec-c-pk-00000043";"2026-06-30 23:59:59.000";"c";"ds-c0086";"NULL";"c0086-b5";"2026-01-28 10:58:31.830";"NULL";"SYSTEM";"NULL";"1,91";"3,44";"BET_LOST"
"2026-01-02 08:46:37.081";"c-pk-00000046";"rec-c-pk-00000046";"2026-06-30 23:59:59.000";"c";"ds-c0086";"NULL";"c0086-b6";"2026-04-04 08:50:15.253";"NULL";"COMBINED";"NULL";"1,46";"53,18";"BET_LOST"
"2026-02-03 20:10:08.209";"c-pk-00000051";"rec-c-pk-00000051";"2026-06-30 23:59:59.000";"c";"ds-c0086";"NULL";"c0086-b7";"2026-04-06 13:13:45.264";"NULL";"SYSTEM";"NULL";"1,43";"46,52";"BET_WON"
"2026-02-19 02:57:06.411";"c-pk-00000055";"rec-c-pk-00000055";"2026-06-30 23:59:59.000";"c";"ds-c0086";"NULL";"c0086-b8";"2026-04-13 00:18:20.427";"NULL";"SYSTEM";"NULL";"1,37";"59,35";"BET_LOST"
"2026-04-20 05:38:52.549";"c-pk-00000060";"rec-c-pk-00000060";"2026-06-30 23:59:59.000";"c";"ds-c0086";"NULL";"c0086-b9";"2026-01-22 22:35:23.708";"NULL";"SINGLE";"NULL";"0,93";"54,68";"BET_CANCELLED"
"2026-03-22 00:25:22.257";"c-pk-00000064";"rec-c-pk-00000064";"2026-06-30 23:59:59.000";"c";"ds-c0086";"NULL";"c0086-b10";"2026-02-27 00:57:05.111";"NULL";"SINGLE";"NULL";"1,00";"26,55";"BET_CANCELLED"
"2026-01-27 04:38:55.618";"a-pk-00000008";"rec-a-pk-00000008";"2026-06-30 23:59:59.000";"a";"ds-a0087";"NULL";"a0087-b0";"2026-02-10 14:30:12.220";"NULL";"SYSTEM";"NULL";"1,73";"5,20";"BET_PLACED"
"2026-02-07 17:48:23.223";"a-pk-00000013";"rec-a-pk-00000013";"2026-06-30 23:59:59.000";"a";"ds-a0087";"NULL";"a0087-b1";"2026-04-18 10:42:30.108";"NULL";"SINGLE";"NULL";"0,08";"1,83";"BET_PLACED"
"2026-03-27 12:22:41.807";"a-pk-00000017";"rec-a-pk-00000017";"2026-06-30 23:59:59.000";"a";"ds-a0087";"NULL";"a0087-b2";"2026-03-26 13:40:13.225";"NULL";"SINGLE";"NULL";"1,94";"13,73";"BET_LOST"
"2026-01-13 06:06:32.782";"b-pk-00000010";"rec-b-pk-00000010";"2026-06-30 23:59:59.000";"b";"ds-b0088";"NULL";"b0088-b0";"2026-01-03 21:56:10.163";"NULL";"SINGLE";"NULL";"0,73";"1,59";"BET_WON"
"2026-03-20 00:57:54.971";"b-pk-00000014";"rec-b-pk-00000014";"2026-06-30 23:59:59.000";"b";"ds-b0088";"NULL";"b0088-b1";"2026-04-16 05:02:53.115";"NULL";"SINGLE";"NULL";"0,49";"13,60";"BET_CANCELLED"
"2026-01-12 02:20:18.736";"b-pk-00000017";"rec-b-pk-00000017";"2026-06-30 23:59:59.000";"b";"ds-b0088";"NULL";"b0088-b2";"2026-02-09 06:50:55.522";"NULL";"COMBINED";"NULL";"0,99";"9,27";"BET_PLACED"
"2026-01-01 11:55:38.891";"b-pk-00000021";"rec-b-pk-00000021";"2026-06-30 23:59:59.000";"b";"ds-b0088";"NULL";"b0088-b3";"2026-01-06 06:10:07.389";"NULL";"SYSTEM";"NULL";"1,42";"4,38";"BET_PLACED"
"2026-01-20 16:17:49.076";"b-pk-00000027";"rec-b-pk-00000027";"2026-06-30 23:59:59.000";"b";"ds-b0088";"NULL";"b0088-b4";"2026-01-10 21:00:23.810";"NULL";"SINGLE";"NULL";"0,12";"7,51";"BET_CANCELLED"
"2026-03-12 11:51:45.120";"c-pk-00000012";"rec-c-pk-00000012";"2026-06-30 23:59:59.000";"c";"ds-c0089";"NULL";"c0089-b0";"2026-02-07 11:29:02.290";"NULL";"COMBINED";"NULL";"1,48";"17,80";"BET_LOST"
"2026-01-06 19:07:07.931";"c-pk-00000015";"rec-c-pk-00000015";"2026-06-30 23:59:59.000";"c";"ds-c0089";"NULL";"c0089-b1";"2026-03-13 07:32:07.920";"NULL";"COMBINED";"NULL";"0,82";"15,30";"BET_WON"
"2026-04-18 20:43:52.393";"c-pk-00000019";"rec-c-pk-00000019";"2026-06-30 23:59:59.000";"c";"ds-c0089";"NULL";"c0089-b2";"2026-01-05 08:25:19.925";"NULL";"SINGLE";"NULL";"1,88";"6,86";"BET_PLACED"
"2026-04-11 00:27:04.869";"c-pk-00000022";"rec-c-pk-00000022";"2026-06-30 23:59:59.000";"c";"ds-c0089";"NULL";"c0089-b3";"2026-01-17 15:38:44.643";"NULL";"SINGLE";"NULL";"1,55";"9,32";"BET_LOST"
"2026-03-24 22:39:35.302";"c-pk-00000026";"rec-c-pk-00000026";"2026-06-30 23:59:59.000";"c";"ds-c0089";"NULL";"c0089-b4";"2026-01-06 01:35:25.909";"NULL";"SINGLE";"NULL";"0,28";"1,70";"BET_CANCELLED"
"2026-02-03 07:30:58.566";"a-pk-00000015";"rec-a-pk-00000015";"2026-06-30 23:59:59.000";"a";"ds-a0090";"NULL";"a0090-b0";"2026-01-22 05:43:01.645";"NULL";"SYSTEM";"NULL";"1,08";"14,89";"BET_PLACED"
"2026-01-02 04:24:39.209";"a-pk-00000019";"rec-a-pk-00000019";"2026-06-30 23:59:59.000";"a";"ds-a0090";"NULL";"a0090-b1";"2026-03-07 11:49:47.739";"NULL";"SINGLE";"NULL";"1,15";"8,06";"BET_WON"
"2026-01-11 20:07:47.844";"a-pk-00000023";"rec-a-pk-00000023";"2026-06-30 23:59:59.000";"a";"ds-a0090";"NULL";"a0090-b2";"2026-02-26 13:00:24.450";"NULL";"COMBINED";"NULL";"0,59";"16,48";"BET_CANCELLED"
"2026-03-20 18:04:47.723";"a-pk-00000028";"rec-a-pk-00000028";"2026-06-30 23:59:59.000";"a";"ds-a0090";"NULL";"a0090-b3";"2026-03-27 19:22:05.393";"NULL";"SYSTEM";"NULL";"1,40";"6,25";"BET_CANCELLED"
"2026-03-01 23:31:37.632";"a-pk-00000034";"rec-a-pk-00000034";"2026-06-30 23:59:59.000";"a";"ds-a0090";"NULL";"a0090-b4";"2026-01-22 07:06:26.100";"NULL";"SINGLE";"NULL";"0,26";"14,02";"BET_PLACED"
"2026-02-10 19:18:50.554";"b-pk-00000012";"rec-b-pk-00000012";"2026-06-30 23:59:59.000";"b";"ds-b0091";"NULL";"b0091-b0";"2026-01-05 22:54:49.407";"NULL";"COMBINED";"NULL";"1,21";"10,51";"BET_WON"
"2026-01-23 11:38:22.737";"b-pk-00000018";"rec-b-pk-00000018";"2026-06-30 23:59:59.000";"b";"ds-b0091";"NULL";"b0091-b1";"2026-01-25 23:56:58.034";"NULL";"SYSTEM";"NULL";"0,80";"9,43";"BET_WON"
"2026-02-01 07:59:40.729";"b-pk-00000021";"rec-b-pk-00000021";"2026-06-30 23:59:59.000";"b";"ds-b0091";"NULL";"b0091-b2";"2026-04-18 01:59:28.139";"NULL";"SINGLE";"NULL";"0,43";"18,86";"BET_PLACED"
"2026-03-27 06:37:26.500";"b-pk-00000025";"rec-b-pk-00000025";"2026-06-30 23:59:59.000";"b";"ds-b0091";"NULL";"b0091-b3";"2026-01-12 12:42:54.333";"NULL";"COMBINED";"NULL";"0,96";"7,04";"BET_CANCELLED"
"2026-03-13 03:53:20.622";"b-pk-00000029";"rec-b-pk-00000029";"2026-06-30 23:59:59.000";"b";"ds-b0091";"NULL";"b0091-b4";"2026-03-17 01:19:00.869";"NULL";"SINGLE";"NULL";"1,57";"15,60";"BET_PLACED"
"2026-01-20 17:12:32.752";"c-pk-00000013";"rec-c-pk-00000013";"2026-06-30 23:59:59.000";"c";"ds-c0092";"NULL";"c0092-b0";"2026-04-02 20:23:03.676";"NULL";"COMBINED";"NULL";"0,42";"2,29";"BET_WON"
"2026-04-25 05:45:59.704";"c-pk-00000017";"rec-c-pk-00000017";"2026-06-30 23:59:59.000";"c";"ds-c0092";"NULL";"c0092-b1";"2026-02-15 02:24:07.681";"NULL";"SYSTEM";"NULL";"1,02";"13,01";"BET_CANCELLED"
"2026-03-28 19:00:19.457";"c-pk-00000022";"rec-c-pk-00000022";"2026-06-30 23:59:59.000";"c";"ds-c0092";"NULL";"c0092-b2";"2026-02-17 04:27:30.195";"NULL";"COMBINED";"NULL";"1,16";"15,35";"BET_CANCELLED"
"2026-04-05 16:49:00.241";"c-pk-00000026";"rec-c-pk-00000026";"2026-06-30 23:59:59.000";"c";"ds-c0092";"NULL";"c0092-b3";"2026-03-13 01:06:30.161";"NULL";"SYSTEM";"NULL";"1,89";"14,32";"BET_CANCELLED"
"2026-04-27 04:50:15.574";"a-pk-00000008";"rec-a-pk-00000008";"2026-06-30 23:59:59.000";"a";"ds-a0093";"NULL";"a0093-b0";"2026-03-02 23:48:10.498";"NULL";"COMBINED";"NULL";"0,46";"19,25";"BET_LOST"
"2026-03-26 00:21:03.772";"a-pk-00000011";"rec-a-pk-00000011";"2026-06-30 23:59:59.000";"a";"ds-a0093";"NULL";"a0093-b1";"2026-02-27 04:37:41.047";"NULL";"SYSTEM";"NULL";"1,66";"18,81";"BET_CANCELLED"
"2026-03-01 09:13:37.252";"a-pk-00000016";"rec-a-pk-00000016";"2026-06-30 23:59:59.000";"a";"ds-a0093";"NULL";"a0093-b2";"2026-02-17 20:09:22.860";"NULL";"SINGLE";"NULL";"1,55";"3,22";"BET_PLACED"
"2026-02-20 16:14:48.627";"a-pk-00000020";"rec-a-pk-00000020";"2026-06-30 23:59:59.000";"a";"ds-a0093";"NULL";"a0093-b3";"2026-02-11 07:31:24.907";"NULL";"COMBINED";"NULL";"0,44";"4,97";"BET_LOST"
"2026-03-25 18:39:02.589";"a-pk-00000024";"rec-a-pk-00000024";"2026-06-30 23:59:59.000";"a";"ds-a0093";"NULL";"a0093-b4";"2026-02-22 20:28:54.474";"NULL";"SINGLE";"NULL";"1,97";"9,72";"BET_PLACED"
"2026-04-08 02:55:08.158";"b-pk-00000015";"rec-b-pk-00000015";"2026-06-30 23:59:59.000";"b";"ds-b0094";"NULL";"b0094-b0";"2026-04-03 07:16:01.718";"NULL";"SYSTEM";"NULL";"1,59";"13,77";"BET_CANCELLED"
"2026-04-04 10:07:01.451";"b-pk-00000020";"rec-b-pk-00000020";"2026-06-30 23:59:59.000";"b";"ds-b0094";"NULL";"b0094-b1";"2026-04-10 11:21:53.381";"NULL";"SINGLE";"NULL";"0,02";"14,97";"BET_LOST"
"2026-02-11 13:01:02.392";"b-pk-00000024";"rec-b-pk-00000024";"2026-06-30 23:59:59.000";"b";"ds-b0094";"NULL";"b0094-b2";"2026-03-18 12:38:09.895";"NULL";"COMBINED";"NULL";"1,30";"7,36";"BET_LOST"
"2026-02-24 22:07:52.541";"c-pk-00000013";"rec-c-pk-00000013";"2026-06-30 23:59:59.000";"c";"ds-c0095";"NULL";"c0095-b0";"2026-02-20 02:01:47.222";"NULL";"SINGLE";"NULL";"0,86";"13,60";"BET_CANCELLED"
"2026-04-16 22:30:50.635";"c-pk-00000016";"rec-c-pk-00000016";"2026-06-30 23:59:59.000";"c";"ds-c0095";"NULL";"c0095-b1";"2026-04-28 17:11:25.018";"NULL";"SINGLE";"NULL";"1,51";"13,24";"BET_WON"
"2026-03-14 01:14:45.387";"c-pk-00000020";"rec-c-pk-00000020";"2026-06-30 23:59:59.000";"c";"ds-c0095";"NULL";"c0095-b2";"2026-03-06 02:06:59.947";"NULL";"COMBINED";"NULL";"0,38";"5,38";"BET_CANCELLED"
"2026-04-06 14:21:25.714";"a-pk-00000013";"rec-a-pk-00000013";"2026-06-30 23:59:59.000";"a";"ds-a0096";"NULL";"a0096-b0";"2026-02-22 12:42:59.242";"NULL";"SINGLE";"NULL";"0,60";"5,24";"BET_PLACED"
"2026-01-07 23:41:23.783";"a-pk-00000017";"rec-a-pk-00000017";"2026-06-30 23:59:59.000";"a";"ds-a0096";"NULL";"a0096-b1";"2026-01-28 09:53:58.513";"NULL";"SINGLE";"NULL";"1,73";"15,32";"BET_CANCELLED"
"2026-03-09 08:50:46.615";"b-pk-00000014";"rec-b-pk-00000014";"2026-06-30 23:59:59.000";"b";"ds-b0097";"NULL";"b0097-b0";"2026-04-04 07:07:51.646";"NULL";"SYSTEM";"NULL";"1,87";"6,10";"BET_CANCELLED"
"2026-03-16 18:55:42.550";"b-pk-00000018";"rec-b-pk-00000018";"2026-06-30 23:59:59.000";"b";"ds-b0097";"NULL";"b0097-b1";"2026-01-18 18:53:33.480";"NULL";"COMBINED";"NULL";"1,70";"18,45";"BET_WON"
"2026-04-08 01:37:59.480";"b-pk-00000024";"rec-b-pk-00000024";"2026-06-30 23:59:59.000";"b";"ds-b0097";"NULL";"b0097-b2";"2026-02-25 22:50:30.194";"NULL";"COMBINED";"NULL";"0,91";"46,90";"BET_WON"
"2026-04-15 10:13:37.564";"b-pk-00000028";"rec-b-pk-00000028";"2026-06-30 23:59:59.000";"b";"ds-b0097";"NULL";"b0097-b3";"2026-01-24 11:27:31.123";"NULL";"SINGLE";"NULL";"1,68";"76,62";"BET_CANCELLED"
"2026-01-12 02:51:12.872";"b-pk-00000032";"rec-b-pk-00000032";"2026-06-30 23:59:59.000";"b";"ds-b0097";"NULL";"b0097-b4";"2026-02-28 19:23:02.787";"NULL";"COMBINED";"NULL";"0,09";"48,87";"BET_CANCELLED"
"2026-02-01 13:44:12.579";"b-pk-00000035";"rec-b-pk-00000035";"2026-06-30 23:59:59.000";"b";"ds-b0097";"NULL";"b0097-b5";"2026-02-10 02:14:30.105";"NULL";"COMBINED";"NULL";"0,07";"76,63";"BET_LOST"
"2026-01-26 09:05:23.060";"b-pk-00000041";"rec-b-pk-00000041";"2026-06-30 23:59:59.000";"b";"ds-b0097";"NULL";"b0097-b6";"2026-02-02 16:01:09.295";"NULL";"SINGLE";"NULL";"1,58";"59,08";"BET_LOST"
"2026-03-18 09:02:41.567";"b-pk-00000044";"rec-b-pk-00000044";"2026-06-30 23:59:59.000";"b";"ds-b0097";"NULL";"b0097-b7";"2026-03-02 01:02:55.849";"NULL";"COMBINED";"NULL";"1,17";"11,28";"BET_CANCELLED"
"2026-01-17 23:14:15.357";"b-pk-00000048";"rec-b-pk-00000048";"2026-06-30 23:59:59.000";"b";"ds-b0097";"NULL";"b0097-b8";"2026-03-25 16:58:47.099";"NULL";"COMBINED";"NULL";"0,13";"61,29";"BET_LOST"
"2026-02-04 04:55:22.224";"b-pk-00000053";"rec-b-pk-00000053";"2026-06-30 23:59:59.000";"b";"ds-b0097";"NULL";"b0097-b9";"2026-03-09 13:24:09.378";"NULL";"COMBINED";"NULL";"0,84";"11,05";"BET_CANCELLED"
"2026-04-05 00:38:12.830";"b-pk-00000059";"rec-b-pk-00000059";"2026-06-30 23:59:59.000";"b";"ds-b0097";"NULL";"b0097-b10";"2026-04-18 01:16:38.518";"NULL";"COMBINED";"NULL";"1,10";"16,19";"BET_WON"
"2026-03-07 06:15:07.825";"c-pk-00000012";"rec-c-pk-00000012";"2026-06-30 23:59:59.000";"c";"ds-c0098";"NULL";"c0098-b0";"2026-02-25 11:37:45.512";"NULL";"SINGLE";"NULL";"1,51";"13,79";"BET_CANCELLED"
"2026-04-27 07:14:07.388";"c-pk-00000015";"rec-c-pk-00000015";"2026-06-30 23:59:59.000";"c";"ds-c0098";"NULL";"c0098-b1";"2026-01-13 23:17:08.778";"NULL";"COMBINED";"NULL";"0,19";"2,00";"BET_WON"
"2026-03-06 13:14:23.612";"c-pk-00000018";"rec-c-pk-00000018";"2026-06-30 23:59:59.000";"c";"ds-c0098";"NULL";"c0098-b2";"2026-01-01 10:26:49.451";"NULL";"SINGLE";"NULL";"0,74";"9,97";"BET_CANCELLED"
"2026-03-04 20:44:21.628";"a-pk-00000009";"rec-a-pk-00000009";"2026-06-30 23:59:59.000";"a";"ds-a0099";"NULL";"a0099-b0";"2026-01-14 16:16:25.056";"NULL";"SINGLE";"NULL";"0,30";"6,30";"BET_CANCELLED"
"2026-02-21 03:48:43.012";"a-pk-00000013";"rec-a-pk-00000013";"2026-06-30 23:59:59.000";"a";"ds-a0099";"NULL";"a0099-b1";"2026-01-08 20:43:18.656";"NULL";"COMBINED";"NULL";"1,89";"11,32";"BET_PLACED"
"2026-02-19 00:20:46.806";"a-pk-00000019";"rec-a-pk-00000019";"2026-06-30 23:59:59.000";"a";"ds-a0099";"NULL";"a0099-b2";"2026-04-09 20:01:47.635";"NULL";"COMBINED";"NULL";"1,31";"7,73";"BET_LOST"
"2026-04-16 04:22:00.844";"a-pk-00000024";"rec-a-pk-00000024";"2026-06-30 23:59:59.000";"a";"ds-a0099";"NULL";"a0099-b3";"2026-02-07 07:05:11.337";"NULL";"COMBINED";"NULL";"1,38";"16,83";"BET_LOST"
"2026-02-28 20:51:58.002";"a-pk-00000029";"rec-a-pk-00000029";"2026-06-30 23:59:59.000";"a";"ds-a0099";"NULL";"a0099-b4";"2026-03-19 04:42:54.812";"NULL";"COMBINED";"NULL";"1,73";"11,92";"BET_LOST"
