"created_at";"pk_id";"wok_player_limit_pk_id";"login_request_datetime";"login_start_datetime";"login_duration";"login_time_window"
"2026-02-08 05:51:51.181";"a-pk-00000044";"a-pk-00000039";"2026-01-12 17:56:55.416";"2026-01-13 08:01:56.183";"218";"Week"
"2026-04-10 05:02:35.508";"b-pk-00000080";"b-pk-00000076";"2026-02-09 16:12:22.720";"2026-02-09 23:19:06.955";"153";"Week"
"2026-03-12 02:09:17.860";"a-pk-00000040";"a-pk-00000036";"2026-03-18 17:01:13.591";"2026-03-18 18:05:34.384";"190";"Month"
"2026-03-02 20:16:48.839";"b-pk-00000039";"b-pk-00000034";"2026-04-06 06:36:46.862";"2026-04-06 10:34:49.171";"148";"Week"
"2026-03-12 13:12:31.650";"a-pk-00000070";"a-pk-00000067";"2026-04-17 21:21:10.629";"2026-04-17 23:57:03.870";"167";"Day"
"2026-03-02 23:40:23.724";"a-pk-00000034";"a-pk-00000030";"2026-02-05 04:24:36.753";"2026-02-05 12:56:19.623";"137";"Month"
"2026-01-10 13:13:14.795";"c-pk-00000056";"c-pk-00000054";"2026-04-20 17:06:40.454";"2026-04-21 08:39:15.390";"59";"Day"
"2026-02-03 08:27:10.702";"a-pk-00000041";"a-pk-00000037";"2026-04-20 16:12:49.409";"2026-04-21 02:43:44.591";"195";"Day"
"2026-02-16 05:46:31.289";"c-pk-00000063";"c-pk-00000059";"2026-04-08 21:12:16.481";"2026-04-09 01:42:28.650";"52";"Month"
"2026-02-12 14:25:10.471";"b-pk-00000032";"b-pk-00000028";"2026-03-02 02:19:50.784";"2026-03-02 02:22:32.151";"81";"Day"
"2026-04-07 06:07:36.296";"c-pk-00000031";"c-pk-00000028";"2026-02-13 19:54:07.099";"2026-02-14 02:01:02.162";"226";"Month"
"2026-01-13 01:26:22.661";"a-pk-00000042";"a-pk-00000039";"2026-03-14 18:25:48.427";"2026-03-14 23:13:17.785";"100";"Day"
"2026-03-11 07:36:51.896";"c-pk-00000045";"c-pk-00000042";"2026-02-13 06:42:28.317";"2026-02-14 00:03:54.147";"226";"Month"
"2026-01-16 12:34:03.537";"c-pk-00000033";"c-pk-00000029";"2026-03-12 10:05:26.351";"2026-03-13 00:19:07.808";"131";"Month"
"2026-03-16 03:06:15.865";"a-pk-00000083";"a-pk-00000079";"2026-02-03 18:47:39.997";"2026-02-04 08:40:53.247";"147";"Month"
"2026-02-16 12:14:35.521";"c-pk-00000039";"c-pk-00000035";"2026-04-08 14:57:08.017";"2026-04-09 12:53:07.148";"58";"Week"
"2026-01-05 06:53:04.129";"c-pk-00000061";"c-pk-00000059";"2026-01-17 06:51:52.177";"2026-01-17 13:42:30.146";"195";"Day"
"2026-03-17 20:57:06.350";"a-pk-00000037";"a-pk-00000032";"2026-01-14 07:08:08.880";"2026-01-14 18:03:24.975";"70";"Month"
"2026-04-05 05:59:22.593";"b-pk-00000038";"b-pk-00000035";"2026-04-01 04:35:21.104";"2026-04-01 12:54:13.645";"134";"Week"
"2026-04-13 00:44:38.242";"a-pk-00000037";"a-pk-00000033";"2026-04-06 11:29:54.079";"2026-04-06 15:49:55.965";"52";"Day"
"2026-02-19 23:37:49.433";"b-pk-00000049";"b-pk-00000044";"2026-04-11 18:55:11.089";"2026-04-12 05:34:21.404";"41";"Day"
"2026-02-04 04:05:05.048";"a-pk-00000078";"a-pk-00000075";"2026-02-15 18:49:04.813";"2026-02-15 22:54:37.468";"161";"Day"
"2026-04-14 18:13:14.842";"c-pk-00000053";"c-pk-00000049";"2026-01-12 10:09:35.882";"2026-01-12 22:55:40.643";"198";"Week"
"2026-01-20 10:52:34.449";"b-pk-00000045";"b-pk-00000041";"2026-04-15 00:24:38.183";"2026-04-15 06:53:38.376";"96";"Month"
"2026-01-19 06:33:30.198";"c-pk-00000045";"c-pk-00000041";"2026-02-02 04:44:21.853";"2026-02-02 11:55:50.041";"78";"Week"
"2026-02-16 21:28:24.871";"b-pk-00000107";"b-pk-00000103";"2026-03-12 18:48:10.654";"2026-03-13 03:48:01.094";"106";"Month"
"2026-04-13 19:13:08.994";"a-pk-00000043";"a-pk-00000039";"2026-03-14 11:38:42.641";"2026-03-15 04:00:30.987";"167";"Month"
"2026-02-05 21:45:46.428";"c-pk-00000076";"c-pk-00000072";"2026-01-11 23:39:52.604";"2026-01-12 14:43:06.692";"235";"Day"
"2026-04-01 08:30:53.603";"a-pk-00000054";"a-pk-00000051";"2026-01-04 23:55:12.569";"2026-01-05 09:23:54.771";"144";"Day"
"2026-02-07 05:34:35.518";"c-pk-00000091";"c-pk-00000087";"2026-04-10 09:07:27.008";"2026-04-10 09:21:57.004";"34";"Week"
"2026-03-08 16:14:49.687";"a-pk-00000076";"a-pk-00000072";"2026-01-13 06:00:12.817";"2026-01-13 08:02:13.030";"178";"Day"
"2026-02-07 16:43:31.766";"a-pk-00000027";"a-pk-00000023";"2026-03-13 01:58:50.876";"2026-03-13 20:27:46.531";"203";"Week"
"2026-02-19 14:30:25.038";"a-pk-00000050";"a-pk-00000045";"2026-02-04 14:21:22.911";"2026-02-04 18:31:38.366";"161";"Week"
"2026-04-06 15:25:29.437";"b-pk-00000035";"b-pk-00000031";"2026-04-07 22:25:21.590";"2026-04-08 16:10:52.487";"154";"Week"
"2026-04-12 00:36:16.401";"b-pk-00000050";"b-pk-00000046";"2026-02-12 14:01:42.509";"2026-02-12 20:11:37.012";"150";"Month"
"2026-04-02 02:48:27.061";"b-pk-00000039";"b-pk-00000034";"2026-03-09 11:46:12.617";"2026-03-10 07:22:05.629";"238";"Day"
"2026-02-08 05:32:03.875";"c-pk-00000084";"c-pk-00000080";"2026-03-02 15:17:23.014";"2026-03-03 11:15:03.962";"174";"Month"
"2026-02-16 06:01:13.770";"a-pk-00000054";"a-pk-00000050";"2026-03-01 22:02:13.875";"2026-03-02 02:24:32.785";"164";"Day"
"2026-04-06 19:33:23.024";"c-pk-00000038";"c-pk-00000036";"2026-01-03 20:59:00.703";"2026-01-04 02:45:15.677";"198";"Day"
"2026-04-10 20:06:25.277";"b-pk-00000048";"b-pk-00000044";"2026-03-02 09:15:59.513";"2026-03-02 21:17:01.541";"128";"Day"
"2026-03-17 06:54:02.972";"c-pk-00000037";"c-pk-00000035";"2026-04-14 11:45:42.131";"2026-04-14 23:33:49.467";"61";"Month"
