"created_at";"pk_id";"record_id";"extraction_date";"operator_id";"data_safe_id";"replaced_record_id";"player_profile_id"
"2026-01-08 11:18:10.448";"a-pk-00000039";"rec-a-pk-00000039";"2026-06-30 23:59:59.000";"a";"ds-a0000";"NULL";"a0000"
"2026-04-15 07:54:23.101";"b-pk-00000094";"rec-b-pk-00000094";"2026-06-30 23:59:59.000";"b";"ds-b0001";"NULL";"b0001"
"2026-03-02 20:30:55.380";"c-pk-00000044";"rec-c-pk-00000044";"2026-06-30 23:59:59.000";"c";"ds-c0002";"NULL";"c0002"
"2026-02-19 18:09:10.674";"a-pk-00000029";"rec-a-pk-00000029";"2026-06-30 23:59:59.000";"a";"ds-a0003";"NULL";"a0003"
"2026-02-07 23:07:47.772";"b-pk-00000050";"rec-b-pk-00000050";"2026-06-30 23:59:59.000";"b";"ds-b0004";"NULL";"b0004"
"2026-02-15 11:25:29.790";"c-pk-00000035";"rec-c-pk-00000035";"2026-06-30 23:59:59.000";"c";"ds-c0005";"NULL";"c0005"
"2026-04-12 18:31:49.794";"a-pk-00000047";"rec-a-pk-00000047";"2026-06-30 23:59:59.000";"a";"ds-a0006";"NULL";"a0006"
"2026-04-01 07:14:46.134";"b-pk-00000076";"rec-b-pk-00000076";"2026-06-30 23:59:59.000";"b";"ds-b0007";"NULL";"b0007"
"2026-04-14 19:58:44.780";"c-pk-00000023";"rec-c-pk-00000023";"2026-06-30 23:59:59.000";"c";"ds-c0008";"NULL";"c0008"
"2026-03-05 14:32:32.092";"a-pk-00000038";"rec-a-pk-00000038";"2026-06-30 23:59:59.000";"a";"ds-a0009";"NULL";"a0009"
"2026-02-17 17:46:20.804";"b-pk-00000041";"rec-b-pk-00000041";"2026-06-30 23:59:59.000";"b";"ds-b0010";"NULL";"b0010"
"2026-01-08 19:59:09.889";"c-pk-00000053";"rec-c-pk-00000053";"2026-06-30 23:59:59.000";"c";"ds-c0011";"NULL";"c0011"
"2026-03-07 00:07:01.476";"a-pk-00000036";"rec-a-pk-00000036";"2026-06-30 23:59:59.000";"a";"ds-a0012";"NULL";"a0012"
"2026-01-18 18:19:39.054";"b-pk-00000034";"rec-b-pk-00000034";"2026-06-30 23:59:59.000";"b";"ds-b0013";"NULL";"b0013"
"2026-03-20 05:50:50.653";"c-pk-00000043";"rec-c-pk-00000043";"2026-06-30 23:59:59.000";"c";"ds-c0014";"NULL";"c0014"
"2026-04-12 01:42:15.253";"a-pk-00000067";"rec-a-pk-00000067";"2026-06-30 23:59:59.000";"a";"ds-a0015";"NULL";"a0015"
"2026-01-11 04:01:05.471";"b-pk-00000043";"rec-b-pk-00000043";"2026-06-30 23:59:59.000";"b";"ds-b0016";"NULL";"b0016"
"2026-02-17 20:29:48.460";"c-pk-00000050";"rec-c-pk-00000050";"2026-06-30 23:59:59.000";"c";"ds-c0017";"NULL";"c0017"
"2026-03-19 18:21:39.306";"a-pk-00000040";"rec-a-pk-00000040";"2026-06-30 23:59:59.000";"a";"ds-a0018";"NULL";"a0018"
"2026-04-17 03:52:20.330";"b-pk-00000040";"rec-b-pk-00000040";"2026-06-30 23:59:59.000";"b";"ds-b0019";"NULL";"b0019"
"2026-04-07 00:40:52.329";"c-pk-00000033";"rec-c-pk-00000033";"2026-06-30 23:59:59.000";"c";"ds-c0020";"NULL";"c0020"
"2026-03-04 17:07:43.561";"a-pk-00000030";"rec-a-pk-00000030";"2026-06-30 23:59:59.000";"a";"ds-a0021";"NULL";"a0021"
"2026-02-13 21:38:12.071";"b-pk-00000048";"rec-b-pk-00000048";"2026-06-30 23:59:59.000";"b";"ds-b0022";"NULL";"b0022"
"2026-03-04 05:29:27.382";"c-pk-00000054";"rec-c-pk-00000054";"2026-06-30 23:59:59.000";"c";"ds-c0023";"NULL";"c0023"
"2026-02-19 13:40:28.684";"a-pk-00000037";"rec-a-pk-00000037";"2026-06-30 23:59:59.000";"a";"ds-a0024";"NULL";"a0024"
"2026-02-19 17:12:12.258";"b-pk-00000051";"rec-b-pk-00000051";"2026-06-30 23:59:59.000";"b";"ds-b0025";"NULL";"b0025"
"2026-01-18 17:51:12.006";"c-pk-00000059";"rec-c-pk-00000059";"2026-06-30 23:59:59.000";"c";"ds-c0026";"NULL";"c0026"
"2026-01-11 13:11:09.481";"a-pk-00000033";"rec-a-pk-00000033";"2026-06-30 23:59:59.000";"a";"ds-a0027";"NULL";"a0027"
"2026-01-12 00:10:26.486";"b-pk-00000028";"rec-b-pk-00000028";"2026-06-30 23:59:59.000";"b";"ds-b0028";"NULL";"b0028"
"2026-04-07 17:44:10.689";"c-pk-00000028";"rec-c-pk-00000028";"2026-06-30 23:59:59.000";"c";"ds-c0029";"NULL";"c0029"
"2026-02-10 16:19:20.784";"a-pk-00000039";"rec-a-pk-00000039";"2026-06-30 23:59:59.000";"a";"ds-a0030";"NULL";"a0030"
"2026-04-12 21:09:37.754";"b-pk-00000035";"rec-b-pk-00000035";"2026-06-30 23:59:59.000";"b";"ds-b0031";"NULL";"b0031"
"2026-04-18 10:06:51.846";"c-pk-00000042";"rec-c-pk-00000042";"2026-06-30 23:59:59.000";"c";"ds-c0032";"NULL";"c0032"
"2026-03-07 20:47:58.279";"a-pk-00000025";"rec-a-pk-00000025";"2026-06-30 23:59:59.000";"a";"ds-a0033";"NULL";"a0033"
"2026-03-05 11:46:16.565";"b-pk-00000034";"rec-b-pk-00000034";"2026-06-30 23:59:59.000";"b";"ds-b0034";"NULL";"b0034"
"2026-04-18 05:38:28.776";"c-pk-00000029";"rec-c-pk-00000029";"2026-06-30 23:59:59.000";"c";"ds-c0035";"NULL";"c0035"
"2026-04-20 03:30:27.396";"a-pk-00000079";"rec-a-pk-00000079";"2026-06-30 23:59:59.000";"a";"ds-a0036";"NULL";"a0036"
"2026-01-08 21:57:37.260";"b-pk-00000068";"rec-b-pk-00000068";"2026-06-30 23:59:59.000";"b";"ds-b0037";"NULL";"b0037"
"2026-03-11 13:24:42.531";"c-pk-00000035";"rec-c-pk-00000035";"2026-06-30 23:59:59.000";"c";"ds-c0038";"NULL";"c0038"
"2026-01-18 22:02:40.481";"a-pk-00000039";"rec-a-pk-00000039";"2026-06-30 23:59:59.000";"a";"ds-a0039";"NULL";"a0039"
"2026-04-04 21:53:43.903";"b-pk-00000044";"rec-b-pk-00000044";"2026-06-30 23:59:59.000";"b";"ds-b0040";"NULL";"b0040"
"2026-04-13 18:39:45.502";"c-pk-00000059";"rec-c-pk-00000059";"2026-06-30 23:59:59.000";"c";"ds-c0041";"NULL";"c0041"
"2026-01-19 21:20:08.153";"a-pk-00000032";"rec-a-pk-00000032";"2026-06-30 23:59:59.000";"a";"ds-a0042";"NULL";"a0042"
"2026-01-12 13:02:31.921";"b-pk-00000035";"rec-b-pk-00000035";"2026-06-30 23:59:59.000";"b";"ds-b0043";"NULL";"b0043"
"2026-03-02 03:25:40.342";"c-pk-00000026";"rec-c-pk-00000026";"2026-06-30 23:59:59.000";"c";"ds-c0044";"NULL";"c0044"
"2026-03-10 02:45:05.720";"a-pk-00000033";"rec-a-pk-00000033";"2026-06-30 23:59:59.000";"a";"ds-a0045";"NULL";"a0045"
"2026-02-01 00:25:31.469";"b-pk-00000044";"rec-b-pk-00000044";"2026-06-30 23:59:59.000";"b";"ds-b0046";"NULL";"b0046"
"2026-01-14 06:57:17.129";"c-pk-00000038";"rec-c-pk-00000038";"2026-06-30 23:59:59.000";"c";"ds-c0047";"NULL";"c0047"
"2026-03-09 13:06:39.805";"a-pk-00000075";"rec-a-pk-00000075";"2026-06-30 23:59:59.000";"a";"ds-a0048";"NULL";"a0048"
"2026-02-07 07:45:38.156";"b-pk-00000039";"rec-b-pk-00000039";"2026-06-30 23:59:59.000";"b";"ds-b0049";"NULL";"b0049"
"2026-02-10 16:34:12.654";"c-pk-00000049";"rec-c-pk-00000049";"2026-06-30 23:59:59.000";"c";"ds-c0050";"NULL";"c0050"
"2026-04-19 01:47:32.483";"a-pk-00000036";"rec-a-pk-00000036";"2026-06-30 23:59:59.000";"a";"ds-a0051";"NULL";"a0051"
"2026-03-19 05:01:25.675";"b-pk-00000047";"rec-b-pk-00000047";"2026-06-30 23:59:59.000";"b";"ds-b0052";"NULL";"b0052"
"2026-01-07 03:31:20.314";"c-pk-00000031";"rec-c-pk-00000031";"2026-06-30 23:59:59.000";"c";"ds-c0053";"NULL";"c0053"
"2026-04-09 01:56:33.341";"a-pk-00000045";"rec-a-pk-00000045";"2026-06-30 23:59:59.000";"a";"ds-a0054";"NULL";"a0054"
"2026-02-02 02:25:48.166";"b-pk-00000041";"rec-b-pk-00000041";"2026-06-30 23:59:59.000";"b";"ds-b0055";"NULL";"b0055"
"2026-01-12 12:34:08.900";"c-pk-00000041";"rec-c-pk-00000041";"2026-06-30 23:59:59.000";"c";"ds-c0056";"NULL";"c0056"
"2026-04-13 00:08:12.361";"a-pk-00000040";"rec-a-pk-00000040";"2026-06-30 23:59:59.000";"a";"ds-a0057";"NULL";"a0057"
"2026-02-15 13:35:14.912";"b-pk-00000103";"rec-b-pk-00000103";"2026-06-30 23:59:59.000";"b";"ds-b0058";"NULL";"b0058"
"2026-04-14 17:38:03.688";"c-pk-00000067";"rec-c-pk-00000067";"2026-06-30 23:59:59.000";"c";"ds-c0059";"NULL";"c0059"
"2026-04-18 21:59:28.024";"a-pk-00000039";"rec-a-pk-00000039";"2026-06-30 23:59:59.000";"a";"ds-a0060";"NULL";"a0060"
"2026-04-05 23:53:00.654";"b-pk-00000045";"rec-b-pk-00000045";"2026-06-30 23:59:59.000";"b";"ds-b0061";"NULL";"b0061"
"2026-04-06 17:54:06.425";"c-pk-00000072";"rec-c-pk-00000072";"2026-06-30 23:59:59.000";"c";"ds-c0062";"NULL";"c0062"
"2026-01-15 13:49:06.700";"a-pk-00000033";"rec-a-pk-00000033";"2026-06-30 23:59:59.000";"a";"ds-a0063";"NULL";"a0063"
"2026-01-04 21:47:32.436";"b-pk-00000032";"rec-b-pk-00000032";"2026-06-30 23:59:59.000";"b";"ds-b0064";"NULL";"b0064"
"2026-01-03 04:28:35.591";"c-pk-00000029";"rec-c-pk-00000029";"2026-06-30 23:59:59.000";"c";"ds-c0065";"NULL";"c0065"
"2026-03-14 12:44:16.209";"a-pk-00000051";"rec-a-pk-00000051";"2026-06-30 23:59:59.000";"a";"ds-a0066";"NULL";"a0066"
"2026-02-18 07:55:01.689";"b-pk-00000027";"rec-b-pk-00000027";"2026-06-30 23:59:59.000";"b";"ds-b0067";"NULL";"b0067"
"2026-02-12 10:51:01.491";"c-pk-00000087";"rec-c-pk-00000087";"2026-06-30 23:59:59.000";"c";"ds-c0068";"NULL";"c0068"
"2026-02-08 15:45:30.493";"a-pk-00000072";"rec-a-pk-00000072";"2026-06-30 23:59:59.000";"a";"ds-a0069";"NULL";"a0069"
"2026-01-12 10:54:37.433";"b-pk-00000037";"rec-b-pk-00000037";"2026-06-30 23:59:59.000";"b";"ds-b0070";"NULL";"b0070"
"2026-02-09 20:35:08.523";"c-pk-00000040";"rec-c-pk-00000040";"2026-06-30 23:59:59.000";"c";"ds-c0071";"NULL";"c0071"
"2026-03-04 02:24:00.562";"a-pk-00000023";"rec-a-pk-00000023";"2026-06-30 23:59:59.000";"a";"ds-a0072";"NULL";"a0072"
"2026-03-05 23:56:17.502";"b-pk-00000041";"rec-b-pk-00000041";"2026-06-30 23:59:59.000";"b";"ds-b0073";"NULL";"b0073"
"2026-04-07 01:08:49.473";"c-pk-00000061";"rec-c-pk-00000061";"2026-06-30 23:59:59.000";"c";"ds-c0074";"NULL";"c0074"
"2026-02-20 20:10:15.479";"a-pk-00000045";"rec-a-pk-00000045";"2026-06-30 23:59:59.000";"a";"ds-a0075";"NULL";"a0075"
"2026-02-07 08:08:09.545";"b-pk-00000056";"rec-b-pk-00000056";"2026-06-30 23:59:59.000";"b";"ds-b0076";"NULL";"b0076"
"2026-04-07 16:00:06.896";"c-pk-00000037";"rec-c-pk-00000037";"2026-06-30 23:59:59.000";"c";"ds-c0077";"NULL";"c0077"
"2026-01-17 08:23:58.423";"a-pk-00000032";"rec-a-pk-00000032";"2026-06-30 23:59:59.000";"a";"ds-a0078";"NULL";"a0078"
"2026-03-07 10:33:51.744";"b-pk-00000031";"rec-b-pk-00000031";"2026-06-30 23:59:59.000";"b";"ds-b0079";"NULL";"b0079"
"2026-03-10 22:43:00.888";"c-pk-00000040";"rec-c-pk-00000040";"2026-06-30 23:59:59.000";"c";"ds-c0080";"NULL";"c0080"
"2026-02-18 17:40:28.531";"a-pk-00000038";"rec-a-pk-00000038";"2026-06-30 23:59:59.000";"a";"ds-a0081";"NULL";"a0081"
"2026-04-03 14:41:53.867";"b-pk-00000046";"rec-b-pk-00000046";"2026-06-30 23:59:59.000";"b";"ds-b0082";"NULL";"b0082"
"2026-04-13 11:46:51.012";"c-pk-00000044";"rec-c-pk-00000044";"2026-06-30 23:59:59.000";"c";"ds-c0083";"NULL";"c0083"
"2026-01-15 01:08:33.268";"a-pk-00000037";"rec-a-pk-00000037";"2026-06-30 23:59:59.000";"a";"ds-a0084";"NULL";"a0084"
"2026-03-01 15:20:02.893";"b-pk-00000034";"rec-b-pk-00000034";"2026-06-30 23:59:59.000";"b";"ds-b0085";"NULL";"b0085"
"2026-03-03 18:02:40.280";"c-pk-00000080";"rec-c-pk-00000080";"2026-06-30 23:59:59.000";"c";"ds-c0086";"NULL";"c0086"
"2026-03-07 19:03:58.558";"a-pk-00000034";"rec-a-pk-00000034";"2026-06-30 23:59:59.000";"a";"ds-a0087";"NULL";"a0087"
"2026-03-15 18:27:58.522";"b-pk-00000040";"rec-b-pk-00000040";"2026-06-30 23:59:59.000";"b";"ds-b0088";"NULL";"b0088"
"2026-04-20 20:24:27.733";"c-pk-00000037";"rec-c-pk-00000037";"2026-06-30 23:59:59.000";"c";"ds-c0089";"NULL";"c0089"
"2026-03-19 23:05:27.256";"a-pk-00000050";"rec-a-pk-00000050";"2026-06-30 23:59:59.000";"a";"ds-a0090";"NULL";"a0090"
"2026-02-17 18:20:57.857";"b-pk-00000041";"rec-b-pk-00000041";"2026-06-30 23:59:59.000";"b";"ds-b0091";"NULL";"b0091"
"2026-04-18 17:18:20.481";"c-pk-00000036";"rec-c-pk-00000036";"2026-06-30 23:59:59.000";"c";"ds-c0092";"NULL";"c0092"
"2026-04-12 13:02:09.244";"a-pk-00000048";"rec-a-pk-00000048";"2026-06-30 23:59:59.000";"a";"ds-a0093";"NULL";"a0093"
"2026-03-14 14:53:27.794";"b-pk-00000044";"rec-b-pk-00000044";"2026-06-30 23:59:59.000";"b";"ds-b0094";"NULL";"b0094"
"2026-04-15 03:40:44.803";"c-pk-00000035";"rec-c-pk-00000035";"2026-06-30 23:59:59.000";"c";"ds-c0095";"NULL";"c0095"
"2026-03-18 15:42:01.890";"a-pk-00000031";"rec-a-pk-00000031";"2026-06-30 23:59:59.000";"a";"ds-a0096";"NULL";"a0096"
"2026-04-04 07:21:02.978";"b-pk-00000091";"rec-b-pk-00000091";"2026-06-30 23:59:59.000";"b";"ds-b0097";"NULL";"b0097"
"2026-03-06 23:16:07.160";"c-pk-00000028";"rec-c-pk-00000028";"2026-06-30 23:59:59.000";"c";"ds-c0098";"NULL";"c0098"
"2026-04-18 09:17:45.612";"a-pk-00000039";"rec-a-pk-00000039";"2026-06-30 23:59:59.000";"a";"ds-a0099";"NULL";"a0099"
