"created_at";"pk_id";"wok_bet_pk_id";"transactions_id";"player_profile_id"
"2026-04-27 06:29:55.072";"a-pk-00000023";"a-pk-00000021";"a0000-t0";"a0000"
"2026-02-09 23:26:04.882";"a-pk-00000026";"a-pk-00000024";"a0000-t1";"a0000"
"2026-01-02 20:49:56.598";"a-pk-00000029";"a-pk-00000027";"a0000-t2";"a0000"
"2026-01-02 22:38:25.941";"a-pk-00000030";"a-pk-00000027";"a0000-t2";"a0000"
"2026-03-13 13:52:12.614";"b-pk-00000031";"b-pk-00000028";"b0001-t0";"b0001"
"2026-03-13 13:40:36.815";"b-pk-00000032";"b-pk-00000028";"b0001-t0";"b0001"
"2026-01-12 19:35:36.332";"b-pk-00000035";"b-pk-00000033";"b0001-t1";"b0001"
"2026-02-16 08:12:38.563";"b-pk-00000038";"b-pk-00000036";"b0001-t2";"b0001"
"2026-02-16 07:48:13.719";"b-pk-00000039";"b-pk-00000036";"b0001-t2";"b0001"
"2026-04-09 09:32:53.983";"b-pk-00000044";"b-pk-00000040";"b0001-t3";"b0001"
"2026-04-09 12:26:20.970";"b-pk-00000045";"b-pk-00000040";"b0001-t3";"b0001"
"2026-02-21 06:35:45.169";"b-pk-00000048";"b-pk-00000046";"b0001-t4";"b0001"
"2026-03-21 00:15:56.258";"b-pk-00000052";"b-pk-00000049";"b0001-t5";"b0001"
"2026-03-21 01:15:43.993";"b-pk-00000053";"b-pk-00000049";"b0001-t5";"b0001"
"2026-04-28 17:23:41.852";"b-pk-00000056";"b-pk-00000054";"b0001-t6";"b0001"
"2026-04-28 17:32:31.955";"b-pk-00000057";"b-pk-00000054";"b0001-t6";"b0001"
"2026-03-18 00:15:25.329";"b-pk-00000060";"b-pk-00000058";"b0001-t7";"b0001"
"2026-03-18 02:00:38.714";"b-pk-00000061";"b-pk-00000058";"b0001-t7";"b0001"
"2026-01-11 01:24:57.589";"c-pk-00000019";"c-pk-00000017";"c0002-t0";"c0002"
"2026-04-19 14:16:26.981";"c-pk-00000022";"c-pk-00000020";"c0002-t1";"c0002"
"2026-04-19 16:16:21.834";"c-pk-00000023";"c-pk-00000020";"c0002-t1";"c0002"
"2026-02-08 03:29:57.884";"c-pk-00000026";"c-pk-00000024";"c0002-t2";"c0002"
"2026-02-08 06:48:21.629";"c-pk-00000027";"c-pk-00000024";"c0002-t2";"c0002"
"2026-04-15 21:22:11.067";"c-pk-00000030";"c-pk-00000028";"c0002-t3";"c0002"
"2026-04-15 20:00:56.571";"c-pk-00000031";"c-pk-00000028";"c0002-t3";"c0002"
"2026-04-10 09:37:08.140";"c-pk-00000034";"c-pk-00000032";"c0002-t4";"c0002"
"2026-04-10 09:26:58.302";"c-pk-00000035";"c-pk-00000032";"c0002-t4";"c0002"
"2026-03-12 02:36:42.146";"a-pk-00000012";"a-pk-00000009";"a0003-t0";"a0003"
"2026-03-12 05:34:19.694";"a-pk-00000013";"a-pk-00000009";"a0003-t0";"a0003"
"2026-04-02 07:42:25.728";"a-pk-00000017";"a-pk-00000014";"a0003-t1";"a0003"
"2026-04-02 07:07:14.717";"a-pk-00000018";"a-pk-00000014";"a0003-t1";"a0003"
"2026-04-07 08:28:34.575";"b-pk-00000017";"b-pk-00000015";"b0004-t0";"b0004"
"2026-04-07 10:16:52.140";"b-pk-00000018";"b-pk-00000015";"b0004-t0";"b0004"
"2026-01-21 01:25:11.857";"b-pk-00000021";"b-pk-00000019";"b0004-t1";"b0004"
"2026-02-02 14:09:08.740";"b-pk-00000025";"b-pk-00000022";"b0004-t2";"b0004"
"2026-02-02 15:17:31.267";"b-pk-00000026";"b-pk-00000022";"b0004-t2";"b0004"
"2026-03-23 07:16:09.352";"b-pk-00000031";"b-pk-00000027";"b0004-t3";"b0004"
"2026-01-18 03:55:35.688";"b-pk-00000035";"b-pk-00000032";"b0004-t4";"b0004"
"2026-03-19 05:22:57.773";"c-pk-00000012";"c-pk-00000010";"c0005-t0";"c0005"
"2026-03-19 07:07:41.809";"c-pk-00000013";"c-pk-00000010";"c0005-t0";"c0005"
"2026-01-18 00:02:50.398";"c-pk-00000016";"c-pk-00000014";"c0005-t1";"c0005"
"2026-01-18 00:44:26.109";"c-pk-00000017";"c-pk-00000014";"c0005-t1";"c0005"
"2026-01-01 10:11:50.282";"c-pk-00000020";"c-pk-00000018";"c0005-t2";"c0005"
"2026-04-10 17:12:22.752";"c-pk-00000023";"c-pk-00000021";"c0005-t3";"c0005"
"2026-04-10 18:48:44.502";"c-pk-00000024";"c-pk-00000021";"c0005-t3";"c0005"
"2026-01-26 00:32:43.728";"a-pk-00000014";"a-pk-00000011";"a0006-t0";"a0006"
"2026-03-27 09:45:53.981";"a-pk-00000018";"a-pk-00000015";"a0006-t1";"a0006"
"2026-03-27 09:39:05.705";"a-pk-00000019";"a-pk-00000015";"a0006-t1";"a0006"
"2026-02-21 10:41:41.218";"a-pk-00000023";"a-pk-00000020";"a0006-t2";"a0006"
"2026-02-21 11:52:42.155";"a-pk-00000024";"a-pk-00000020";"a0006-t2";"a0006"
"2026-04-20 23:08:02.246";"a-pk-00000027";"a-pk-00000025";"a0006-t3";"a0006"
"2026-04-20 23:37:35.608";"a-pk-00000028";"a-pk-00000025";"a0006-t3";"a0006"
"2026-01-17 01:44:04.523";"a-pk-00000031";"a-pk-00000029";"a0006-t4";"a0006"
"2026-02-04 09:45:15.339";"b-pk-00000018";"b-pk-00000016";"b0007-t0";"b0007"
"2026-02-04 11:37:54.206";"b-pk-00000019";"b-pk-00000016";"b0007-t0";"b0007"
"2026-02-11 23:10:40.603";"b-pk-00000022";"b-pk-00000020";"b0007-t1";"b0007"
"2026-02-12 01:41:09.387";"b-pk-00000023";"b-pk-00000020";"b0007-t1";"b0007"
"2026-03-25 02:07:38.721";"b-pk-00000028";"b-pk-00000024";"b0007-t2";"b0007"
"2026-03-24 22:26:35.965";"b-pk-00000029";"b-pk-00000024";"b0007-t2";"b0007"
"2026-02-20 16:45:20.577";"b-pk-00000033";"b-pk-00000030";"b0007-t3";"b0007"
"2026-01-06 01:30:37.585";"b-pk-00000038";"b-pk-00000034";"b0007-t4";"b0007"
"2026-01-06 01:18:36.038";"b-pk-00000039";"b-pk-00000034";"b0007-t4";"b0007"
"2026-02-09 15:44:42.255";"b-pk-00000043";"b-pk-00000040";"b0007-t5";"b0007"
"2026-04-16 07:39:36.076";"c-pk-00000010";"c-pk-00000008";"c0008-t0";"c0008"
"2026-04-16 07:09:57.328";"c-pk-00000011";"c-pk-00000008";"c0008-t0";"c0008"
"2026-02-11 10:10:40.841";"c-pk-00000015";"c-pk-00000012";"c0008-t1";"c0008"
"2026-01-26 22:32:16.906";"a-pk-00000014";"a-pk-00000012";"a0009-t0";"a0009"
"2026-03-13 06:11:08.962";"a-pk-00000017";"a-pk-00000015";"a0009-t1";"a0009"
"2026-03-13 03:44:03.702";"a-pk-00000018";"a-pk-00000015";"a0009-t1";"a0009"
"2026-02-01 15:08:39.783";"a-pk-00000021";"a-pk-00000019";"a0009-t2";"a0009"
"2026-02-01 18:43:49.390";"a-pk-00000022";"a-pk-00000019";"a0009-t2";"a0009"
"2026-04-27 22:26:52.131";"a-pk-00000026";"a-pk-00000023";"a0009-t3";"a0009"
"2026-04-27 23:54:11.240";"a-pk-00000027";"a-pk-00000023";"a0009-t3";"a0009"
"2026-01-13 21:27:56.034";"b-pk-00000018";"b-pk-00000014";"b0010-t0";"b0010"
"2026-01-13 23:35:22.522";"b-pk-00000019";"b-pk-00000014";"b0010-t0";"b0010"
"2026-02-20 06:13:53.525";"b-pk-00000022";"b-pk-00000020";"b0010-t1";"b0010"
"2026-02-20 06:49:58.550";"b-pk-00000023";"b-pk-00000020";"b0010-t1";"b0010"
"2026-03-23 16:26:56.362";"b-pk-00000026";"b-pk-00000024";"b0010-t2";"b0010"
"2026-03-20 09:18:26.319";"c-pk-00000016";"c-pk-00000013";"c0011-t0";"c0011"
"2026-04-12 16:05:49.330";"c-pk-00000019";"c-pk-00000017";"c0011-t1";"c0011"
"2026-04-12 15:26:30.745";"c-pk-00000020";"c-pk-00000017";"c0011-t1";"c0011"
"2026-01-24 19:30:07.794";"c-pk-00000025";"c-pk-00000021";"c0011-t2";"c0011"
"2026-01-24 20:17:39.388";"c-pk-00000026";"c-pk-00000021";"c0011-t2";"c0011"
"2026-02-01 22:35:34.571";"c-pk-00000031";"c-pk-00000027";"c0011-t3";"c0011"
"2026-02-01 23:06:58.425";"c-pk-00000032";"c-pk-00000027";"c0011-t3";"c0011"
"2026-01-25 23:44:26.740";"c-pk-00000037";"c-pk-00000033";"c0011-t4";"c0011"
"2026-02-25 09:08:57.126";"a-pk-00000018";"a-pk-00000014";"a0012-t0";"a0012"
"2026-01-05 00:37:34.510";"a-pk-00000021";"a-pk-00000019";"a0012-t1";"a0012"
"2026-01-05 00:49:31.005";"a-pk-00000022";"a-pk-00000019";"a0012-t1";"a0012"
"2026-04-08 10:32:16.557";"b-pk-00000017";"b-pk-00000014";"b0013-t0";"b0013"
"2026-04-08 10:08:10.177";"b-pk-00000018";"b-pk-00000014";"b0013-t0";"b0013"
"2026-01-24 23:30:36.898";"b-pk-00000021";"b-pk-00000019";"b0013-t1";"b0013"
"2026-03-10 19:13:06.657";"b-pk-00000025";"b-pk-00000022";"b0013-t2";"b0013"
"2026-01-17 23:29:18.593";"c-pk-00000019";"c-pk-00000015";"c0014-t0";"c0014"
"2026-01-17 23:50:30.073";"c-pk-00000020";"c-pk-00000015";"c0014-t0";"c0014"
"2026-01-24 07:47:43.607";"c-pk-00000023";"c-pk-00000021";"c0014-t1";"c0014"
"2026-02-11 03:53:32.960";"c-pk-00000026";"c-pk-00000024";"c0014-t2";"c0014"
"2026-02-11 02:52:56.708";"c-pk-00000027";"c-pk-00000024";"c0014-t2";"c0014"
"2026-01-10 13:22:04.581";"a-pk-00000031";"a-pk-00000029";"a0015-t0";"a0015"
"2026-01-10 14:37:17.140";"a-pk-00000032";"a-pk-00000029";"a0015-t0";"a0015"
"2026-02-06 16:01:51.643";"a-pk-00000035";"a-pk-00000033";"a0015-t1";"a0015"
"2026-02-06 15:15:05.997";"a-pk-00000036";"a-pk-00000033";"a0015-t1";"a0015"
"2026-01-12 17:57:19.714";"a-pk-00000039";"a-pk-00000037";"a0015-t2";"a0015"
"2026-01-12 19:43:59.098";"a-pk-00000040";"a-pk-00000037";"a0015-t2";"a0015"
"2026-03-27 04:08:13.149";"a-pk-00000045";"a-pk-00000041";"a0015-t3";"a0015"
"2026-03-27 07:37:55.964";"a-pk-00000046";"a-pk-00000041";"a0015-t3";"a0015"
"2026-03-19 14:16:15.122";"a-pk-00000051";"a-pk-00000047";"a0015-t4";"a0015"
"2026-03-19 11:59:35.410";"a-pk-00000052";"a-pk-00000047";"a0015-t4";"a0015"
"2026-01-24 05:12:29.755";"a-pk-00000055";"a-pk-00000053";"a0015-t5";"a0015"
"2026-01-08 13:22:09.035";"b-pk-00000012";"b-pk-00000008";"b0016-t0";"b0016"
"2026-01-08 13:06:18.678";"b-pk-00000013";"b-pk-00000008";"b0016-t0";"b0016"
"2026-01-23 21:50:16.410";"b-pk-00000017";"b-pk-00000014";"b0016-t1";"b0016"
"2026-01-23 22:07:56.312";"b-pk-00000018";"b-pk-00000014";"b0016-t1";"b0016"
"2026-03-19 04:14:17.229";"b-pk-00000022";"b-pk-00000019";"b0016-t2";"b0016"
"2026-03-19 05:10:23.195";"b-pk-00000023";"b-pk-00000019";"b0016-t2";"b0016"
"2026-03-11 00:37:28.097";"b-pk-00000026";"b-pk-00000024";"b0016-t3";"b0016"
"2026-03-11 01:54:27.053";"b-pk-00000027";"b-pk-00000024";"b0016-t3";"b0016"
"2026-01-11 02:55:27.368";"c-pk-00000018";"c-pk-00000015";"c0017-t0";"c0017"
"2026-01-11 03:31:10.818";"c-pk-00000019";"c-pk-00000015";"c0017-t0";"c0017"
"2026-02-20 07:26:05.803";"c-pk-00000022";"c-pk-00000020";"c0017-t1";"c0017"
"2026-02-20 07:50:33.047";"c-pk-00000023";"c-pk-00000020";"c0017-t1";"c0017"
"2026-03-05 23:28:26.206";"c-pk-00000026";"c-pk-00000024";"c0017-t2";"c0017"
"2026-04-14 01:56:39.736";"c-pk-00000031";"c-pk-00000027";"c0017-t3";"c0017"
"2026-04-14 03:26:49.129";"c-pk-00000032";"c-pk-00000027";"c0017-t3";"c0017"
"2026-03-07 05:02:11.731";"c-pk-00000035";"c-pk-00000033";"c0017-t4";"c0017"
"2026-03-07 06:22:15.681";"c-pk-00000036";"c-pk-00000033";"c0017-t4";"c0017"
"2026-01-01 15:39:05.569";"a-pk-00000012";"a-pk-00000009";"a0018-t0";"a0018"
"2026-01-01 18:44:23.720";"a-pk-00000013";"a-pk-00000009";"a0018-t0";"a0018"
"2026-04-25 15:23:52.579";"a-pk-00000017";"a-pk-00000014";"a0018-t1";"a0018"
"2026-02-03 21:56:33.229";"a-pk-00000020";"a-pk-00000018";"a0018-t2";"a0018"
"2026-01-09 15:36:43.981";"a-pk-00000023";"a-pk-00000021";"a0018-t3";"a0018"
"2026-02-09 21:18:14.354";"b-pk-00000013";"b-pk-00000011";"b0019-t0";"b0019"
"2026-02-09 23:25:47.968";"b-pk-00000014";"b-pk-00000011";"b0019-t0";"b0019"
"2026-04-27 21:24:12.027";"b-pk-00000019";"b-pk-00000015";"b0019-t1";"b0019"
"2026-04-27 19:36:53.071";"b-pk-00000020";"b-pk-00000015";"b0019-t1";"b0019"
"2026-04-10 07:44:02.862";"b-pk-00000024";"b-pk-00000021";"b0019-t2";"b0019"
"2026-04-10 09:18:08.304";"b-pk-00000025";"b-pk-00000021";"b0019-t2";"b0019"
"2026-04-20 06:09:31.212";"b-pk-00000028";"b-pk-00000026";"b0019-t3";"b0019"
"2026-04-20 07:36:17.473";"b-pk-00000029";"b-pk-00000026";"b0019-t3";"b0019"
"2026-01-14 23:34:14.512";"c-pk-00000013";"c-pk-00000010";"c0020-t0";"c0020"
"2026-03-16 15:31:23.082";"c-pk-00000017";"c-pk-00000014";"c0020-t1";"c0020"
"2026-03-16 15:13:24.193";"c-pk-00000018";"c-pk-00000014";"c0020-t1";"c0020"
"2026-04-06 15:07:54.180";"c-pk-00000021";"c-pk-00000019";"c0020-t2";"c0020"
"2026-04-06 14:52:55.720";"c-pk-00000022";"c-pk-00000019";"c0020-t2";"c0020"
"2026-02-07 18:03:09.808";"c-pk-00000025";"c-pk-00000023";"c0020-t3";"c0020"
"2026-02-25 00:49:41.879";"a-pk-00000015";"a-pk-00000011";"a0021-t0";"a0021"
"2026-02-13 13:47:00.119";"a-pk-00000018";"a-pk-00000016";"a0021-t1";"a0021"
"2026-02-13 14:06:00.500";"a-pk-00000019";"a-pk-00000016";"a0021-t1";"a0021"
"2026-02-01 19:13:55.876";"a-pk-00000024";"a-pk-00000020";"a0021-t2";"a0021"
"2026-02-12 23:31:49.700";"b-pk-00000017";"b-pk-00000015";"b0022-t0";"b0022"
"2026-02-13 00:28:03.694";"b-pk-00000018";"b-pk-00000015";"b0022-t0";"b0022"
"2026-03-14 23:45:09.436";"b-pk-00000021";"b-pk-00000019";"b0022-t1";"b0022"
"2026-01-20 08:45:16.308";"b-pk-00000026";"b-pk-00000022";"b0022-t2";"b0022"
"2026-01-20 09:12:25.779";"b-pk-00000027";"b-pk-00000022";"b0022-t2";"b0022"
"2026-02-19 02:19:54.407";"b-pk-00000030";"b-pk-00000028";"b0022-t3";"b0022"
"2026-01-23 17:09:44.032";"c-pk-00000016";"c-pk-00000014";"c0023-t0";"c0023"
"2026-02-17 05:50:00.206";"c-pk-00000020";"c-pk-00000017";"c0023-t1";"c0023"
"2026-02-17 07:45:24.033";"c-pk-00000021";"c-pk-00000017";"c0023-t1";"c0023"
"2026-02-09 02:48:33.729";"c-pk-00000025";"c-pk-00000022";"c0023-t2";"c0023"
"2026-02-09 05:56:19.396";"c-pk-00000026";"c-pk-00000022";"c0023-t2";"c0023"
"2026-02-07 20:10:40.499";"c-pk-00000029";"c-pk-00000027";"c0023-t3";"c0023"
"2026-02-09 00:21:15.423";"a-pk-00000011";"a-pk-00000009";"a0024-t0";"a0024"
"2026-02-08 21:16:45.982";"a-pk-00000012";"a-pk-00000009";"a0024-t0";"a0024"
"2026-01-07 22:23:29.745";"a-pk-00000015";"a-pk-00000013";"a0024-t1";"a0024"
"2026-02-09 08:58:50.392";"a-pk-00000018";"a-pk-00000016";"a0024-t2";"a0024"
"2026-02-09 10:20:24.580";"a-pk-00000019";"a-pk-00000016";"a0024-t2";"a0024"
"2026-03-12 22:52:40.814";"a-pk-00000022";"a-pk-00000020";"a0024-t3";"a0024"
"2026-01-08 19:27:49.730";"b-pk-00000020";"b-pk-00000016";"b0025-t0";"b0025"
"2026-01-08 19:57:53.750";"b-pk-00000021";"b-pk-00000016";"b0025-t0";"b0025"
"2026-02-14 22:56:45.472";"b-pk-00000024";"b-pk-00000022";"b0025-t1";"b0025"
"2026-02-14 21:18:16.384";"b-pk-00000025";"b-pk-00000022";"b0025-t1";"b0025"
"2026-04-04 07:33:41.528";"b-pk-00000029";"b-pk-00000026";"b0025-t2";"b0025"
"2026-02-19 00:39:00.627";"b-pk-00000032";"b-pk-00000030";"b0025-t3";"b0025"
"2026-02-19 02:26:36.879";"b-pk-00000033";"b-pk-00000030";"b0025-t3";"b0025"
"2026-03-26 19:21:43.506";"c-pk-00000026";"c-pk-00000022";"c0026-t0";"c0026"
"2026-03-26 18:47:02.645";"c-pk-00000027";"c-pk-00000022";"c0026-t0";"c0026"
"2026-02-05 21:28:07.657";"c-pk-00000030";"c-pk-00000028";"c0026-t1";"c0026"
"2026-02-05 21:31:59.289";"c-pk-00000031";"c-pk-00000028";"c0026-t1";"c0026"
"2026-02-01 10:59:54.981";"c-pk-00000034";"c-pk-00000032";"c0026-t2";"c0026"
"2026-02-01 14:39:04.578";"c-pk-00000035";"c-pk-00000032";"c0026-t2";"c0026"
"2026-04-19 00:07:22.805";"c-pk-00000038";"c-pk-00000036";"c0026-t3";"c0026"
"2026-04-19 00:56:08.583";"c-pk-00000039";"c-pk-00000036";"c0026-t3";"c0026"
"2026-01-21 04:56:38.198";"a-pk-00000014";"a-pk-00000011";"a0027-t0";"a0027"
"2026-01-21 05:06:51.879";"a-pk-00000015";"a-pk-00000011";"a0027-t0";"a0027"
"2026-03-26 12:10:21.237";"a-pk-00000018";"a-pk-00000016";"a0027-t1";"a0027"
"2026-03-11 07:51:00.739";"b-pk-00000013";"b-pk-00000010";"b0028-t0";"b0028"
"2026-03-17 03:28:22.885";"b-pk-00000017";"b-pk-00000014";"b0028-t1";"b0028"
"2026-03-17 01:32:12.773";"b-pk-00000018";"b-pk-00000014";"b0028-t1";"b0028"
"2026-04-26 04:40:31.392";"c-pk-00000011";"c-pk-00000009";"c0029-t0";"c0029"
"2026-04-26 06:06:26.081";"c-pk-00000012";"c-pk-00000009";"c0029-t0";"c0029"
"2026-02-01 13:32:52.365";"c-pk-00000015";"c-pk-00000013";"c0029-t1";"c0029"
"2026-01-19 02:37:31.738";"c-pk-00000018";"c-pk-00000016";"c0029-t2";"c0029"
"2026-04-26 04:20:10.226";"a-pk-00000016";"a-pk-00000014";"a0030-t0";"a0030"
"2026-04-26 06:52:32.577";"a-pk-00000017";"a-pk-00000014";"a0030-t0";"a0030"
"2026-03-23 10:41:18.383";"a-pk-00000020";"a-pk-00000018";"a0030-t1";"a0030"
"2026-03-23 10:57:40.948";"a-pk-00000021";"a-pk-00000018";"a0030-t1";"a0030"
"2026-04-21 06:13:50.566";"a-pk-00000024";"a-pk-00000022";"a0030-t2";"a0030"
"2026-04-21 08:13:27.759";"a-pk-00000025";"a-pk-00000022";"a0030-t2";"a0030"
"2026-01-26 03:47:32.800";"a-pk-00000028";"a-pk-00000026";"a0030-t3";"a0030"
"2026-01-19 13:54:51.167";"b-pk-00000015";"b-pk-00000011";"b0031-t0";"b0031"
"2026-04-09 09:52:52.667";"b-pk-00000019";"b-pk-00000016";"b0031-t1";"b0031"
"2026-03-09 01:16:32.829";"b-pk-00000022";"b-pk-00000020";"b0031-t2";"b0031"
"2026-02-16 08:23:21.237";"c-pk-00000013";"c-pk-00000011";"c0032-t0";"c0032"
"2026-02-16 08:39:19.305";"c-pk-00000014";"c-pk-00000011";"c0032-t0";"c0032"
"2026-01-19 02:47:46.926";"c-pk-00000017";"c-pk-00000015";"c0032-t1";"c0032"
"2026-01-19 00:45:09.520";"c-pk-00000018";"c-pk-00000015";"c0032-t1";"c0032"
"2026-03-15 00:58:03.040";"c-pk-00000021";"c-pk-00000019";"c0032-t2";"c0032"
"2026-03-14 23:22:57.807";"c-pk-00000022";"c-pk-00000019";"c0032-t2";"c0032"
"2026-04-28 15:45:44.812";"c-pk-00000025";"c-pk-00000023";"c0032-t3";"c0032"
"2026-04-28 15:19:08.571";"c-pk-00000026";"c-pk-00000023";"c0032-t3";"c0032"
"2026-03-24 14:11:23.114";"c-pk-00000029";"c-pk-00000027";"c0032-t4";"c0032"
"2026-04-26 15:58:07.445";"a-pk-00000015";"a-pk-00000013";"a0033-t0";"a0033"
"2026-04-26 15:44:47.502";"a-pk-00000016";"a-pk-00000013";"a0033-t0";"a0033"
"2026-01-16 05:31:58.697";"a-pk-00000019";"a-pk-00000017";"a0033-t1";"a0033"
"2026-04-15 02:48:03.561";"b-pk-00000013";"b-pk-00000011";"b0034-t0";"b0034"
"2026-04-15 02:38:22.811";"b-pk-00000014";"b-pk-00000011";"b0034-t0";"b0034"
"2026-04-12 21:41:42.251";"b-pk-00000017";"b-pk-00000015";"b0034-t1";"b0034"
"2026-04-13 00:03:00.133";"b-pk-00000018";"b-pk-00000015";"b0034-t1";"b0034"
"2026-04-11 23:46:12.484";"b-pk-00000022";"b-pk-00000019";"b0034-t2";"b0034"
"2026-02-24 14:34:28.445";"c-pk-00000015";"c-pk-00000013";"c0035-t0";"c0035"
"2026-02-24 16:05:11.499";"c-pk-00000016";"c-pk-00000013";"c0035-t0";"c0035"
"2026-01-12 06:43:09.060";"c-pk-00000021";"c-pk-00000017";"c0035-t1";"c0035"
"2026-01-12 05:06:35.228";"c-pk-00000022";"c-pk-00000017";"c0035-t1";"c0035"
"2026-01-10 06:02:40.996";"a-pk-00000018";"a-pk-00000016";"a0036-t0";"a0036"
"2026-01-10 04:21:05.918";"a-pk-00000019";"a-pk-00000016";"a0036-t0";"a0036"
"2026-01-22 05:56:31.553";"a-pk-00000022";"a-pk-00000020";"a0036-t1";"a0036"
"2026-01-22 03:28:16.752";"a-pk-00000023";"a-pk-00000020";"a0036-t1";"a0036"
"2026-03-14 08:59:46.500";"a-pk-00000027";"a-pk-00000024";"a0036-t2";"a0036"
"2026-03-14 06:07:45.749";"a-pk-00000028";"a-pk-00000024";"a0036-t2";"a0036"
"2026-03-18 12:52:46.259";"a-pk-00000031";"a-pk-00000029";"a0036-t3";"a0036"
"2026-03-18 14:29:49.432";"a-pk-00000032";"a-pk-00000029";"a0036-t3";"a0036"
"2026-03-22 14:49:30.049";"a-pk-00000037";"a-pk-00000033";"a0036-t4";"a0036"
"2026-03-22 13:06:21.120";"a-pk-00000038";"a-pk-00000033";"a0036-t4";"a0036"
"2026-04-06 17:29:32.576";"a-pk-00000041";"a-pk-00000039";"a0036-t5";"a0036"
"2026-03-15 07:48:49.376";"b-pk-00000020";"b-pk-00000018";"b0037-t0";"b0037"
"2026-03-04 20:15:48.339";"b-pk-00000024";"b-pk-00000021";"b0037-t1";"b0037"
"2026-03-04 20:47:45.944";"b-pk-00000025";"b-pk-00000021";"b0037-t1";"b0037"
"2026-02-01 04:00:13.582";"b-pk-00000029";"b-pk-00000026";"b0037-t2";"b0037"
"2026-02-14 06:59:08.698";"b-pk-00000032";"b-pk-00000030";"b0037-t3";"b0037"
"2026-02-14 05:40:26.608";"b-pk-00000033";"b-pk-00000030";"b0037-t3";"b0037"
"2026-02-08 04:26:12.067";"b-pk-00000036";"b-pk-00000034";"b0037-t4";"b0037"
"2026-02-08 03:46:50.948";"b-pk-00000037";"b-pk-00000034";"b0037-t4";"b0037"
"2026-01-14 13:04:06.000";"b-pk-00000041";"b-pk-00000038";"b0037-t5";"b0037"
"2026-01-05 05:12:37.510";"c-pk-00000015";"c-pk-00000013";"c0038-t0";"c0038"
"2026-01-05 04:58:20.307";"c-pk-00000016";"c-pk-00000013";"c0038-t0";"c0038"
"2026-04-01 01:39:18.899";"c-pk-00000019";"c-pk-00000017";"c0038-t1";"c0038"
"2026-04-03 23:32:32.417";"c-pk-00000022";"c-pk-00000020";"c0038-t2";"c0038"
"2026-04-03 21:24:00.535";"c-pk-00000023";"c-pk-00000020";"c0038-t2";"c0038"
"2026-04-23 09:33:54.832";"a-pk-00000016";"a-pk-00000012";"a0039-t0";"a0039"
"2026-04-23 09:17:27.730";"a-pk-00000017";"a-pk-00000012";"a0039-t0";"a0039"
"2026-03-15 07:51:48.697";"a-pk-00000022";"a-pk-00000018";"a0039-t1";"a0039"
"2026-03-15 07:05:32.345";"a-pk-00000023";"a-pk-00000018";"a0039-t1";"a0039"
"2026-04-25 13:55:44.122";"b-pk-00000017";"b-pk-00000015";"b0040-t0";"b0040"
"2026-04-25 13:31:04.425";"b-pk-00000018";"b-pk-00000015";"b0040-t0";"b0040"
"2026-01-20 22:39:46.428";"b-pk-00000021";"b-pk-00000019";"b0040-t1";"b0040"
"2026-01-20 21:33:30.261";"b-pk-00000022";"b-pk-00000019";"b0040-t1";"b0040"
"2026-01-24 03:25:41.781";"b-pk-00000025";"b-pk-00000023";"b0040-t2";"b0040"
"2026-01-13 07:45:05.638";"b-pk-00000030";"b-pk-00000026";"b0040-t3";"b0040"
"2026-01-13 07:24:55.785";"b-pk-00000031";"b-pk-00000026";"b0040-t3";"b0040"
"2026-04-28 23:04:32.716";"b-pk-00000034";"b-pk-00000032";"b0040-t4";"b0040"
"2026-01-18 18:52:30.086";"c-pk-00000029";"c-pk-00000027";"c0041-t0";"c0041"
"2026-01-18 19:48:11.462";"c-pk-00000030";"c-pk-00000027";"c0041-t0";"c0041"
"2026-04-26 03:53:26.865";"c-pk-00000033";"c-pk-00000031";"c0041-t1";"c0041"
"2026-04-26 02:25:34.854";"c-pk-00000034";"c-pk-00000031";"c0041-t1";"c0041"
"2026-02-11 18:54:00.345";"c-pk-00000039";"c-pk-00000035";"c0041-t2";"c0041"
"2026-04-06 10:26:22.313";"c-pk-00000042";"c-pk-00000040";"c0041-t3";"c0041"
"2026-01-22 18:55:22.866";"c-pk-00000045";"c-pk-00000043";"c0041-t4";"c0041"
"2026-01-22 19:07:42.243";"c-pk-00000046";"c-pk-00000043";"c0041-t4";"c0041"
"2026-04-15 13:42:50.356";"c-pk-00000049";"c-pk-00000047";"c0041-t5";"c0041"
"2026-04-15 11:45:11.911";"c-pk-00000050";"c-pk-00000047";"c0041-t5";"c0041"
"2026-03-08 20:04:00.975";"a-pk-00000011";"a-pk-00000009";"a0042-t0";"a0042"
"2026-03-08 20:54:40.625";"a-pk-00000012";"a-pk-00000009";"a0042-t0";"a0042"
"2026-01-06 18:18:42.587";"a-pk-00000017";"a-pk-00000013";"a0042-t1";"a0042"
"2026-01-06 16:01:59.471";"a-pk-00000018";"a-pk-00000013";"a0042-t1";"a0042"
"2026-01-14 17:39:23.716";"b-pk-00000011";"b-pk-00000008";"b0043-t0";"b0043"
"2026-04-01 01:14:33.625";"b-pk-00000014";"b-pk-00000012";"b0043-t1";"b0043"
"2026-01-26 21:00:57.097";"b-pk-00000019";"b-pk-00000015";"b0043-t2";"b0043"
"2026-01-26 21:58:40.923";"b-pk-00000020";"b-pk-00000015";"b0043-t2";"b0043"
"2026-01-28 13:54:14.602";"c-pk-00000012";"c-pk-00000010";"c0044-t0";"c0044"
"2026-03-11 23:32:23.335";"c-pk-00000015";"c-pk-00000013";"c0044-t1";"c0044"
"2026-03-11 22:39:45.057";"c-pk-00000016";"c-pk-00000013";"c0044-t1";"c0044"
"2026-04-12 08:03:58.562";"a-pk-00000018";"a-pk-00000014";"a0045-t0";"a0045"
"2026-04-01 15:32:34.888";"a-pk-00000021";"a-pk-00000019";"a0045-t1";"a0045"
"2026-04-01 15:22:50.821";"a-pk-00000022";"a-pk-00000019";"a0045-t1";"a0045"
"2026-01-16 04:58:50.004";"b-pk-00000015";"b-pk-00000013";"b0046-t0";"b0046"
"2026-01-16 04:08:06.927";"b-pk-00000016";"b-pk-00000013";"b0046-t0";"b0046"
"2026-01-17 20:43:35.536";"b-pk-00000020";"b-pk-00000017";"b0046-t1";"b0046"
"2026-01-17 22:07:15.843";"b-pk-00000021";"b-pk-00000017";"b0046-t1";"b0046"
"2026-02-11 07:01:16.019";"b-pk-00000026";"b-pk-00000022";"b0046-t2";"b0046"
"2026-02-11 11:07:35.345";"b-pk-00000029";"b-pk-00000027";"b0046-t3";"b0046"
"2026-03-01 03:17:57.012";"b-pk-00000032";"b-pk-00000030";"b0046-t4";"b0046"
"2026-03-01 00:52:55.918";"b-pk-00000033";"b-pk-00000030";"b0046-t4";"b0046"
"2026-02-05 23:02:34.367";"c-pk-00000013";"c-pk-00000011";"c0047-t0";"c0047"
"2026-02-06 00:48:02.130";"c-pk-00000014";"c-pk-00000011";"c0047-t0";"c0047"
"2026-01-08 15:33:04.702";"c-pk-00000017";"c-pk-00000015";"c0047-t1";"c0047"
"2026-01-08 14:56:16.480";"c-pk-00000018";"c-pk-00000015";"c0047-t1";"c0047"
"2026-03-13 22:39:53.402";"c-pk-00000021";"c-pk-00000019";"c0047-t2";"c0047"
"2026-03-13 21:01:43.898";"c-pk-00000022";"c-pk-00000019";"c0047-t2";"c0047"
"2026-01-13 08:19:19.172";"c-pk-00000025";"c-pk-00000023";"c0047-t3";"c0047"
"2026-04-05 14:19:35.615";"c-pk-00000028";"c-pk-00000026";"c0047-t4";"c0047"
"2026-04-05 16:24:36.389";"c-pk-00000029";"c-pk-00000026";"c0047-t4";"c0047"
"2026-02-26 12:12:05.985";"a-pk-00000020";"a-pk-00000018";"a0048-t0";"a0048"
"2026-02-26 13:37:51.573";"a-pk-00000021";"a-pk-00000018";"a0048-t0";"a0048"
"2026-02-23 06:37:22.250";"a-pk-00000025";"a-pk-00000022";"a0048-t1";"a0048"
"2026-02-23 03:13:25.663";"a-pk-00000026";"a-pk-00000022";"a0048-t1";"a0048"
"2026-01-18 01:29:48.326";"a-pk-00000029";"a-pk-00000027";"a0048-t2";"a0048"
"2026-01-18 02:23:01.074";"a-pk-00000030";"a-pk-00000027";"a0048-t2";"a0048"
"2026-02-21 23:55:23.072";"a-pk-00000033";"a-pk-00000031";"a0048-t3";"a0048"
"2026-04-04 07:40:30.028";"a-pk-00000036";"a-pk-00000034";"a0048-t4";"a0048"
"2026-04-04 06:45:03.712";"a-pk-00000037";"a-pk-00000034";"a0048-t4";"a0048"
"2026-04-21 17:32:48.250";"a-pk-00000042";"a-pk-00000038";"a0048-t5";"a0048"
"2026-03-11 23:07:57.306";"a-pk-00000045";"a-pk-00000043";"a0048-t6";"a0048"
"2026-03-11 23:15:35.873";"a-pk-00000046";"a-pk-00000043";"a0048-t6";"a0048"
"2026-03-20 11:53:41.062";"a-pk-00000050";"a-pk-00000047";"a0048-t7";"a0048"
"2026-03-20 12:55:44.117";"a-pk-00000051";"a-pk-00000047";"a0048-t7";"a0048"
"2026-04-25 02:24:06.884";"a-pk-00000054";"a-pk-00000052";"a0048-t8";"a0048"
"2026-04-11 16:08:59.982";"a-pk-00000059";"a-pk-00000055";"a0048-t9";"a0048"
"2026-04-11 13:08:31.907";"a-pk-00000060";"a-pk-00000055";"a0048-t9";"a0048"
"2026-01-21 21:34:36.016";"a-pk-00000063";"a-pk-00000061";"a0048-t10";"a0048"
"2026-02-19 11:59:39.347";"b-pk-00000015";"b-pk-00000013";"b0049-t0";"b0049"
"2026-02-19 09:32:16.209";"b-pk-00000016";"b-pk-00000013";"b0049-t0";"b0049"
"2026-01-08 21:52:45.008";"b-pk-00000019";"b-pk-00000017";"b0049-t1";"b0049"
"2026-01-08 21:02:36.596";"b-pk-00000020";"b-pk-00000017";"b0049-t1";"b0049"
"2026-01-17 10:50:48.303";"b-pk-00000023";"b-pk-00000021";"b0049-t2";"b0049"
"2026-01-17 13:05:46.114";"b-pk-00000024";"b-pk-00000021";"b0049-t2";"b0049"
"2026-02-23 14:49:05.442";"b-pk-00000027";"b-pk-00000025";"b0049-t3";"b0049"
"2026-04-14 01:32:26.797";"b-pk-00000030";"b-pk-00000028";"b0049-t4";"b0049"
"2026-04-14 03:13:33.626";"b-pk-00000031";"b-pk-00000028";"b0049-t4";"b0049"
"2026-03-16 10:17:30.609";"c-pk-00000019";"c-pk-00000015";"c0050-t0";"c0050"
"2026-03-16 09:55:17.495";"c-pk-00000020";"c-pk-00000015";"c0050-t0";"c0050"
"2026-03-22 11:03:53.341";"c-pk-00000024";"c-pk-00000021";"c0050-t1";"c0050"
"2026-03-07 04:26:51.853";"c-pk-00000029";"c-pk-00000025";"c0050-t2";"c0050"
"2026-03-07 06:34:38.472";"c-pk-00000030";"c-pk-00000025";"c0050-t2";"c0050"
"2026-01-12 20:05:04.851";"c-pk-00000034";"c-pk-00000031";"c0050-t3";"c0050"
"2026-01-12 21:09:57.948";"c-pk-00000035";"c-pk-00000031";"c0050-t3";"c0050"
"2026-03-24 10:33:12.167";"c-pk-00000039";"c-pk-00000036";"c0050-t4";"c0050"
"2026-03-24 07:56:36.087";"c-pk-00000040";"c-pk-00000036";"c0050-t4";"c0050"
"2026-01-12 23:36:09.387";"a-pk-00000010";"a-pk-00000008";"a0051-t0";"a0051"
"2026-01-12 22:03:28.351";"a-pk-00000011";"a-pk-00000008";"a0051-t0";"a0051"
"2026-02-10 06:40:49.774";"a-pk-00000015";"a-pk-00000012";"a0051-t1";"a0051"
"2026-02-10 09:15:03.675";"a-pk-00000016";"a-pk-00000012";"a0051-t1";"a0051"
"2026-01-19 05:36:46.734";"a-pk-00000020";"a-pk-00000017";"a0051-t2";"a0051"
"2026-01-19 05:15:10.012";"a-pk-00000021";"a-pk-00000017";"a0051-t2";"a0051"
"2026-01-12 08:32:53.601";"a-pk-00000025";"a-pk-00000022";"a0051-t3";"a0051"
"2026-01-12 09:40:39.571";"a-pk-00000026";"a-pk-00000022";"a0051-t3";"a0051"
"2026-04-06 01:44:41.459";"a-pk-00000029";"a-pk-00000027";"a0051-t4";"a0051"
"2026-01-09 06:55:44.995";"b-pk-00000017";"b-pk-00000015";"b0052-t0";"b0052"
"2026-01-09 05:57:23.283";"b-pk-00000018";"b-pk-00000015";"b0052-t0";"b0052"
"2026-02-08 14:16:40.332";"b-pk-00000023";"b-pk-00000019";"b0052-t1";"b0052"
"2026-02-08 17:00:04.478";"b-pk-00000024";"b-pk-00000019";"b0052-t1";"b0052"
"2026-02-26 15:35:00.264";"b-pk-00000029";"b-pk-00000025";"b0052-t2";"b0052"
"2026-02-26 13:00:36.742";"b-pk-00000030";"b-pk-00000025";"b0052-t2";"b0052"
"2026-01-24 19:59:24.198";"c-pk-00000012";"c-pk-00000008";"c0053-t0";"c0053"
"2026-01-24 19:41:55.138";"c-pk-00000013";"c-pk-00000008";"c0053-t0";"c0053"
"2026-02-13 08:53:06.591";"c-pk-00000017";"c-pk-00000014";"c0053-t1";"c0053"
"2026-02-13 05:47:10.554";"c-pk-00000018";"c-pk-00000014";"c0053-t1";"c0053"
"2026-03-17 03:34:36.092";"c-pk-00000021";"c-pk-00000019";"c0053-t2";"c0053"
"2026-01-01 10:28:13.370";"c-pk-00000024";"c-pk-00000022";"c0053-t3";"c0053"
"2026-01-01 11:09:01.385";"c-pk-00000025";"c-pk-00000022";"c0053-t3";"c0053"
"2026-04-18 04:25:31.060";"a-pk-00000018";"a-pk-00000014";"a0054-t0";"a0054"
"2026-04-18 01:28:57.440";"a-pk-00000019";"a-pk-00000014";"a0054-t0";"a0054"
"2026-04-15 12:45:03.732";"a-pk-00000022";"a-pk-00000020";"a0054-t1";"a0054"
"2026-04-15 16:38:27.578";"a-pk-00000023";"a-pk-00000020";"a0054-t1";"a0054"
"2026-02-20 01:40:50.905";"a-pk-00000026";"a-pk-00000024";"a0054-t2";"a0054"
"2026-02-11 11:16:54.719";"a-pk-00000031";"a-pk-00000027";"a0054-t3";"a0054"
"2026-02-11 10:20:56.493";"a-pk-00000032";"a-pk-00000027";"a0054-t3";"a0054"
"2026-03-09 01:24:48.143";"a-pk-00000036";"a-pk-00000033";"a0054-t4";"a0054"
"2026-03-09 00:32:37.619";"a-pk-00000037";"a-pk-00000033";"a0054-t4";"a0054"
"2026-04-16 22:09:20.172";"b-pk-00000016";"b-pk-00000014";"b0055-t0";"b0055"
"2026-03-18 08:39:32.468";"b-pk-00000021";"b-pk-00000017";"b0055-t1";"b0055"
"2026-03-18 07:42:44.745";"b-pk-00000022";"b-pk-00000017";"b0055-t1";"b0055"
"2026-04-03 19:07:49.041";"b-pk-00000025";"b-pk-00000023";"b0055-t2";"b0055"
"2026-04-03 20:47:57.665";"b-pk-00000026";"b-pk-00000023";"b0055-t2";"b0055"
"2026-02-27 03:47:31.949";"c-pk-00000015";"c-pk-00000012";"c0056-t0";"c0056"
"2026-02-27 03:16:42.255";"c-pk-00000016";"c-pk-00000012";"c0056-t0";"c0056"
"2026-04-21 17:30:39.991";"c-pk-00000020";"c-pk-00000017";"c0056-t1";"c0056"
"2026-04-21 17:55:02.908";"c-pk-00000021";"c-pk-00000017";"c0056-t1";"c0056"
"2026-02-06 01:15:45.727";"c-pk-00000024";"c-pk-00000022";"c0056-t2";"c0056"
"2026-02-06 01:10:44.625";"c-pk-00000025";"c-pk-00000022";"c0056-t2";"c0056"
"2026-04-22 12:31:47.780";"a-pk-00000014";"a-pk-00000012";"a0057-t0";"a0057"
"2026-04-22 11:58:37.442";"a-pk-00000015";"a-pk-00000012";"a0057-t0";"a0057"
"2026-04-02 19:13:59.746";"a-pk-00000020";"a-pk-00000016";"a0057-t1";"a0057"
"2026-04-02 17:50:14.278";"a-pk-00000021";"a-pk-00000016";"a0057-t1";"a0057"
"2026-04-26 17:32:39.042";"a-pk-00000024";"a-pk-00000022";"a0057-t2";"a0057"
"2026-04-13 08:20:42.965";"a-pk-00000027";"a-pk-00000025";"a0057-t3";"a0057"
"2026-04-13 09:26:41.379";"a-pk-00000028";"a-pk-00000025";"a0057-t3";"a0057"
"2026-04-15 17:36:58.304";"b-pk-00000018";"b-pk-00000016";"b0058-t0";"b0058"
"2026-04-15 17:20:16.135";"b-pk-00000019";"b-pk-00000016";"b0058-t0";"b0058"
"2026-04-09 00:48:36.288";"b-pk-00000023";"b-pk-00000020";"b0058-t1";"b0058"
"2026-04-09 03:17:25.819";"b-pk-00000024";"b-pk-00000020";"b0058-t1";"b0058"
"2026-02-05 14:26:53.197";"b-pk-00000027";"b-pk-00000025";"b0058-t2";"b0058"
"2026-03-16 10:55:11.478";"b-pk-00000030";"b-pk-00000028";"b0058-t3";"b0058"
"2026-03-16 12:24:28.613";"b-pk-00000031";"b-pk-00000028";"b0058-t3";"b0058"
"2026-03-13 03:57:11.700";"b-pk-00000034";"b-pk-00000032";"b0058-t4";"b0058"
"2026-03-13 02:59:09.973";"b-pk-00000035";"b-pk-00000032";"b0058-t4";"b0058"
"2026-03-11 19:18:19.840";"b-pk-00000039";"b-pk-00000036";"b0058-t5";"b0058"
"2026-04-28 05:04:31.653";"b-pk-00000042";"b-pk-00000040";"b0058-t6";"b0058"
"2026-04-28 02:03:56.621";"b-pk-00000043";"b-pk-00000040";"b0058-t6";"b0058"
"2026-04-20 18:45:13.068";"b-pk-00000048";"b-pk-00000044";"b0058-t7";"b0058"
"2026-04-24 09:30:11.639";"b-pk-00000053";"b-pk-00000049";"b0058-t8";"b0058"
"2026-04-24 11:08:20.027";"b-pk-00000054";"b-pk-00000049";"b0058-t8";"b0058"
"2026-02-06 10:25:49.184";"b-pk-00000059";"b-pk-00000055";"b0058-t9";"b0058"
"2026-02-06 08:01:42.646";"b-pk-00000060";"b-pk-00000055";"b0058-t9";"b0058"
"2026-01-21 12:15:45.043";"b-pk-00000065";"b-pk-00000061";"b0058-t10";"b0058"
"2026-01-21 13:42:59.786";"b-pk-00000066";"b-pk-00000061";"b0058-t10";"b0058"
"2026-01-25 08:54:02.438";"c-pk-00000022";"c-pk-00000020";"c0059-t0";"c0059"
"2026-01-25 09:40:34.177";"c-pk-00000023";"c-pk-00000020";"c0059-t0";"c0059"
"2026-03-19 19:39:42.157";"c-pk-00000028";"c-pk-00000024";"c0059-t1";"c0059"
"2026-03-19 17:42:39.898";"c-pk-00000029";"c-pk-00000024";"c0059-t1";"c0059"
"2026-04-16 19:20:55.212";"c-pk-00000034";"c-pk-00000030";"c0059-t2";"c0059"
"2026-04-16 18:40:27.125";"c-pk-00000035";"c-pk-00000030";"c0059-t2";"c0059"
"2026-03-13 07:05:59.358";"c-pk-00000039";"c-pk-00000036";"c0059-t3";"c0059"
"2026-03-13 10:00:38.584";"c-pk-00000040";"c-pk-00000036";"c0059-t3";"c0059"
"2026-01-04 13:29:18.575";"c-pk-00000044";"c-pk-00000041";"c0059-t4";"c0059"
"2026-04-28 14:20:27.806";"c-pk-00000047";"c-pk-00000045";"c0059-t5";"c0059"
"2026-04-05 00:58:59.522";"c-pk-00000050";"c-pk-00000048";"c0059-t6";"c0059"
"2026-04-05 00:31:36.389";"c-pk-00000051";"c-pk-00000048";"c0059-t6";"c0059"
"2026-03-28 14:01:02.068";"c-pk-00000054";"c-pk-00000052";"c0059-t7";"c0059"
"2026-03-28 14:58:13.259";"c-pk-00000055";"c-pk-00000052";"c0059-t7";"c0059"
"2026-03-06 21:48:22.070";"a-pk-00000011";"a-pk-00000009";"a0060-t0";"a0060"
"2026-03-06 20:15:24.920";"a-pk-00000012";"a-pk-00000009";"a0060-t0";"a0060"
"2026-01-05 13:40:31.387";"a-pk-00000016";"a-pk-00000013";"a0060-t1";"a0060"
"2026-01-05 11:18:50.284";"a-pk-00000017";"a-pk-00000013";"a0060-t1";"a0060"
"2026-02-12 15:19:25.614";"a-pk-00000020";"a-pk-00000018";"a0060-t2";"a0060"
"2026-02-12 14:40:08.134";"a-pk-00000021";"a-pk-00000018";"a0060-t2";"a0060"
"2026-01-10 05:19:06.049";"a-pk-00000024";"a-pk-00000022";"a0060-t3";"a0060"
"2026-03-15 21:15:46.050";"b-pk-00000017";"b-pk-00000015";"b0061-t0";"b0061"
"2026-03-17 09:10:28.356";"b-pk-00000022";"b-pk-00000018";"b0061-t1";"b0061"
"2026-03-17 09:52:48.915";"b-pk-00000023";"b-pk-00000018";"b0061-t1";"b0061"
"2026-03-03 21:41:18.918";"b-pk-00000026";"b-pk-00000024";"b0061-t2";"b0061"
"2026-03-03 23:50:26.710";"b-pk-00000027";"b-pk-00000024";"b0061-t2";"b0061"
"2026-03-23 07:32:18.831";"c-pk-00000029";"c-pk-00000027";"c0062-t0";"c0062"
"2026-03-23 09:10:20.490";"c-pk-00000030";"c-pk-00000027";"c0062-t0";"c0062"
"2026-01-17 17:52:23.656";"c-pk-00000033";"c-pk-00000031";"c0062-t1";"c0062"
"2026-01-15 11:06:17.013";"c-pk-00000038";"c-pk-00000034";"c0062-t2";"c0062"
"2026-01-21 19:48:04.926";"c-pk-00000041";"c-pk-00000039";"c0062-t3";"c0062"
"2026-01-21 18:05:34.727";"c-pk-00000042";"c-pk-00000039";"c0062-t3";"c0062"
"2026-04-07 21:33:05.799";"a-pk-00000014";"a-pk-00000011";"a0063-t0";"a0063"
"2026-04-08 00:35:17.210";"a-pk-00000015";"a-pk-00000011";"a0063-t0";"a0063"
"2026-03-14 22:46:03.673";"a-pk-00000018";"a-pk-00000016";"a0063-t1";"a0063"
"2026-02-12 08:17:46.734";"a-pk-00000021";"a-pk-00000019";"a0063-t2";"a0063"
"2026-01-25 03:00:19.398";"a-pk-00000024";"a-pk-00000022";"a0063-t3";"a0063"
"2026-01-25 05:02:05.614";"a-pk-00000025";"a-pk-00000022";"a0063-t3";"a0063"
"2026-03-27 11:59:16.227";"b-pk-00000011";"b-pk-00000009";"b0064-t0";"b0064"
"2026-02-14 04:32:23.871";"b-pk-00000014";"b-pk-00000012";"b0064-t1";"b0064"
"2026-03-24 09:45:29.568";"b-pk-00000017";"b-pk-00000015";"b0064-t2";"b0064"
"2026-04-20 06:00:23.264";"c-pk-00000011";"c-pk-00000009";"c0065-t0";"c0065"
"2026-04-20 06:33:28.821";"c-pk-00000012";"c-pk-00000009";"c0065-t0";"c0065"
"2026-02-01 04:17:10.335";"c-pk-00000017";"c-pk-00000013";"c0065-t1";"c0065"
"2026-02-01 01:54:33.999";"c-pk-00000018";"c-pk-00000013";"c0065-t1";"c0065"
"2026-04-26 10:58:20.092";"a-pk-00000019";"a-pk-00000015";"a0066-t0";"a0066"
"2026-04-26 09:30:56.750";"a-pk-00000020";"a-pk-00000015";"a0066-t0";"a0066"
"2026-03-06 10:06:48.353";"a-pk-00000025";"a-pk-00000021";"a0066-t1";"a0066"
"2026-02-07 19:52:50.758";"a-pk-00000030";"a-pk-00000026";"a0066-t2";"a0066"
"2026-04-12 23:32:27.155";"a-pk-00000034";"a-pk-00000031";"a0066-t3";"a0066"
"2026-04-12 22:31:24.648";"a-pk-00000035";"a-pk-00000031";"a0066-t3";"a0066"
"2026-01-17 08:12:35.918";"b-pk-00000010";"b-pk-00000008";"b0067-t0";"b0067"
"2026-03-22 22:41:27.366";"b-pk-00000013";"b-pk-00000011";"b0067-t1";"b0067"
"2026-03-23 01:42:19.446";"b-pk-00000014";"b-pk-00000011";"b0067-t1";"b0067"
"2026-03-04 20:54:43.599";"b-pk-00000019";"b-pk-00000015";"b0067-t2";"b0067"
"2026-03-19 01:35:16.052";"c-pk-00000024";"c-pk-00000020";"c0068-t0";"c0068"
"2026-03-19 05:27:03.689";"c-pk-00000025";"c-pk-00000020";"c0068-t0";"c0068"
"2026-02-26 14:31:22.170";"c-pk-00000028";"c-pk-00000026";"c0068-t1";"c0068"
"2026-02-26 13:13:35.162";"c-pk-00000029";"c-pk-00000026";"c0068-t1";"c0068"
"2026-04-03 03:58:47.391";"c-pk-00000033";"c-pk-00000030";"c0068-t2";"c0068"
"2026-04-03 06:29:39.169";"c-pk-00000034";"c-pk-00000030";"c0068-t2";"c0068"
"2026-01-03 11:53:11.382";"c-pk-00000037";"c-pk-00000035";"c0068-t3";"c0068"
"2026-01-16 15:24:32.330";"c-pk-00000040";"c-pk-00000038";"c0068-t4";"c0068"
"2026-02-21 01:00:12.025";"c-pk-00000044";"c-pk-00000041";"c0068-t5";"c0068"
"2026-02-20 23:23:09.522";"c-pk-00000045";"c-pk-00000041";"c0068-t5";"c0068"
"2026-04-12 09:11:58.556";"c-pk-00000048";"c-pk-00000046";"c0068-t6";"c0068"
"2026-02-07 03:41:55.828";"c-pk-00000051";"c-pk-00000049";"c0068-t7";"c0068"
"2026-02-07 03:37:09.649";"c-pk-00000052";"c-pk-00000049";"c0068-t7";"c0068"
"2026-02-19 05:55:39.529";"a-pk-00000016";"a-pk-00000014";"a0069-t0";"a0069"
"2026-02-19 07:19:08.243";"a-pk-00000017";"a-pk-00000014";"a0069-t0";"a0069"
"2026-01-06 09:59:02.715";"a-pk-00000021";"a-pk-00000018";"a0069-t1";"a0069"
"2026-01-06 11:13:06.233";"a-pk-00000022";"a-pk-00000018";"a0069-t1";"a0069"
"2026-04-14 06:01:15.933";"a-pk-00000025";"a-pk-00000023";"a0069-t2";"a0069"
"2026-01-09 17:00:16.609";"a-pk-00000028";"a-pk-00000026";"a0069-t3";"a0069"
"2026-01-09 16:02:11.172";"a-pk-00000029";"a-pk-00000026";"a0069-t3";"a0069"
"2026-02-14 06:14:16.226";"a-pk-00000034";"a-pk-00000030";"a0069-t4";"a0069"
"2026-02-14 06:51:20.956";"a-pk-00000035";"a-pk-00000030";"a0069-t4";"a0069"
"2026-04-08 10:02:34.072";"a-pk-00000039";"a-pk-00000036";"a0069-t5";"a0069"
"2026-04-08 08:42:52.635";"a-pk-00000040";"a-pk-00000036";"a0069-t5";"a0069"
"2026-04-22 13:55:41.992";"b-pk-00000015";"b-pk-00000013";"b0070-t0";"b0070"
"2026-01-08 11:28:20.826";"b-pk-00000018";"b-pk-00000016";"b0070-t1";"b0070"
"2026-01-08 11:57:41.464";"b-pk-00000019";"b-pk-00000016";"b0070-t1";"b0070"
"2026-01-10 21:57:46.171";"b-pk-00000023";"b-pk-00000020";"b0070-t2";"b0070"
"2026-01-10 23:43:20.828";"b-pk-00000024";"b-pk-00000020";"b0070-t2";"b0070"
"2026-03-01 20:35:52.782";"c-pk-00000012";"c-pk-00000010";"c0071-t0";"c0071"
"2026-03-01 20:49:44.874";"c-pk-00000013";"c-pk-00000010";"c0071-t0";"c0071"
"2026-03-22 14:36:28.294";"c-pk-00000016";"c-pk-00000014";"c0071-t1";"c0071"
"2026-03-22 13:26:06.393";"c-pk-00000017";"c-pk-00000014";"c0071-t1";"c0071"
"2026-01-22 00:28:41.650";"c-pk-00000020";"c-pk-00000018";"c0071-t2";"c0071"
"2026-04-26 15:10:33.263";"c-pk-00000023";"c-pk-00000021";"c0071-t3";"c0071"
"2026-04-10 08:37:29.332";"a-pk-00000010";"a-pk-00000008";"a0072-t0";"a0072"
"2026-04-10 06:47:19.561";"a-pk-00000011";"a-pk-00000008";"a0072-t0";"a0072"
"2026-02-15 21:15:05.041";"a-pk-00000014";"a-pk-00000012";"a0072-t1";"a0072"
"2026-02-15 21:25:45.455";"a-pk-00000015";"a-pk-00000012";"a0072-t1";"a0072"
"2026-03-27 09:47:50.291";"b-pk-00000013";"b-pk-00000010";"b0073-t0";"b0073"
"2026-03-27 09:00:11.159";"b-pk-00000014";"b-pk-00000010";"b0073-t0";"b0073"
"2026-03-21 00:28:29.818";"b-pk-00000017";"b-pk-00000015";"b0073-t1";"b0073"
"2026-03-21 00:05:03.401";"b-pk-00000018";"b-pk-00000015";"b0073-t1";"b0073"
"2026-01-25 05:09:34.262";"b-pk-00000021";"b-pk-00000019";"b0073-t2";"b0073"
"2026-01-25 06:41:58.331";"b-pk-00000022";"b-pk-00000019";"b0073-t2";"b0073"
"2026-03-19 12:54:00.855";"b-pk-00000025";"b-pk-00000023";"b0073-t3";"b0073"
"2026-03-19 10:40:35.911";"b-pk-00000026";"b-pk-00000023";"b0073-t3";"b0073"
"2026-03-20 22:01:56.035";"c-pk-00000018";"c-pk-00000014";"c0074-t0";"c0074"
"2026-03-20 21:42:20.216";"c-pk-00000019";"c-pk-00000014";"c0074-t0";"c0074"
"2026-03-17 15:04:45.918";"c-pk-00000022";"c-pk-00000020";"c0074-t1";"c0074"
"2026-03-17 14:21:57.567";"c-pk-00000023";"c-pk-00000020";"c0074-t1";"c0074"
"2026-03-20 10:06:05.905";"c-pk-00000026";"c-pk-00000024";"c0074-t2";"c0074"
"2026-03-20 11:50:40.943";"c-pk-00000027";"c-pk-00000024";"c0074-t2";"c0074"
"2026-01-23 22:24:22.989";"c-pk-00000031";"c-pk-00000028";"c0074-t3";"c0074"
"2026-01-23 19:27:19.284";"c-pk-00000032";"c-pk-00000028";"c0074-t3";"c0074"
"2026-01-04 20:26:32.035";"c-pk-00000036";"c-pk-00000033";"c0074-t4";"c0074"
"2026-02-23 08:21:11.552";"c-pk-00000039";"c-pk-00000037";"c0074-t5";"c0074"
"2026-02-23 07:44:31.048";"c-pk-00000040";"c-pk-00000037";"c0074-t5";"c0074"
"2026-01-11 13:40:05.783";"a-pk-00000015";"a-pk-00000012";"a0075-t0";"a0075"
"2026-01-11 13:38:37.268";"a-pk-00000016";"a-pk-00000012";"a0075-t0";"a0075"
"2026-04-07 02:24:30.180";"a-pk-00000021";"a-pk-00000017";"a0075-t1";"a0075"
"2026-04-07 04:22:15.437";"a-pk-00000022";"a-pk-00000017";"a0075-t1";"a0075"
"2026-04-03 09:03:51.110";"a-pk-00000025";"a-pk-00000023";"a0075-t2";"a0075"
"2026-01-17 04:15:02.832";"a-pk-00000028";"a-pk-00000026";"a0075-t3";"a0075"
"2026-01-17 07:46:43.114";"a-pk-00000029";"a-pk-00000026";"a0075-t3";"a0075"
"2026-03-10 22:43:18.047";"b-pk-00000019";"b-pk-00000016";"b0076-t0";"b0076"
"2026-03-10 20:01:29.455";"b-pk-00000020";"b-pk-00000016";"b0076-t0";"b0076"
"2026-01-15 19:23:59.483";"b-pk-00000023";"b-pk-00000021";"b0076-t1";"b0076"
"2026-01-15 20:09:30.880";"b-pk-00000024";"b-pk-00000021";"b0076-t1";"b0076"
"2026-04-22 15:56:54.955";"b-pk-00000027";"b-pk-00000025";"b0076-t2";"b0076"
"2026-04-09 09:53:00.176";"b-pk-00000030";"b-pk-00000028";"b0076-t3";"b0076"
"2026-04-12 16:14:55.612";"c-pk-00000016";"c-pk-00000014";"c0077-t0";"c0077"
"2026-04-12 14:07:09.683";"c-pk-00000017";"c-pk-00000014";"c0077-t0";"c0077"
"2026-04-01 07:01:10.805";"c-pk-00000020";"c-pk-00000018";"c0077-t1";"c0077"
"2026-04-01 07:06:46.686";"c-pk-00000021";"c-pk-00000018";"c0077-t1";"c0077"
"2026-01-20 07:42:21.834";"c-pk-00000025";"c-pk-00000022";"c0077-t2";"c0077"
"2026-01-20 07:39:28.044";"c-pk-00000026";"c-pk-00000022";"c0077-t2";"c0077"
"2026-04-17 12:49:41.065";"c-pk-00000029";"c-pk-00000027";"c0077-t3";"c0077"
"2026-01-17 20:09:49.835";"c-pk-00000032";"c-pk-00000030";"c0077-t4";"c0077"
"2026-02-26 15:33:16.831";"a-pk-00000015";"a-pk-00000013";"a0078-t0";"a0078"
"2026-03-27 18:56:14.642";"a-pk-00000018";"a-pk-00000016";"a0078-t1";"a0078"
"2026-04-06 04:15:47.360";"b-pk-00000014";"b-pk-00000011";"b0079-t0";"b0079"
"2026-04-06 03:18:57.319";"b-pk-00000015";"b-pk-00000011";"b0079-t0";"b0079"
"2026-03-07 06:16:37.900";"b-pk-00000020";"b-pk-00000016";"b0079-t1";"b0079"
"2026-03-07 07:57:38.296";"b-pk-00000021";"b-pk-00000016";"b0079-t1";"b0079"
"2026-02-06 17:38:24.991";"c-pk-00000015";"c-pk-00000013";"c0080-t0";"c0080"
"2026-02-06 17:32:55.849";"c-pk-00000016";"c-pk-00000013";"c0080-t0";"c0080"
"2026-03-27 09:02:11.203";"c-pk-00000021";"c-pk-00000017";"c0080-t1";"c0080"
"2026-03-13 20:25:25.890";"c-pk-00000024";"c-pk-00000022";"c0080-t2";"c0080"
"2026-03-13 20:29:39.646";"c-pk-00000025";"c-pk-00000022";"c0080-t2";"c0080"
"2026-04-07 10:39:11.022";"c-pk-00000029";"c-pk-00000026";"c0080-t3";"c0080"
"2026-04-03 11:09:19.716";"c-pk-00000033";"c-pk-00000030";"c0080-t4";"c0080"
"2026-04-03 11:25:26.931";"c-pk-00000034";"c-pk-00000030";"c0080-t4";"c0080"
"2026-02-28 13:19:09.794";"a-pk-00000014";"a-pk-00000010";"a0081-t0";"a0081"
"2026-03-10 16:37:22.917";"a-pk-00000017";"a-pk-00000015";"a0081-t1";"a0081"
"2026-03-10 15:58:52.736";"a-pk-00000018";"a-pk-00000015";"a0081-t1";"a0081"
"2026-01-14 15:48:33.909";"a-pk-00000022";"a-pk-00000019";"a0081-t2";"a0081"
"2026-01-14 16:41:35.945";"a-pk-00000023";"a-pk-00000019";"a0081-t2";"a0081"
"2026-04-22 00:15:12.686";"b-pk-00000014";"b-pk-00000011";"b0082-t0";"b0082"
"2026-04-22 00:47:51.823";"b-pk-00000015";"b-pk-00000011";"b0082-t0";"b0082"
"2026-03-14 15:05:38.630";"b-pk-00000018";"b-pk-00000016";"b0082-t1";"b0082"
"2026-03-14 12:00:53.843";"b-pk-00000019";"b-pk-00000016";"b0082-t1";"b0082"
"2026-04-02 04:48:14.183";"b-pk-00000024";"b-pk-00000020";"b0082-t2";"b0082"
"2026-04-14 13:25:21.983";"b-pk-00000027";"b-pk-00000025";"b0082-t3";"b0082"
"2026-03-24 23:21:32.891";"b-pk-00000030";"b-pk-00000028";"b0082-t4";"b0082"
"2026-03-25 01:42:53.338";"b-pk-00000031";"b-pk-00000028";"b0082-t4";"b0082"
"2026-01-16 23:45:24.612";"c-pk-00000017";"c-pk-00000013";"c0083-t0";"c0083"
"2026-03-25 20:16:36.211";"c-pk-00000021";"c-pk-00000018";"c0083-t1";"c0083"
"2026-03-25 19:01:31.514";"c-pk-00000022";"c-pk-00000018";"c0083-t1";"c0083"
"2026-01-04 01:36:48.233";"c-pk-00000025";"c-pk-00000023";"c0083-t2";"c0083"
"2026-01-04 01:41:30.593";"c-pk-00000026";"c-pk-00000023";"c0083-t2";"c0083"
"2026-03-09 03:58:23.314";"c-pk-00000029";"c-pk-00000027";"c0083-t3";"c0083"
"2026-03-09 06:28:22.909";"c-pk-00000030";"c-pk-00000027";"c0083-t3";"c0083"
"2026-01-04 05:23:29.173";"c-pk-00000033";"c-pk-00000031";"c0083-t4";"c0083"
"2026-01-04 02:58:27.255";"c-pk-00000034";"c-pk-00000031";"c0083-t4";"c0083"
"2026-04-23 14:27:48.906";"a-pk-00000014";"a-pk-00000012";"a0084-t0";"a0084"
"2026-04-23 13:15:57.762";"a-pk-00000015";"a-pk-00000012";"a0084-t0";"a0084"
"2026-02-19 06:05:43.072";"a-pk-00000020";"a-pk-00000016";"a0084-t1";"a0084"
"2026-02-19 06:33:28.956";"a-pk-00000021";"a-pk-00000016";"a0084-t1";"a0084"
"2026-01-26 11:06:15.420";"a-pk-00000024";"a-pk-00000022";"a0084-t2";"a0084"
"2026-02-22 21:17:43.264";"b-pk-00000017";"b-pk-00000015";"b0085-t0";"b0085"
"2026-02-22 23:26:34.424";"b-pk-00000018";"b-pk-00000015";"b0085-t0";"b0085"
"2026-04-03 04:34:30.376";"b-pk-00000023";"b-pk-00000019";"b0085-t1";"b0085"
"2026-01-27 17:40:20.276";"b-pk-00000028";"b-pk-00000024";"b0085-t2";"b0085"
"2026-01-27 18:12:10.423";"b-pk-00000029";"b-pk-00000024";"b0085-t2";"b0085"
"2026-03-02 06:17:59.214";"c-pk-00000024";"c-pk-00000022";"c0086-t0";"c0086"
"2026-01-27 11:05:07.525";"c-pk-00000027";"c-pk-00000025";"c0086-t1";"c0086"
"2026-04-16 22:58:28.206";"c-pk-00000031";"c-pk-00000028";"c0086-t2";"c0086"
"2026-04-17 00:03:09.925";"c-pk-00000032";"c-pk-00000028";"c0086-t2";"c0086"
"2026-03-04 14:37:23.921";"c-pk-00000037";"c-pk-00000033";"c0086-t3";"c0086"
"2026-03-04 16:50:53.603";"c-pk-00000038";"c-pk-00000033";"c0086-t3";"c0086"
"2026-02-25 03:31:50.007";"c-pk-00000041";"c-pk-00000039";"c0086-t4";"c0086"
"2026-02-25 04:23:23.803";"c-pk-00000042";"c-pk-00000039";"c0086-t4";"c0086"
"2026-01-28 11:06:02.278";"c-pk-00000045";"c-pk-00000043";"c0086-t5";"c0086"
"2026-04-04 09:19:01.751";"c-pk-00000049";"c-pk-00000046";"c0086-t6";"c0086"
"2026-04-04 11:25:47.512";"c-pk-00000050";"c-pk-00000046";"c0086-t6";"c0086"
"2026-04-06 13:43:31.973";"c-pk-00000053";"c-pk-00000051";"c0086-t7";"c0086"
"2026-04-06 15:13:26.712";"c-pk-00000054";"c-pk-00000051";"c0086-t7";"c0086"
"2026-04-13 03:28:37.145";"c-pk-00000058";"c-pk-00000055";"c0086-t8";"c0086"
"2026-04-13 01:01:20.441";"c-pk-00000059";"c-pk-00000055";"c0086-t8";"c0086"
"2026-01-23 01:34:35.580";"c-pk-00000062";"c-pk-00000060";"c0086-t9";"c0086"
"2026-01-23 02:07:20.244";"c-pk-00000063";"c-pk-00000060";"c0086-t9";"c0086"
"2026-02-27 03:25:01.559";"c-pk-00000066";"c-pk-00000064";"c0086-t10";"c0086"
"2026-02-27 01:49:46.513";"c-pk-00000067";"c-pk-00000064";"c0086-t10";"c0086"
"2026-02-10 16:29:44.048";"a-pk-00000012";"a-pk-00000008";"a0087-t0";"a0087"
"2026-04-18 12:02:59.669";"a-pk-00000015";"a-pk-00000013";"a0087-t1";"a0087"
"2026-04-18 10:50:45.296";"a-pk-00000016";"a-pk-00000013";"a0087-t1";"a0087"
"2026-03-26 15:12:58.836";"a-pk-00000019";"a-pk-00000017";"a0087-t2";"a0087"
"2026-03-26 16:05:36.935";"a-pk-00000020";"a-pk-00000017";"a0087-t2";"a0087"
"2026-01-03 22:08:21.250";"b-pk-00000012";"b-pk-00000010";"b0088-t0";"b0088"
"2026-01-03 22:28:45.609";"b-pk-00000013";"b-pk-00000010";"b0088-t0";"b0088"
"2026-04-16 06:19:47.316";"b-pk-00000016";"b-pk-00000014";"b0088-t1";"b0088"
"2026-02-09 10:50:41.206";"b-pk-00000019";"b-pk-00000017";"b0088-t2";"b0088"
"2026-02-09 08:04:35.730";"b-pk-00000020";"b-pk-00000017";"b0088-t2";"b0088"
"2026-01-06 09:06:58.953";"b-pk-00000025";"b-pk-00000021";"b0088-t3";"b0088"
"2026-01-06 07:37:20.656";"b-pk-00000026";"b-pk-00000021";"b0088-t3";"b0088"
"2026-01-10 23:49:09.232";"b-pk-00000029";"b-pk-00000027";"b0088-t4";"b0088"
"2026-01-10 21:08:04.460";"b-pk-00000030";"b-pk-00000027";"b0088-t4";"b0088"
"2026-02-07 15:09:42.786";"c-pk-00000014";"c-pk-00000012";"c0089-t0";"c0089"
"2026-03-13 07:39:53.515";"c-pk-00000018";"c-pk-00000015";"c0089-t1";"c0089"
"2026-01-05 11:51:13.814";"c-pk-00000021";"c-pk-00000019";"c0089-t2";"c0089"
"2026-01-17 19:02:39.523";"c-pk-00000024";"c-pk-00000022";"c0089-t3";"c0089"
"2026-01-17 16:38:24.136";"c-pk-00000025";"c-pk-00000022";"c0089-t3";"c0089"
"2026-01-06 02:19:40.722";"c-pk-00000028";"c-pk-00000026";"c0089-t4";"c0089"
"2026-01-06 05:12:59.939";"c-pk-00000029";"c-pk-00000026";"c0089-t4";"c0089"
"2026-01-22 09:34:33.113";"a-pk-00000017";"a-pk-00000015";"a0090-t0";"a0090"
"2026-01-22 08:21:22.825";"a-pk-00000018";"a-pk-00000015";"a0090-t0";"a0090"
"2026-03-07 11:55:56.385";"a-pk-00000021";"a-pk-00000019";"a0090-t1";"a0090"
"2026-03-07 12:54:48.442";"a-pk-00000022";"a-pk-00000019";"a0090-t1";"a0090"
"2026-02-26 15:17:13.572";"a-pk-00000026";"a-pk-00000023";"a0090-t2";"a0090"
"2026-02-26 15:36:21.086";"a-pk-00000027";"a-pk-00000023";"a0090-t2";"a0090"
"2026-03-27 21:29:20.276";"a-pk-00000032";"a-pk-00000028";"a0090-t3";"a0090"
"2026-03-27 22:22:59.433";"a-pk-00000033";"a-pk-00000028";"a0090-t3";"a0090"
"2026-01-22 10:01:29.433";"a-pk-00000036";"a-pk-00000034";"a0090-t4";"a0090"
"2026-01-22 11:00:22.400";"a-pk-00000037";"a-pk-00000034";"a0090-t4";"a0090"
"2026-01-06 01:13:43.447";"b-pk-00000016";"b-pk-00000012";"b0091-t0";"b0091"
"2026-01-06 00:23:29.348";"b-pk-00000017";"b-pk-00000012";"b0091-t0";"b0091"
"2026-01-26 01:42:00.722";"b-pk-00000020";"b-pk-00000018";"b0091-t1";"b0091"
"2026-04-18 04:03:28.471";"b-pk-00000023";"b-pk-00000021";"b0091-t2";"b0091"
"2026-04-18 04:43:34.593";"b-pk-00000024";"b-pk-00000021";"b0091-t2";"b0091"
"2026-01-12 15:38:56.577";"b-pk-00000028";"b-pk-00000025";"b0091-t3";"b0091"
"2026-03-17 02:19:52.587";"b-pk-00000031";"b-pk-00000029";"b0091-t4";"b0091"
"2026-03-17 04:02:02.567";"b-pk-00000032";"b-pk-00000029";"b0091-t4";"b0091"
"2026-04-02 21:32:46.756";"c-pk-00000016";"c-pk-00000013";"c0092-t0";"c0092"
"2026-02-15 02:32:19.926";"c-pk-00000021";"c-pk-00000017";"c0092-t1";"c0092"
"2026-02-17 04:33:24.567";"c-pk-00000025";"c-pk-00000022";"c0092-t2";"c0092"
"2026-03-13 01:45:40.916";"c-pk-00000029";"c-pk-00000026";"c0092-t3";"c0092"
"2026-03-13 03:34:52.077";"c-pk-00000030";"c-pk-00000026";"c0092-t3";"c0092"
"2026-03-03 01:02:45.421";"a-pk-00000010";"a-pk-00000008";"a0093-t0";"a0093"
"2026-02-27 05:28:08.529";"a-pk-00000015";"a-pk-00000011";"a0093-t1";"a0093"
"2026-02-17 20:48:38.854";"a-pk-00000018";"a-pk-00000016";"a0093-t2";"a0093"
"2026-02-17 22:55:57.068";"a-pk-00000019";"a-pk-00000016";"a0093-t2";"a0093"
"2026-02-11 08:49:53.336";"a-pk-00000022";"a-pk-00000020";"a0093-t3";"a0093"
"2026-02-11 08:42:10.501";"a-pk-00000023";"a-pk-00000020";"a0093-t3";"a0093"
"2026-02-22 22:58:00.944";"a-pk-00000026";"a-pk-00000024";"a0093-t4";"a0093"
"2026-02-22 20:43:27.886";"a-pk-00000027";"a-pk-00000024";"a0093-t4";"a0093"
"2026-04-03 10:56:36.775";"b-pk-00000018";"b-pk-00000015";"b0094-t0";"b0094"
"2026-04-03 11:16:59.669";"b-pk-00000019";"b-pk-00000015";"b0094-t0";"b0094"
"2026-04-10 13:42:30.444";"b-pk-00000022";"b-pk-00000020";"b0094-t1";"b0094"
"2026-04-10 14:10:04.955";"b-pk-00000023";"b-pk-00000020";"b0094-t1";"b0094"
"2026-03-18 16:06:04.342";"b-pk-00000026";"b-pk-00000024";"b0094-t2";"b0094"
"2026-03-18 14:54:50.020";"b-pk-00000027";"b-pk-00000024";"b0094-t2";"b0094"
"2026-02-20 04:13:03.252";"c-pk-00000015";"c-pk-00000013";"c0095-t0";"c0095"
"2026-04-28 18:38:28.168";"c-pk-00000018";"c-pk-00000016";"c0095-t1";"c0095"
"2026-04-28 17:40:07.823";"c-pk-00000019";"c-pk-00000016";"c0095-t1";"c0095"
"2026-03-06 05:11:17.798";"c-pk-00000024";"c-pk-00000020";"c0095-t2";"c0095"
"2026-03-06 04:51:19.804";"c-pk-00000025";"c-pk-00000020";"c0095-t2";"c0095"
"2026-02-22 14:42:54.758";"a-pk-00000015";"a-pk-00000013";"a0096-t0";"a0096"
"2026-02-22 16:11:44.867";"a-pk-00000016";"a-pk-00000013";"a0096-t0";"a0096"
"2026-01-28 12:26:35.731";"a-pk-00000019";"a-pk-00000017";"a0096-t1";"a0096"
"2026-01-28 13:12:00.485";"a-pk-00000020";"a-pk-00000017";"a0096-t1";"a0096"
"2026-04-04 11:00:43.074";"b-pk-00000016";"b-pk-00000014";"b0097-t0";"b0097"
"2026-04-04 10:30:45.939";"b-pk-00000017";"b-pk-00000014";"b0097-t0";"b0097"
"2026-01-18 21:37:03.516";"b-pk-00000022";"b-pk-00000018";"b0097-t1";"b0097"
"2026-01-18 21:41:28.565";"b-pk-00000023";"b-pk-00000018";"b0097-t1";"b0097"
"2026-02-26 00:17:09.311";"b-pk-00000027";"b-pk-00000024";"b0097-t2";"b0097"
"2026-01-24 12:55:10.641";"b-pk-00000030";"b-pk-00000028";"b0097-t3";"b0097"
"2026-01-24 13:30:40.447";"b-pk-00000031";"b-pk-00000028";"b0097-t3";"b0097"
"2026-02-28 20:37:48.587";"b-pk-00000034";"b-pk-00000032";"b0097-t4";"b0097"
"2026-02-10 04:23:48.774";"b-pk-00000039";"b-pk-00000035";"b0097-t5";"b0097"
"2026-02-10 03:48:20.483";"b-pk-00000040";"b-pk-00000035";"b0097-t5";"b0097"
"2026-02-02 19:02:26.451";"b-pk-00000043";"b-pk-00000041";"b0097-t6";"b0097"
"2026-03-02 03:08:03.891";"b-pk-00000046";"b-pk-00000044";"b0097-t7";"b0097"
"2026-03-02 01:46:14.371";"b-pk-00000047";"b-pk-00000044";"b0097-t7";"b0097"
"2026-03-25 17:25:11.258";"b-pk-00000052";"b-pk-00000048";"b0097-t8";"b0097"
"2026-03-09 16:50:05.117";"b-pk-00000057";"b-pk-00000053";"b0097-t9";"b0097"
"2026-03-09 16:58:23.954";"b-pk-00000058";"b-pk-00000053";"b0097-t9";"b0097"
"2026-04-18 01:33:10.926";"b-pk-00000063";"b-pk-00000059";"b0097-t10";"b0097"
"2026-04-18 02:28:19.897";"b-pk-00000064";"b-pk-00000059";"b0097-t10";"b0097"
"2026-02-25 14:34:21.212";"c-pk-00000014";"c-pk-00000012";"c0098-t0";"c0098"
"2026-01-14 01:39:12.612";"c-pk-00000017";"c-pk-00000015";"c0098-t1";"c0098"
"2026-01-01 11:43:26.171";"c-pk-00000020";"c-pk-00000018";"c0098-t2";"c0098"
"2026-01-14 16:43:31.707";"a-pk-00000011";"a-pk-00000009";"a0099-t0";"a0099"
"2026-01-14 20:02:38.487";"a-pk-00000012";"a-pk-00000009";"a0099-t0";"a0099"
"2026-01-08 21:13:51.335";"a-pk-00000017";"a-pk-00000013";"a0099-t1";"a0099"
"2026-01-08 23:23:43.570";"a-pk-00000018";"a-pk-00000013";"a0099-t1";"a0099"
"2026-04-09 21:28:25.142";"a-pk-00000022";"a-pk-00000019";"a0099-t2";"a0099"
"2026-04-09 23:47:22.152";"a-pk-00000023";"a-pk-00000019";"a0099-t2";"a0099"
"2026-02-07 08:19:20.350";"a-pk-00000027";"a-pk-00000024";"a0099-t3";"a0099"
"2026-02-07 07:19:06.678";"a-pk-00000028";"a-pk-00000024";"a0099-t3";"a0099"
"2026-03-19 07:06:24.804";"a-pk-00000033";"a-pk-00000029";"a0099-t4";"a0099"
