"created_at";"pk_id";"record_id";"extraction_date";"operator_id";"data_safe_id";"replaced_record_id";"game_id";"game_session_id";"game_session_start_datetime";"game_session_end_datetime";"game_session_commission";"game_session_rounds";"game_session_rounds_won"
"2026-01-20 02:43:55.240";"a-pk-00000031";"rec-a-pk-00000031";"2026-06-30 23:59:59.000";"a";"ds-a0000";"NULL";"a-game-006";"a0000-s0";"2026-02-02 16:05:54.190";"2026-02-02 16:37:50.583";"0,49";"39";"0"
"2026-04-05 21:41:19.468";"a-pk-00000035";"rec-a-pk-00000035";"2026-06-30 23:59:59.000";"a";"ds-a0000";"NULL";"a-game-005";"a0000-s1";"2026-02-22 22:20:15.271";"2026-02-23 02:19:03.958";"0,15";"30";"9"
"2026-04-02 10:47:30.722";"b-pk-00000062";"rec-b-pk-00000062";"2026-06-30 23:59:59.000";"b";"ds-b0001";"NULL";"b-game-006";"b0001-s0";"2026-02-19 12:14:54.794";"2026-02-19 13:54:36.811";"1,64";"10";"7"
"2026-01-17 14:00:46.147";"b-pk-00000064";"rec-b-pk-00000064";"2026-06-30 23:59:59.000";"b";"ds-b0001";"NULL";"b-game-006";"b0001-s1";"2026-03-28 03:55:54.450";"2026-03-28 07:39:35.993";"0,31";"31";"4"
"2026-03-21 22:56:48.499";"b-pk-00000067";"rec-b-pk-00000067";"2026-06-30 23:59:59.000";"b";"ds-b0001";"NULL";"b-game-000";"b0001-s2";"2026-03-28 21:54:34.389";"2026-03-29 00:33:38.240";"1,26";"19";"3"
"2026-03-26 01:18:22.383";"b-pk-00000071";"rec-b-pk-00000071";"2026-06-30 23:59:59.000";"b";"ds-b0001";"NULL";"b-game-006";"b0001-s3";"2026-02-23 09:57:01.047";"2026-02-23 10:35:16.543";"0,82";"12";"2"
"2026-02-08 14:40:16.470";"b-pk-00000073";"rec-b-pk-00000073";"2026-06-30 23:59:59.000";"b";"ds-b0001";"NULL";"b-game-004";"b0001-s4";"2026-04-20 21:15:31.934";"2026-04-21 00:06:31.920";"1,61";"19";"10"
"2026-04-04 07:24:36.367";"b-pk-00000077";"rec-b-pk-00000077";"2026-06-30 23:59:59.000";"b";"ds-b0001";"NULL";"b-game-004";"b0001-s5";"2026-03-15 09:12:24.873";"2026-03-15 12:12:42.022";"1,96";"26";"4"
"2026-03-25 07:38:51.360";"b-pk-00000079";"rec-b-pk-00000079";"2026-06-30 23:59:59.000";"b";"ds-b0001";"NULL";"b-game-003";"b0001-s6";"2026-01-20 23:31:53.925";"2026-01-21 02:15:05.635";"0,50";"9";"10"
"2026-02-03 09:20:47.425";"b-pk-00000081";"rec-b-pk-00000081";"2026-06-30 23:59:59.000";"b";"ds-b0001";"NULL";"b-game-002";"b0001-s7";"2026-01-10 14:02:37.373";"2026-01-10 14:54:45.805";"1,08";"24";"8"
"2026-01-05 07:55:43.741";"b-pk-00000085";"rec-b-pk-00000085";"2026-06-30 23:59:59.000";"b";"ds-b0001";"NULL";"b-game-006";"b0001-s8";"2026-03-24 10:51:07.479";"2026-03-24 14:28:58.570";"0,73";"26";"0"
"2026-03-04 21:14:30.025";"b-pk-00000088";"rec-b-pk-00000088";"2026-06-30 23:59:59.000";"b";"ds-b0001";"NULL";"b-game-005";"b0001-s9";"2026-03-19 12:52:40.962";"2026-03-19 16:48:19.226";"1,30";"30";"4"
"2026-04-19 23:46:09.906";"b-pk-00000092";"rec-b-pk-00000092";"2026-06-30 23:59:59.000";"b";"ds-b0001";"NULL";"b-game-006";"b0001-s10";"2026-02-18 04:24:29.379";"2026-02-18 07:12:35.853";"0,98";"27";"4"
"2026-01-22 10:56:49.632";"c-pk-00000036";"rec-c-pk-00000036";"2026-06-30 23:59:59.000";"c";"ds-c0002";"NULL";"c-game-002";"c0002-s0";"2026-01-17 17:53:47.904";"2026-01-17 20:27:11.157";"0,32";"40";"2"
"2026-02-10 15:57:53.198";"c-pk-00000040";"rec-c-pk-00000040";"2026-06-30 23:59:59.000";"c";"ds-c0002";"NULL";"c-game-005";"c0002-s1";"2026-03-25 23:50:28.239";"2026-03-26 02:45:04.451";"0,92";"19";"6"
"2026-02-26 04:15:50.505";"a-pk-00000019";"rec-a-pk-00000019";"2026-06-30 23:59:59.000";"a";"ds-a0003";"NULL";"a-game-000";"a0003-s0";"2026-02-26 11:32:14.124";"2026-02-26 13:05:49.586";"0,74";"36";"2"
"2026-02-11 20:04:28.477";"a-pk-00000023";"rec-a-pk-00000023";"2026-06-30 23:59:59.000";"a";"ds-a0003";"NULL";"a-game-005";"a0003-s1";"2026-04-25 13:52:36.075";"2026-04-25 14:26:32.848";"1,56";"38";"2"
"2026-02-06 10:59:45.230";"a-pk-00000025";"rec-a-pk-00000025";"2026-06-30 23:59:59.000";"a";"ds-a0003";"NULL";"a-game-005";"a0003-s2";"2026-01-27 03:33:09.311";"2026-01-27 05:47:06.290";"1,69";"17";"3"
"2026-02-18 06:48:55.794";"b-pk-00000036";"rec-b-pk-00000036";"2026-06-30 23:59:59.000";"b";"ds-b0004";"NULL";"b-game-000";"b0004-s0";"2026-01-08 23:02:25.449";"2026-01-08 23:38:57.296";"0,47";"37";"5"
"2026-02-21 21:27:35.507";"b-pk-00000040";"rec-b-pk-00000040";"2026-06-30 23:59:59.000";"b";"ds-b0004";"NULL";"b-game-000";"b0004-s1";"2026-02-14 09:17:03.570";"2026-02-14 10:46:44.687";"0,76";"34";"5"
"2026-02-26 14:58:03.575";"b-pk-00000044";"rec-b-pk-00000044";"2026-06-30 23:59:59.000";"b";"ds-b0004";"NULL";"b-game-006";"b0004-s2";"2026-02-28 07:19:54.724";"2026-02-28 09:07:29.542";"0,27";"16";"4"
"2026-02-02 08:24:43.619";"b-pk-00000046";"rec-b-pk-00000046";"2026-06-30 23:59:59.000";"b";"ds-b0004";"NULL";"b-game-000";"b0004-s3";"2026-04-28 11:05:34.741";"2026-04-28 14:49:38.192";"1,61";"38";"10"
"2026-04-12 03:59:36.204";"c-pk-00000025";"rec-c-pk-00000025";"2026-06-30 23:59:59.000";"c";"ds-c0005";"NULL";"c-game-002";"c0005-s0";"2026-02-11 12:17:52.804";"2026-02-11 15:13:41.563";"0,05";"30";"3"
"2026-02-09 21:09:45.433";"c-pk-00000028";"rec-c-pk-00000028";"2026-06-30 23:59:59.000";"c";"ds-c0005";"NULL";"c-game-006";"c0005-s1";"2026-04-22 15:08:40.310";"2026-04-22 15:28:08.612";"0,96";"26";"8"
"2026-01-04 07:42:42.363";"c-pk-00000032";"rec-c-pk-00000032";"2026-06-30 23:59:59.000";"c";"ds-c0005";"NULL";"c-game-002";"c0005-s2";"2026-03-23 17:38:40.936";"2026-03-23 20:25:19.045";"1,13";"26";"5"
"2026-01-10 22:27:46.976";"a-pk-00000032";"rec-a-pk-00000032";"2026-06-30 23:59:59.000";"a";"ds-a0006";"NULL";"a-game-003";"a0006-s0";"2026-02-26 04:34:20.400";"2026-02-26 04:49:35.088";"1,85";"8";"7"
"2026-04-12 16:33:50.842";"a-pk-00000036";"rec-a-pk-00000036";"2026-06-30 23:59:59.000";"a";"ds-a0006";"NULL";"a-game-004";"a0006-s1";"2026-01-23 04:44:00.167";"2026-01-23 05:27:23.129";"1,50";"18";"1"
"2026-01-16 14:32:23.056";"a-pk-00000038";"rec-a-pk-00000038";"2026-06-30 23:59:59.000";"a";"ds-a0006";"NULL";"a-game-007";"a0006-s2";"2026-03-17 02:16:45.998";"2026-03-17 05:57:21.170";"0,74";"17";"1"
"2026-02-06 01:35:51.935";"a-pk-00000042";"rec-a-pk-00000042";"2026-06-30 23:59:59.000";"a";"ds-a0006";"NULL";"a-game-006";"a0006-s3";"2026-01-08 01:30:23.392";"2026-01-08 02:28:43.254";"0,83";"21";"4"
"2026-04-03 14:55:18.792";"a-pk-00000044";"rec-a-pk-00000044";"2026-06-30 23:59:59.000";"a";"ds-a0006";"NULL";"a-game-004";"a0006-s4";"2026-01-06 07:51:33.047";"2026-01-06 09:15:38.566";"0,91";"24";"3"
"2026-02-09 11:52:29.517";"b-pk-00000044";"rec-b-pk-00000044";"2026-06-30 23:59:59.000";"b";"ds-b0007";"NULL";"b-game-006";"b0007-s0";"2026-01-15 01:58:23.721";"2026-01-15 04:42:22.126";"1,36";"16";"5"
"2026-01-10 00:24:03.166";"b-pk-00000047";"rec-b-pk-00000047";"2026-06-30 23:59:59.000";"b";"ds-b0007";"NULL";"b-game-003";"b0007-s1";"2026-03-12 05:53:57.264";"2026-03-12 09:34:11.662";"0,45";"14";"4"
"2026-01-08 08:38:51.965";"b-pk-00000051";"rec-b-pk-00000051";"2026-06-30 23:59:59.000";"b";"ds-b0007";"NULL";"b-game-004";"b0007-s2";"2026-04-05 20:11:38.820";"2026-04-05 23:15:23.658";"0,55";"25";"5"
"2026-03-18 20:38:38.289";"b-pk-00000054";"rec-b-pk-00000054";"2026-06-30 23:59:59.000";"b";"ds-b0007";"NULL";"b-game-004";"b0007-s3";"2026-04-19 03:00:32.678";"2026-04-19 05:56:38.493";"0,13";"18";"10"
"2026-01-26 19:25:42.327";"b-pk-00000057";"rec-b-pk-00000057";"2026-06-30 23:59:59.000";"b";"ds-b0007";"NULL";"b-game-002";"b0007-s4";"2026-03-07 04:33:48.246";"2026-03-07 07:38:49.671";"0,99";"19";"4"
"2026-04-22 11:32:19.865";"b-pk-00000060";"rec-b-pk-00000060";"2026-06-30 23:59:59.000";"b";"ds-b0007";"NULL";"b-game-002";"b0007-s5";"2026-02-11 23:45:14.702";"2026-02-12 03:21:56.897";"1,12";"19";"1"
"2026-03-08 23:55:19.430";"b-pk-00000063";"rec-b-pk-00000063";"2026-06-30 23:59:59.000";"b";"ds-b0007";"NULL";"b-game-005";"b0007-s6";"2026-02-22 10:41:05.227";"2026-02-22 12:17:21.599";"0,59";"8";"7"
"2026-04-17 09:26:03.891";"b-pk-00000065";"rec-b-pk-00000065";"2026-06-30 23:59:59.000";"b";"ds-b0007";"NULL";"b-game-002";"b0007-s7";"2026-01-16 06:32:07.888";"2026-01-16 07:08:19.350";"0,82";"37";"7"
"2026-02-11 20:03:00.462";"b-pk-00000067";"rec-b-pk-00000067";"2026-06-30 23:59:59.000";"b";"ds-b0007";"NULL";"b-game-004";"b0007-s8";"2026-02-25 02:31:21.646";"2026-02-25 03:26:09.792";"0,34";"11";"7"
"2026-01-18 06:46:23.972";"b-pk-00000069";"rec-b-pk-00000069";"2026-06-30 23:59:59.000";"b";"ds-b0007";"NULL";"b-game-000";"b0007-s9";"2026-04-13 13:30:24.004";"2026-04-13 17:19:44.775";"1,67";"13";"0"
"2026-02-03 01:19:18.466";"b-pk-00000073";"rec-b-pk-00000073";"2026-06-30 23:59:59.000";"b";"ds-b0007";"NULL";"b-game-005";"b0007-s10";"2026-02-04 12:32:37.313";"2026-02-04 14:25:33.703";"1,99";"22";"7"
"2026-01-28 12:13:29.844";"c-pk-00000016";"rec-c-pk-00000016";"2026-06-30 23:59:59.000";"c";"ds-c0008";"NULL";"c-game-003";"c0008-s0";"2026-04-04 08:39:12.192";"2026-04-04 11:43:33.110";"1,51";"3";"10"
"2026-04-27 18:30:59.520";"c-pk-00000020";"rec-c-pk-00000020";"2026-06-30 23:59:59.000";"c";"ds-c0008";"NULL";"c-game-002";"c0008-s1";"2026-02-16 00:33:47.049";"2026-02-16 03:32:24.177";"1,46";"9";"1"
"2026-03-16 14:21:39.675";"a-pk-00000028";"rec-a-pk-00000028";"2026-06-30 23:59:59.000";"a";"ds-a0009";"NULL";"a-game-004";"a0009-s0";"2026-01-10 19:04:57.198";"2026-01-10 22:03:34.156";"1,13";"24";"5"
"2026-03-16 14:28:22.793";"a-pk-00000031";"rec-a-pk-00000031";"2026-06-30 23:59:59.000";"a";"ds-a0009";"NULL";"a-game-004";"a0009-s1";"2026-04-09 11:08:43.750";"2026-04-09 13:14:18.111";"0,35";"39";"1"
"2026-01-28 16:40:01.832";"a-pk-00000034";"rec-a-pk-00000034";"2026-06-30 23:59:59.000";"a";"ds-a0009";"NULL";"a-game-006";"a0009-s2";"2026-03-24 20:04:46.077";"2026-03-24 23:22:23.217";"1,81";"36";"4"
"2026-02-16 23:12:15.753";"b-pk-00000027";"rec-b-pk-00000027";"2026-06-30 23:59:59.000";"b";"ds-b0010";"NULL";"b-game-003";"b0010-s0";"2026-02-19 08:11:47.699";"2026-02-19 11:56:03.211";"0,46";"16";"9"
"2026-01-28 15:23:39.322";"b-pk-00000030";"rec-b-pk-00000030";"2026-06-30 23:59:59.000";"b";"ds-b0010";"NULL";"b-game-007";"b0010-s1";"2026-04-20 00:48:54.554";"2026-04-20 04:39:50.918";"1,15";"18";"7"
"2026-01-17 13:30:34.033";"b-pk-00000032";"rec-b-pk-00000032";"2026-06-30 23:59:59.000";"b";"ds-b0010";"NULL";"b-game-005";"b0010-s2";"2026-03-13 07:48:36.131";"2026-03-13 09:30:31.702";"1,55";"30";"1"
"2026-02-18 08:15:17.482";"b-pk-00000036";"rec-b-pk-00000036";"2026-06-30 23:59:59.000";"b";"ds-b0010";"NULL";"b-game-005";"b0010-s3";"2026-01-11 11:39:55.265";"2026-01-11 13:14:06.510";"0,85";"27";"5"
"2026-03-26 07:35:27.876";"b-pk-00000039";"rec-b-pk-00000039";"2026-06-30 23:59:59.000";"b";"ds-b0010";"NULL";"b-game-006";"b0010-s4";"2026-02-19 21:14:52.102";"2026-02-19 22:06:01.819";"1,92";"10";"7"
"2026-01-20 20:19:02.748";"c-pk-00000038";"rec-c-pk-00000038";"2026-06-30 23:59:59.000";"c";"ds-c0011";"NULL";"c-game-006";"c0011-s0";"2026-03-26 15:11:31.845";"2026-03-26 15:33:20.057";"1,84";"22";"5"
"2026-01-21 20:24:03.312";"c-pk-00000041";"rec-c-pk-00000041";"2026-06-30 23:59:59.000";"c";"ds-c0011";"NULL";"c-game-000";"c0011-s1";"2026-02-24 20:54:38.950";"2026-02-24 22:17:12.578";"0,30";"33";"3"
"2026-02-14 09:50:25.151";"c-pk-00000043";"rec-c-pk-00000043";"2026-06-30 23:59:59.000";"c";"ds-c0011";"NULL";"c-game-002";"c0011-s2";"2026-04-15 19:36:32.092";"2026-04-15 21:03:37.487";"1,14";"4";"8"
"2026-04-13 20:36:12.574";"c-pk-00000046";"rec-c-pk-00000046";"2026-06-30 23:59:59.000";"c";"ds-c0011";"NULL";"c-game-003";"c0011-s3";"2026-02-25 04:30:35.202";"2026-02-25 05:33:39.272";"1,55";"21";"10"
"2026-02-12 19:52:51.452";"c-pk-00000050";"rec-c-pk-00000050";"2026-06-30 23:59:59.000";"c";"ds-c0011";"NULL";"c-game-002";"c0011-s4";"2026-03-20 20:01:49.312";"2026-03-20 21:54:51.946";"1,64";"13";"10"
"2026-04-14 14:05:38.614";"a-pk-00000023";"rec-a-pk-00000023";"2026-06-30 23:59:59.000";"a";"ds-a0012";"NULL";"a-game-000";"a0012-s0";"2026-04-08 06:37:42.487";"2026-04-08 07:41:38.560";"0,56";"36";"3"
"2026-03-11 02:03:06.426";"a-pk-00000025";"rec-a-pk-00000025";"2026-06-30 23:59:59.000";"a";"ds-a0012";"NULL";"a-game-002";"a0012-s1";"2026-03-02 04:54:02.683";"2026-03-02 05:36:45.291";"1,22";"39";"9"
"2026-01-25 13:53:35.066";"a-pk-00000029";"rec-a-pk-00000029";"2026-06-30 23:59:59.000";"a";"ds-a0012";"NULL";"a-game-004";"a0012-s2";"2026-03-11 11:57:24.839";"2026-03-11 13:58:32.124";"1,39";"18";"5"
"2026-03-14 19:54:20.265";"a-pk-00000033";"rec-a-pk-00000033";"2026-06-30 23:59:59.000";"a";"ds-a0012";"NULL";"a-game-005";"a0012-s3";"2026-01-16 23:44:38.956";"2026-01-17 03:42:46.629";"1,13";"34";"10"
"2026-04-20 05:29:32.434";"b-pk-00000026";"rec-b-pk-00000026";"2026-06-30 23:59:59.000";"b";"ds-b0013";"NULL";"b-game-007";"b0013-s0";"2026-04-28 14:57:50.712";"2026-04-28 16:37:12.231";"0,37";"39";"0"
"2026-03-04 18:30:44.081";"b-pk-00000030";"rec-b-pk-00000030";"2026-06-30 23:59:59.000";"b";"ds-b0013";"NULL";"b-game-002";"b0013-s1";"2026-03-02 01:36:30.721";"2026-03-02 04:44:16.539";"1,97";"18";"7"
"2026-01-21 09:22:26.004";"c-pk-00000028";"rec-c-pk-00000028";"2026-06-30 23:59:59.000";"c";"ds-c0014";"NULL";"c-game-003";"c0014-s0";"2026-01-20 05:45:31.626";"2026-01-20 06:35:38.542";"1,95";"40";"5"
"2026-04-16 05:10:42.944";"c-pk-00000032";"rec-c-pk-00000032";"2026-06-30 23:59:59.000";"c";"ds-c0014";"NULL";"c-game-000";"c0014-s1";"2026-02-04 04:43:54.991";"2026-02-04 04:58:35.372";"0,57";"28";"4"
"2026-02-26 00:31:32.118";"c-pk-00000035";"rec-c-pk-00000035";"2026-06-30 23:59:59.000";"c";"ds-c0014";"NULL";"c-game-001";"c0014-s2";"2026-01-24 01:59:34.180";"2026-01-24 05:49:49.738";"0,89";"38";"5"
"2026-04-28 06:24:57.225";"c-pk-00000038";"rec-c-pk-00000038";"2026-06-30 23:59:59.000";"c";"ds-c0014";"NULL";"c-game-001";"c0014-s3";"2026-01-11 07:06:15.755";"2026-01-11 09:07:52.496";"0,11";"28";"2"
"2026-02-21 11:17:12.343";"c-pk-00000040";"rec-c-pk-00000040";"2026-06-30 23:59:59.000";"c";"ds-c0014";"NULL";"c-game-002";"c0014-s4";"2026-02-13 11:08:29.737";"2026-02-13 11:18:13.582";"0,12";"9";"1"
"2026-02-13 19:43:20.156";"a-pk-00000056";"rec-a-pk-00000056";"2026-06-30 23:59:59.000";"a";"ds-a0015";"NULL";"a-game-004";"a0015-s0";"2026-01-27 02:31:43.027";"2026-01-27 05:12:22.098";"1,52";"34";"7"
"2026-01-25 01:27:56.936";"a-pk-00000059";"rec-a-pk-00000059";"2026-06-30 23:59:59.000";"a";"ds-a0015";"NULL";"a-game-001";"a0015-s1";"2026-03-18 10:51:55.553";"2026-03-18 12:31:23.322";"1,71";"29";"7"
"2026-03-23 12:31:48.112";"a-pk-00000061";"rec-a-pk-00000061";"2026-06-30 23:59:59.000";"a";"ds-a0015";"NULL";"a-game-007";"a0015-s2";"2026-03-23 05:31:27.137";"2026-03-23 08:21:02.701";"1,08";"31";"7"
"2026-03-02 00:37:02.131";"a-pk-00000065";"rec-a-pk-00000065";"2026-06-30 23:59:59.000";"a";"ds-a0015";"NULL";"a-game-005";"a0015-s3";"2026-04-20 21:22:49.291";"2026-04-20 22:53:40.759";"1,17";"22";"6"
"2026-01-01 08:32:39.390";"b-pk-00000028";"rec-b-pk-00000028";"2026-06-30 23:59:59.000";"b";"ds-b0016";"NULL";"b-game-004";"b0016-s0";"2026-03-08 15:58:22.620";"2026-03-08 17:41:04.379";"0,26";"36";"0"
"2026-02-09 03:20:02.130";"b-pk-00000032";"rec-b-pk-00000032";"2026-06-30 23:59:59.000";"b";"ds-b0016";"NULL";"b-game-007";"b0016-s1";"2026-02-03 10:45:33.443";"2026-02-03 14:30:26.287";"1,50";"28";"4"
"2026-02-18 21:40:51.450";"b-pk-00000035";"rec-b-pk-00000035";"2026-06-30 23:59:59.000";"b";"ds-b0016";"NULL";"b-game-000";"b0016-s2";"2026-03-14 05:20:47.503";"2026-03-14 06:09:56.055";"0,46";"3";"7"
"2026-04-15 15:07:54.737";"b-pk-00000038";"rec-b-pk-00000038";"2026-06-30 23:59:59.000";"b";"ds-b0016";"NULL";"b-game-002";"b0016-s3";"2026-04-02 14:22:45.574";"2026-04-02 14:55:07.095";"0,41";"19";"2"
"2026-01-17 18:11:26.942";"b-pk-00000040";"rec-b-pk-00000040";"2026-06-30 23:59:59.000";"b";"ds-b0016";"NULL";"b-game-001";"b0016-s4";"2026-03-19 21:37:13.597";"2026-03-19 22:42:02.510";"1,35";"22";"0"
"2026-02-23 12:33:47.253";"c-pk-00000037";"rec-c-pk-00000037";"2026-06-30 23:59:59.000";"c";"ds-c0017";"NULL";"c-game-001";"c0017-s0";"2026-02-12 09:18:42.803";"2026-02-12 10:43:15.596";"0,39";"24";"7"
"2026-02-16 06:28:04.378";"c-pk-00000039";"rec-c-pk-00000039";"2026-06-30 23:59:59.000";"c";"ds-c0017";"NULL";"c-game-006";"c0017-s1";"2026-04-03 02:03:27.909";"2026-04-03 04:35:02.531";"1,56";"17";"9"
"2026-02-16 22:29:08.991";"c-pk-00000042";"rec-c-pk-00000042";"2026-06-30 23:59:59.000";"c";"ds-c0017";"NULL";"c-game-001";"c0017-s2";"2026-04-24 13:52:10.147";"2026-04-24 16:50:23.466";"0,95";"11";"8"
"2026-02-04 11:19:23.310";"c-pk-00000045";"rec-c-pk-00000045";"2026-06-30 23:59:59.000";"c";"ds-c0017";"NULL";"c-game-004";"c0017-s3";"2026-01-12 18:18:02.535";"2026-01-12 20:23:03.810";"0,29";"38";"6"
"2026-01-04 17:22:04.891";"c-pk-00000047";"rec-c-pk-00000047";"2026-06-30 23:59:59.000";"c";"ds-c0017";"NULL";"c-game-000";"c0017-s4";"2026-03-07 05:52:47.500";"2026-03-07 07:40:17.586";"0,62";"29";"5"
"2026-02-03 19:39:28.782";"a-pk-00000024";"rec-a-pk-00000024";"2026-06-30 23:59:59.000";"a";"ds-a0018";"NULL";"a-game-001";"a0018-s0";"2026-03-27 01:52:21.532";"2026-03-27 04:33:49.592";"0,25";"4";"0"
"2026-04-03 03:43:03.572";"a-pk-00000027";"rec-a-pk-00000027";"2026-06-30 23:59:59.000";"a";"ds-a0018";"NULL";"a-game-000";"a0018-s1";"2026-02-02 14:03:19.625";"2026-02-02 15:20:13.390";"0,80";"40";"6"
"2026-01-11 20:43:50.026";"a-pk-00000029";"rec-a-pk-00000029";"2026-06-30 23:59:59.000";"a";"ds-a0018";"NULL";"a-game-007";"a0018-s2";"2026-01-15 12:29:50.438";"2026-01-15 14:43:11.601";"0,38";"7";"0"
"2026-04-06 07:08:51.045";"a-pk-00000033";"rec-a-pk-00000033";"2026-06-30 23:59:59.000";"a";"ds-a0018";"NULL";"a-game-000";"a0018-s3";"2026-03-12 13:30:46.635";"2026-03-12 14:04:05.598";"0,87";"23";"4"
"2026-02-02 07:32:52.855";"a-pk-00000037";"rec-a-pk-00000037";"2026-06-30 23:59:59.000";"a";"ds-a0018";"NULL";"a-game-000";"a0018-s4";"2026-03-12 00:33:37.673";"2026-03-12 02:22:59.200";"1,95";"13";"1"
"2026-04-13 10:47:25.876";"b-pk-00000030";"rec-b-pk-00000030";"2026-06-30 23:59:59.000";"b";"ds-b0019";"NULL";"b-game-003";"b0019-s0";"2026-01-03 20:44:43.767";"2026-01-03 22:26:45.010";"0,50";"9";"5"
"2026-02-06 00:38:06.181";"b-pk-00000034";"rec-b-pk-00000034";"2026-06-30 23:59:59.000";"b";"ds-b0019";"NULL";"b-game-004";"b0019-s1";"2026-04-05 15:52:17.861";"2026-04-05 16:24:51.759";"0,78";"5";"10"
"2026-02-15 22:03:53.650";"b-pk-00000036";"rec-b-pk-00000036";"2026-06-30 23:59:59.000";"b";"ds-b0019";"NULL";"b-game-001";"b0019-s2";"2026-04-12 05:13:45.035";"2026-04-12 06:54:29.315";"0,89";"39";"0"
"2026-01-01 13:01:00.345";"b-pk-00000038";"rec-b-pk-00000038";"2026-06-30 23:59:59.000";"b";"ds-b0019";"NULL";"b-game-003";"b0019-s3";"2026-02-08 11:58:15.204";"2026-02-08 14:53:57.064";"0,44";"7";"10"
"2026-04-20 16:48:17.954";"c-pk-00000026";"rec-c-pk-00000026";"2026-06-30 23:59:59.000";"c";"ds-c0020";"NULL";"c-game-007";"c0020-s0";"2026-01-04 06:33:50.007";"2026-01-04 08:36:38.345";"1,21";"22";"5"
"2026-01-01 14:55:44.411";"c-pk-00000030";"rec-c-pk-00000030";"2026-06-30 23:59:59.000";"c";"ds-c0020";"NULL";"c-game-002";"c0020-s1";"2026-04-20 01:22:55.338";"2026-04-20 01:30:33.125";"1,74";"18";"3"
"2026-03-09 04:46:39.432";"a-pk-00000025";"rec-a-pk-00000025";"2026-06-30 23:59:59.000";"a";"ds-a0021";"NULL";"a-game-001";"a0021-s0";"2026-02-05 19:35:13.605";"2026-02-05 21:56:29.266";"0,76";"11";"6"
"2026-02-23 11:36:42.663";"a-pk-00000028";"rec-a-pk-00000028";"2026-06-30 23:59:59.000";"a";"ds-a0021";"NULL";"a-game-002";"a0021-s1";"2026-02-03 20:46:17.648";"2026-02-03 22:35:09.157";"0,63";"28";"6"
"2026-01-06 14:48:32.393";"b-pk-00000031";"rec-b-pk-00000031";"2026-06-30 23:59:59.000";"b";"ds-b0022";"NULL";"b-game-006";"b0022-s0";"2026-04-22 17:55:32.994";"2026-04-22 19:39:10.278";"0,41";"1";"2"
"2026-01-06 07:02:34.243";"b-pk-00000035";"rec-b-pk-00000035";"2026-06-30 23:59:59.000";"b";"ds-b0022";"NULL";"b-game-004";"b0022-s1";"2026-03-10 07:18:45.274";"2026-03-10 07:30:25.151";"1,88";"18";"2"
"2026-03-11 02:45:56.562";"b-pk-00000038";"rec-b-pk-00000038";"2026-06-30 23:59:59.000";"b";"ds-b0022";"NULL";"b-game-004";"b0022-s2";"2026-02-18 03:00:41.355";"2026-02-18 06:05:49.418";"1,80";"19";"5"
"2026-01-18 21:55:49.961";"b-pk-00000040";"rec-b-pk-00000040";"2026-06-30 23:59:59.000";"b";"ds-b0022";"NULL";"b-game-001";"b0022-s3";"2026-03-08 23:17:11.262";"2026-03-09 02:22:58.704";"0,76";"17";"10"
"2026-04-12 04:57:30.095";"b-pk-00000044";"rec-b-pk-00000044";"2026-06-30 23:59:59.000";"b";"ds-b0022";"NULL";"b-game-007";"b0022-s4";"2026-04-05 14:14:46.743";"2026-04-05 15:02:15.189";"1,63";"12";"3"
"2026-02-15 11:32:54.639";"c-pk-00000030";"rec-c-pk-00000030";"2026-06-30 23:59:59.000";"c";"ds-c0023";"NULL";"c-game-005";"c0023-s0";"2026-01-12 09:25:26.877";"2026-01-12 11:01:31.698";"0,83";"29";"4"
"2026-04-28 02:14:24.895";"c-pk-00000034";"rec-c-pk-00000034";"2026-06-30 23:59:59.000";"c";"ds-c0023";"NULL";"c-game-007";"c0023-s1";"2026-01-05 03:18:24.162";"2026-01-05 06:10:29.357";"0,93";"35";"7"
"2026-01-11 10:38:31.217";"c-pk-00000036";"rec-c-pk-00000036";"2026-06-30 23:59:59.000";"c";"ds-c0023";"NULL";"c-game-007";"c0023-s2";"2026-01-13 13:12:25.336";"2026-01-13 13:42:42.465";"0,08";"10";"7"
"2026-03-26 13:30:13.055";"c-pk-00000038";"rec-c-pk-00000038";"2026-06-30 23:59:59.000";"c";"ds-c0023";"NULL";"c-game-003";"c0023-s3";"2026-01-20 12:03:59.827";"2026-01-20 15:47:00.975";"1,52";"28";"4"
"2026-04-17 06:42:57.265";"c-pk-00000041";"rec-c-pk-00000041";"2026-06-30 23:59:59.000";"c";"ds-c0023";"NULL";"c-game-002";"c0023-s4";"2026-04-03 09:55:45.462";"2026-04-03 13:28:48.094";"1,79";"28";"5"
"2026-04-27 00:35:50.915";"c-pk-00000044";"rec-c-pk-00000044";"2026-06-30 23:59:59.000";"c";"ds-c0023";"NULL";"c-game-003";"c0023-s5";"2026-02-23 13:22:58.709";"2026-02-23 13:43:44.683";"1,16";"10";"5"
"2026-04-09 16:46:00.461";"c-pk-00000048";"rec-c-pk-00000048";"2026-06-30 23:59:59.000";"c";"ds-c0023";"NULL";"c-game-002";"c0023-s6";"2026-04-05 15:55:20.116";"2026-04-05 18:38:48.654";"1,94";"7";"0"
"2026-02-22 18:00:23.833";"c-pk-00000050";"rec-c-pk-00000050";"2026-06-30 23:59:59.000";"c";"ds-c0023";"NULL";"c-game-005";"c0023-s7";"2026-02-20 12:13:22.214";"2026-02-20 12:18:41.918";"0,61";"8";"7"
"2026-02-17 06:06:35.284";"a-pk-00000023";"rec-a-pk-00000023";"2026-06-30 23:59:59.000";"a";"ds-a0024";"NULL";"a-game-001";"a0024-s0";"2026-03-08 17:04:24.290";"2026-03-08 19:32:21.661";"0,84";"28";"5"
"2026-02-20 10:37:24.242";"a-pk-00000026";"rec-a-pk-00000026";"2026-06-30 23:59:59.000";"a";"ds-a0024";"NULL";"a-game-000";"a0024-s1";"2026-01-09 13:07:07.463";"2026-01-09 14:20:08.659";"1,57";"37";"0"
"2026-01-27 13:46:19.281";"a-pk-00000029";"rec-a-pk-00000029";"2026-06-30 23:59:59.000";"a";"ds-a0024";"NULL";"a-game-005";"a0024-s2";"2026-01-11 20:01:04.481";"2026-01-11 23:14:26.409";"0,16";"21";"7"
"2026-02-02 00:08:06.330";"a-pk-00000033";"rec-a-pk-00000033";"2026-06-30 23:59:59.000";"a";"ds-a0024";"NULL";"a-game-006";"a0024-s3";"2026-01-27 11:39:06.029";"2026-01-27 12:37:16.090";"0,38";"24";"8"
"2026-03-03 08:21:44.627";"a-pk-00000035";"rec-a-pk-00000035";"2026-06-30 23:59:59.000";"a";"ds-a0024";"NULL";"a-game-006";"a0024-s4";"2026-01-09 01:07:03.969";"2026-01-09 02:17:47.174";"1,85";"38";"7"
"2026-02-27 23:42:15.174";"b-pk-00000034";"rec-b-pk-00000034";"2026-06-30 23:59:59.000";"b";"ds-b0025";"NULL";"b-game-003";"b0025-s0";"2026-01-14 04:40:01.189";"2026-01-14 06:42:31.296";"0,58";"7";"9"
"2026-01-10 14:07:36.398";"b-pk-00000037";"rec-b-pk-00000037";"2026-06-30 23:59:59.000";"b";"ds-b0025";"NULL";"b-game-000";"b0025-s1";"2026-01-15 13:52:27.151";"2026-01-15 16:21:46.034";"1,29";"40";"7"
"2026-02-12 16:54:55.515";"b-pk-00000039";"rec-b-pk-00000039";"2026-06-30 23:59:59.000";"b";"ds-b0025";"NULL";"b-game-003";"b0025-s2";"2026-02-15 23:29:17.009";"2026-02-16 01:00:14.723";"1,05";"33";"1"
"2026-03-26 21:19:59.403";"b-pk-00000041";"rec-b-pk-00000041";"2026-06-30 23:59:59.000";"b";"ds-b0025";"NULL";"b-game-001";"b0025-s3";"2026-03-15 22:54:50.143";"2026-03-16 02:50:43.660";"0,97";"31";"9"
"2026-04-03 01:01:54.750";"b-pk-00000045";"rec-b-pk-00000045";"2026-06-30 23:59:59.000";"b";"ds-b0025";"NULL";"b-game-002";"b0025-s4";"2026-02-23 10:37:37.356";"2026-02-23 11:37:43.681";"0,21";"31";"5"
"2026-04-03 01:39:16.117";"b-pk-00000047";"rec-b-pk-00000047";"2026-06-30 23:59:59.000";"b";"ds-b0025";"NULL";"b-game-000";"b0025-s5";"2026-02-04 05:46:57.393";"2026-02-04 09:24:44.074";"0,88";"24";"9"
"2026-02-20 08:50:18.349";"c-pk-00000040";"rec-c-pk-00000040";"2026-06-30 23:59:59.000";"c";"ds-c0026";"NULL";"c-game-005";"c0026-s0";"2026-02-18 07:49:58.417";"2026-02-18 08:21:03.418";"0,84";"10";"9"
"2026-04-24 03:08:55.034";"c-pk-00000043";"rec-c-pk-00000043";"2026-06-30 23:59:59.000";"c";"ds-c0026";"NULL";"c-game-006";"c0026-s1";"2026-04-01 05:07:26.269";"2026-04-01 05:15:10.170";"1,98";"9";"8"
"2026-03-19 19:39:06.739";"c-pk-00000047";"rec-c-pk-00000047";"2026-06-30 23:59:59.000";"c";"ds-c0026";"NULL";"c-game-000";"c0026-s2";"2026-02-23 09:07:21.918";"2026-02-23 09:27:08.942";"0,71";"29";"6"
"2026-01-05 00:37:37.378";"c-pk-00000051";"rec-c-pk-00000051";"2026-06-30 23:59:59.000";"c";"ds-c0026";"NULL";"c-game-007";"c0026-s3";"2026-02-24 18:58:52.959";"2026-02-24 20:37:12.449";"0,35";"38";"4"
"2026-04-10 10:24:20.775";"c-pk-00000053";"rec-c-pk-00000053";"2026-06-30 23:59:59.000";"c";"ds-c0026";"NULL";"c-game-002";"c0026-s4";"2026-03-02 18:33:57.537";"2026-03-02 19:10:59.833";"1,89";"14";"6"
"2026-02-10 08:38:48.108";"c-pk-00000057";"rec-c-pk-00000057";"2026-06-30 23:59:59.000";"c";"ds-c0026";"NULL";"c-game-003";"c0026-s5";"2026-01-10 08:31:28.229";"2026-01-10 11:22:45.144";"0,19";"36";"8"
"2026-03-11 04:51:40.999";"a-pk-00000019";"rec-a-pk-00000019";"2026-06-30 23:59:59.000";"a";"ds-a0027";"NULL";"a-game-001";"a0027-s0";"2026-04-12 15:36:06.658";"2026-04-12 16:01:41.173";"0,42";"32";"9"
"2026-02-02 15:16:26.318";"a-pk-00000021";"rec-a-pk-00000021";"2026-06-30 23:59:59.000";"a";"ds-a0027";"NULL";"a-game-005";"a0027-s1";"2026-04-17 23:53:36.778";"2026-04-18 03:27:45.037";"0,64";"37";"9"
"2026-03-15 22:30:32.568";"a-pk-00000024";"rec-a-pk-00000024";"2026-06-30 23:59:59.000";"a";"ds-a0027";"NULL";"a-game-001";"a0027-s2";"2026-04-18 15:20:41.241";"2026-04-18 19:16:47.435";"1,40";"25";"2"
"2026-01-02 13:31:10.641";"a-pk-00000026";"rec-a-pk-00000026";"2026-06-30 23:59:59.000";"a";"ds-a0027";"NULL";"a-game-007";"a0027-s3";"2026-01-06 06:28:55.995";"2026-01-06 07:05:42.895";"1,09";"26";"0"
"2026-02-05 09:33:43.209";"a-pk-00000029";"rec-a-pk-00000029";"2026-06-30 23:59:59.000";"a";"ds-a0027";"NULL";"a-game-005";"a0027-s4";"2026-03-17 10:39:56.380";"2026-03-17 12:53:34.257";"0,94";"14";"5"
"2026-02-09 04:36:20.423";"b-pk-00000019";"rec-b-pk-00000019";"2026-06-30 23:59:59.000";"b";"ds-b0028";"NULL";"b-game-003";"b0028-s0";"2026-02-10 01:24:45.293";"2026-02-10 04:58:57.279";"1,77";"12";"4"
"2026-02-02 18:24:09.550";"b-pk-00000022";"rec-b-pk-00000022";"2026-06-30 23:59:59.000";"b";"ds-b0028";"NULL";"b-game-003";"b0028-s1";"2026-03-12 20:33:28.849";"2026-03-12 23:33:55.355";"1,29";"19";"3"
"2026-02-15 08:02:59.118";"b-pk-00000025";"rec-b-pk-00000025";"2026-06-30 23:59:59.000";"b";"ds-b0028";"NULL";"b-game-002";"b0028-s2";"2026-03-03 16:49:13.264";"2026-03-03 18:51:21.478";"1,17";"24";"9"
"2026-03-10 19:32:34.874";"c-pk-00000019";"rec-c-pk-00000019";"2026-06-30 23:59:59.000";"c";"ds-c0029";"NULL";"c-game-003";"c0029-s0";"2026-01-27 13:07:50.196";"2026-01-27 16:06:41.050";"0,75";"31";"3"
"2026-03-09 00:26:13.019";"c-pk-00000022";"rec-c-pk-00000022";"2026-06-30 23:59:59.000";"c";"ds-c0029";"NULL";"c-game-006";"c0029-s1";"2026-01-20 12:58:11.694";"2026-01-20 15:47:19.281";"0,53";"39";"10"
"2026-04-19 13:40:38.336";"c-pk-00000025";"rec-c-pk-00000025";"2026-06-30 23:59:59.000";"c";"ds-c0029";"NULL";"c-game-006";"c0029-s2";"2026-02-03 19:18:46.729";"2026-02-03 21:21:45.571";"0,03";"22";"5"
"2026-01-15 02:30:12.102";"a-pk-00000029";"rec-a-pk-00000029";"2026-06-30 23:59:59.000";"a";"ds-a0030";"NULL";"a-game-003";"a0030-s0";"2026-01-11 20:04:12.489";"2026-01-11 22:38:43.307";"1,14";"38";"6"
"2026-01-09 13:38:17.504";"a-pk-00000031";"rec-a-pk-00000031";"2026-06-30 23:59:59.000";"a";"ds-a0030";"NULL";"a-game-002";"a0030-s1";"2026-02-19 20:39:48.467";"2026-02-19 22:05:20.494";"1,03";"20";"4"
"2026-04-16 05:11:04.778";"a-pk-00000035";"rec-a-pk-00000035";"2026-06-30 23:59:59.000";"a";"ds-a0030";"NULL";"a-game-006";"a0030-s2";"2026-01-25 05:31:00.326";"2026-01-25 08:24:19.096";"1,85";"29";"5"
"2026-04-07 09:25:40.382";"b-pk-00000023";"rec-b-pk-00000023";"2026-06-30 23:59:59.000";"b";"ds-b0031";"NULL";"b-game-004";"b0031-s0";"2026-02-12 03:50:10.030";"2026-02-12 06:30:30.029";"1,57";"22";"0"
"2026-02-06 03:00:22.918";"b-pk-00000026";"rec-b-pk-00000026";"2026-06-30 23:59:59.000";"b";"ds-b0031";"NULL";"b-game-003";"b0031-s1";"2026-01-18 12:48:38.739";"2026-01-18 13:13:04.067";"0,22";"31";"7"
"2026-03-05 10:42:34.374";"b-pk-00000029";"rec-b-pk-00000029";"2026-06-30 23:59:59.000";"b";"ds-b0031";"NULL";"b-game-001";"b0031-s2";"2026-01-10 15:30:57.924";"2026-01-10 17:34:28.766";"1,66";"37";"3"
"2026-04-10 19:06:15.231";"b-pk-00000031";"rec-b-pk-00000031";"2026-06-30 23:59:59.000";"b";"ds-b0031";"NULL";"b-game-004";"b0031-s3";"2026-02-08 21:05:47.097";"2026-02-08 21:54:33.675";"0,60";"30";"10"
"2026-03-25 17:34:11.407";"c-pk-00000030";"rec-c-pk-00000030";"2026-06-30 23:59:59.000";"c";"ds-c0032";"NULL";"c-game-001";"c0032-s0";"2026-02-19 09:58:32.717";"2026-02-19 10:49:37.092";"1,42";"26";"4"
"2026-03-20 18:05:20.230";"c-pk-00000032";"rec-c-pk-00000032";"2026-06-30 23:59:59.000";"c";"ds-c0032";"NULL";"c-game-007";"c0032-s1";"2026-03-13 04:58:24.106";"2026-03-13 08:30:26.251";"1,10";"18";"0"
"2026-01-10 07:01:54.626";"c-pk-00000035";"rec-c-pk-00000035";"2026-06-30 23:59:59.000";"c";"ds-c0032";"NULL";"c-game-007";"c0032-s2";"2026-02-15 20:51:13.148";"2026-02-16 00:26:41.424";"1,11";"37";"3"
"2026-03-14 11:23:57.947";"c-pk-00000038";"rec-c-pk-00000038";"2026-06-30 23:59:59.000";"c";"ds-c0032";"NULL";"c-game-003";"c0032-s3";"2026-04-24 08:45:50.372";"2026-04-24 10:08:24.365";"0,15";"9";"5"
"2026-02-23 10:04:45.208";"a-pk-00000020";"rec-a-pk-00000020";"2026-06-30 23:59:59.000";"a";"ds-a0033";"NULL";"a-game-007";"a0033-s0";"2026-01-07 03:29:11.913";"2026-01-07 04:22:47.655";"1,23";"3";"6"
"2026-03-06 12:52:14.380";"a-pk-00000022";"rec-a-pk-00000022";"2026-06-30 23:59:59.000";"a";"ds-a0033";"NULL";"a-game-006";"a0033-s1";"2026-03-01 07:42:52.937";"2026-03-01 07:55:01.145";"1,20";"40";"10"
"2026-03-15 18:36:11.458";"b-pk-00000023";"rec-b-pk-00000023";"2026-06-30 23:59:59.000";"b";"ds-b0034";"NULL";"b-game-000";"b0034-s0";"2026-04-16 05:49:01.600";"2026-04-16 07:55:43.580";"0,69";"22";"1"
"2026-02-21 10:18:45.811";"b-pk-00000026";"rec-b-pk-00000026";"2026-06-30 23:59:59.000";"b";"ds-b0034";"NULL";"b-game-001";"b0034-s1";"2026-04-05 03:59:50.983";"2026-04-05 05:31:28.818";"0,99";"40";"9"
"2026-02-02 20:15:44.313";"b-pk-00000029";"rec-b-pk-00000029";"2026-06-30 23:59:59.000";"b";"ds-b0034";"NULL";"b-game-004";"b0034-s2";"2026-03-17 00:31:20.927";"2026-03-17 02:26:47.345";"0,08";"30";"10"
"2026-01-10 12:12:57.481";"b-pk-00000031";"rec-b-pk-00000031";"2026-06-30 23:59:59.000";"b";"ds-b0034";"NULL";"b-game-006";"b0034-s3";"2026-02-28 19:00:47.587";"2026-02-28 20:40:49.711";"1,34";"25";"5"
"2026-02-26 08:20:31.321";"c-pk-00000023";"rec-c-pk-00000023";"2026-06-30 23:59:59.000";"c";"ds-c0035";"NULL";"c-game-003";"c0035-s0";"2026-01-11 11:52:39.494";"2026-01-11 15:24:30.661";"0,38";"39";"9"
"2026-04-14 22:52:54.011";"c-pk-00000025";"rec-c-pk-00000025";"2026-06-30 23:59:59.000";"c";"ds-c0035";"NULL";"c-game-004";"c0035-s1";"2026-02-17 16:18:15.809";"2026-02-17 17:25:28.147";"0,59";"2";"10"
"2026-04-01 22:33:57.710";"a-pk-00000042";"rec-a-pk-00000042";"2026-06-30 23:59:59.000";"a";"ds-a0036";"NULL";"a-game-005";"a0036-s0";"2026-01-15 15:23:50.715";"2026-01-15 18:07:24.108";"0,84";"3";"4"
"2026-02-05 03:01:10.088";"a-pk-00000045";"rec-a-pk-00000045";"2026-06-30 23:59:59.000";"a";"ds-a0036";"NULL";"a-game-002";"a0036-s1";"2026-03-22 11:30:25.519";"2026-03-22 14:21:37.456";"1,32";"35";"5"
"2026-04-01 11:03:32.807";"a-pk-00000049";"rec-a-pk-00000049";"2026-06-30 23:59:59.000";"a";"ds-a0036";"NULL";"a-game-000";"a0036-s2";"2026-01-08 06:09:19.136";"2026-01-08 06:38:52.681";"0,53";"34";"0"
"2026-04-16 06:06:11.397";"a-pk-00000052";"rec-a-pk-00000052";"2026-06-30 23:59:59.000";"a";"ds-a0036";"NULL";"a-game-001";"a0036-s3";"2026-04-26 06:12:42.486";"2026-04-26 06:51:24.130";"1,72";"10";"1"
"2026-03-14 01:48:27.043";"a-pk-00000055";"rec-a-pk-00000055";"2026-06-30 23:59:59.000";"a";"ds-a0036";"NULL";"a-game-005";"a0036-s4";"2026-04-27 20:23:14.847";"2026-04-27 23:43:39.028";"0,39";"24";"6"
"2026-04-21 20:10:15.613";"a-pk-00000058";"rec-a-pk-00000058";"2026-06-30 23:59:59.000";"a";"ds-a0036";"NULL";"a-game-004";"a0036-s5";"2026-02-16 19:50:32.910";"2026-02-16 21:59:21.076";"0,87";"2";"6"
"2026-04-09 14:41:51.939";"a-pk-00000060";"rec-a-pk-00000060";"2026-06-30 23:59:59.000";"a";"ds-a0036";"NULL";"a-game-005";"a0036-s6";"2026-02-25 20:02:23.284";"2026-02-25 21:21:16.548";"1,21";"20";"7"
"2026-03-18 16:39:40.064";"a-pk-00000064";"rec-a-pk-00000064";"2026-06-30 23:59:59.000";"a";"ds-a0036";"NULL";"a-game-004";"a0036-s7";"2026-02-16 10:05:44.501";"2026-02-16 12:48:01.956";"0,54";"19";"9"
"2026-04-09 08:38:27.685";"a-pk-00000068";"rec-a-pk-00000068";"2026-06-30 23:59:59.000";"a";"ds-a0036";"NULL";"a-game-003";"a0036-s8";"2026-03-10 06:52:21.530";"2026-03-10 10:10:00.911";"1,57";"19";"3"
"2026-02-07 19:50:40.850";"a-pk-00000072";"rec-a-pk-00000072";"2026-06-30 23:59:59.000";"a";"ds-a0036";"NULL";"a-game-005";"a0036-s9";"2026-02-04 23:46:56.298";"2026-02-05 00:34:52.663";"1,62";"24";"3"
"2026-01-13 17:25:00.068";"a-pk-00000075";"rec-a-pk-00000075";"2026-06-30 23:59:59.000";"a";"ds-a0036";"NULL";"a-game-003";"a0036-s10";"2026-03-05 08:38:04.258";"2026-03-05 12:07:03.260";"1,86";"30";"8"
"2026-04-04 08:37:18.630";"b-pk-00000042";"rec-b-pk-00000042";"2026-06-30 23:59:59.000";"b";"ds-b0037";"NULL";"b-game-001";"b0037-s0";"2026-02-26 05:57:25.843";"2026-02-26 09:31:04.291";"0,28";"30";"9"
"2026-04-28 10:42:10.711";"b-pk-00000045";"rec-b-pk-00000045";"2026-06-30 23:59:59.000";"b";"ds-b0037";"NULL";"b-game-007";"b0037-s1";"2026-04-20 07:44:18.032";"2026-04-20 11:12:46.367";"1,90";"20";"4"
"2026-02-23 04:02:05.060";"b-pk-00000049";"rec-b-pk-00000049";"2026-06-30 23:59:59.000";"b";"ds-b0037";"NULL";"b-game-001";"b0037-s2";"2026-03-22 10:13:15.472";"2026-03-22 10:51:21.459";"0,25";"5";"4"
"2026-03-23 06:57:30.671";"b-pk-00000052";"rec-b-pk-00000052";"2026-06-30 23:59:59.000";"b";"ds-b0037";"NULL";"b-game-000";"b0037-s3";"2026-04-14 03:59:41.684";"2026-04-14 05:33:51.400";"0,38";"5";"0"
"2026-04-26 22:55:20.460";"b-pk-00000054";"rec-b-pk-00000054";"2026-06-30 23:59:59.000";"b";"ds-b0037";"NULL";"b-game-002";"b0037-s4";"2026-03-13 05:52:31.474";"2026-03-13 09:21:51.763";"1,93";"28";"10"
"2026-04-11 04:02:56.143";"b-pk-00000057";"rec-b-pk-00000057";"2026-06-30 23:59:59.000";"b";"ds-b0037";"NULL";"b-game-003";"b0037-s5";"2026-01-28 05:16:26.095";"2026-01-28 07:29:04.507";"1,91";"13";"2"
"2026-01-16 16:12:13.151";"b-pk-00000060";"rec-b-pk-00000060";"2026-06-30 23:59:59.000";"b";"ds-b0037";"NULL";"b-game-005";"b0037-s6";"2026-03-26 19:23:21.002";"2026-03-26 22:19:03.878";"1,47";"33";"4"
"2026-04-02 09:21:01.417";"b-pk-00000064";"rec-b-pk-00000064";"2026-06-30 23:59:59.000";"b";"ds-b0037";"NULL";"b-game-001";"b0037-s7";"2026-01-15 23:37:35.297";"2026-01-16 01:40:28.899";"0,83";"30";"9"
"2026-04-18 07:03:27.216";"c-pk-00000024";"rec-c-pk-00000024";"2026-06-30 23:59:59.000";"c";"ds-c0038";"NULL";"c-game-006";"c0038-s0";"2026-03-19 23:49:53.192";"2026-03-20 00:40:45.540";"0,59";"9";"6"
"2026-04-01 03:25:37.195";"c-pk-00000028";"rec-c-pk-00000028";"2026-06-30 23:59:59.000";"c";"ds-c0038";"NULL";"c-game-004";"c0038-s1";"2026-01-23 13:16:41.619";"2026-01-23 16:13:49.590";"0,37";"38";"1"
"2026-01-19 00:41:13.734";"c-pk-00000032";"rec-c-pk-00000032";"2026-06-30 23:59:59.000";"c";"ds-c0038";"NULL";"c-game-001";"c0038-s2";"2026-01-22 12:08:13.283";"2026-01-22 15:41:57.014";"0,83";"22";"3"
"2026-01-28 23:01:05.330";"a-pk-00000024";"rec-a-pk-00000024";"2026-06-30 23:59:59.000";"a";"ds-a0039";"NULL";"a-game-002";"a0039-s0";"2026-01-02 00:49:01.793";"2026-01-02 04:03:48.827";"1,27";"6";"1"
"2026-02-12 10:24:43.117";"a-pk-00000028";"rec-a-pk-00000028";"2026-06-30 23:59:59.000";"a";"ds-a0039";"NULL";"a-game-004";"a0039-s1";"2026-03-02 20:47:38.026";"2026-03-03 00:00:56.267";"0,32";"35";"2"
"2026-01-11 12:30:02.519";"a-pk-00000032";"rec-a-pk-00000032";"2026-06-30 23:59:59.000";"a";"ds-a0039";"NULL";"a-game-006";"a0039-s2";"2026-01-05 05:52:48.295";"2026-01-05 07:52:49.045";"1,20";"1";"10"
"2026-02-13 12:36:07.241";"a-pk-00000035";"rec-a-pk-00000035";"2026-06-30 23:59:59.000";"a";"ds-a0039";"NULL";"a-game-006";"a0039-s3";"2026-01-12 23:33:17.542";"2026-01-13 00:13:08.275";"1,02";"21";"5"
"2026-01-15 13:57:01.657";"b-pk-00000035";"rec-b-pk-00000035";"2026-06-30 23:59:59.000";"b";"ds-b0040";"NULL";"b-game-007";"b0040-s0";"2026-01-18 15:09:25.655";"2026-01-18 15:55:12.221";"0,62";"15";"8"
"2026-03-27 00:57:22.983";"b-pk-00000039";"rec-b-pk-00000039";"2026-06-30 23:59:59.000";"b";"ds-b0040";"NULL";"b-game-006";"b0040-s1";"2026-02-22 17:48:01.856";"2026-02-22 21:36:43.120";"1,96";"37";"9"
"2026-02-14 21:17:05.802";"b-pk-00000042";"rec-b-pk-00000042";"2026-06-30 23:59:59.000";"b";"ds-b0040";"NULL";"b-game-006";"b0040-s2";"2026-02-13 18:48:22.557";"2026-02-13 21:15:46.352";"0,81";"5";"3"
"2026-04-14 01:20:55.791";"c-pk-00000051";"rec-c-pk-00000051";"2026-06-30 23:59:59.000";"c";"ds-c0041";"NULL";"c-game-006";"c0041-s0";"2026-02-11 17:51:58.828";"2026-02-11 21:15:46.460";"1,08";"18";"4"
"2026-03-18 20:21:46.602";"c-pk-00000053";"rec-c-pk-00000053";"2026-06-30 23:59:59.000";"c";"ds-c0041";"NULL";"c-game-006";"c0041-s1";"2026-03-17 10:47:57.685";"2026-03-17 12:22:47.887";"0,63";"40";"4"
"2026-02-28 00:56:02.043";"c-pk-00000055";"rec-c-pk-00000055";"2026-06-30 23:59:59.000";"c";"ds-c0041";"NULL";"c-game-002";"c0041-s2";"2026-01-03 22:27:21.026";"2026-01-04 01:53:40.381";"1,28";"38";"10"
"2026-02-01 10:21:30.034";"c-pk-00000057";"rec-c-pk-00000057";"2026-06-30 23:59:59.000";"c";"ds-c0041";"NULL";"c-game-003";"c0041-s3";"2026-01-26 10:55:20.070";"2026-01-26 13:39:00.435";"1,11";"12";"10"
"2026-01-01 04:41:36.171";"a-pk-00000019";"rec-a-pk-00000019";"2026-06-30 23:59:59.000";"a";"ds-a0042";"NULL";"a-game-005";"a0042-s0";"2026-01-12 05:13:55.745";"2026-01-12 08:03:56.094";"0,61";"31";"4"
"2026-04-03 19:07:09.407";"a-pk-00000023";"rec-a-pk-00000023";"2026-06-30 23:59:59.000";"a";"ds-a0042";"NULL";"a-game-000";"a0042-s1";"2026-01-19 13:30:05.215";"2026-01-19 16:13:14.749";"0,30";"14";"2"
"2026-01-04 19:49:47.689";"a-pk-00000025";"rec-a-pk-00000025";"2026-06-30 23:59:59.000";"a";"ds-a0042";"NULL";"a-game-001";"a0042-s2";"2026-04-14 14:48:42.142";"2026-04-14 15:18:49.391";"0,81";"9";"2"
"2026-04-08 06:59:39.764";"a-pk-00000027";"rec-a-pk-00000027";"2026-06-30 23:59:59.000";"a";"ds-a0042";"NULL";"a-game-003";"a0042-s3";"2026-01-15 04:46:21.677";"2026-01-15 04:56:39.585";"0,38";"25";"5"
"2026-03-25 16:06:09.782";"a-pk-00000029";"rec-a-pk-00000029";"2026-06-30 23:59:59.000";"a";"ds-a0042";"NULL";"a-game-004";"a0042-s4";"2026-02-15 20:56:42.830";"2026-02-15 21:42:48.092";"0,57";"36";"10"
"2026-04-05 03:05:28.985";"b-pk-00000021";"rec-b-pk-00000021";"2026-06-30 23:59:59.000";"b";"ds-b0043";"NULL";"b-game-000";"b0043-s0";"2026-01-08 11:43:44.768";"2026-01-08 14:52:37.550";"1,01";"38";"4"
"2026-01-15 11:33:32.755";"b-pk-00000025";"rec-b-pk-00000025";"2026-06-30 23:59:59.000";"b";"ds-b0043";"NULL";"b-game-003";"b0043-s1";"2026-03-10 17:08:10.776";"2026-03-10 19:35:38.995";"1,01";"29";"0"
"2026-02-27 06:24:36.087";"b-pk-00000029";"rec-b-pk-00000029";"2026-06-30 23:59:59.000";"b";"ds-b0043";"NULL";"b-game-004";"b0043-s2";"2026-03-16 21:05:53.862";"2026-03-16 23:39:18.093";"1,53";"6";"2"
"2026-04-19 21:59:54.488";"b-pk-00000033";"rec-b-pk-00000033";"2026-06-30 23:59:59.000";"b";"ds-b0043";"NULL";"b-game-000";"b0043-s3";"2026-04-18 16:09:29.743";"2026-04-18 17:18:31.602";"0,71";"8";"4"
"2026-03-26 04:19:33.994";"c-pk-00000017";"rec-c-pk-00000017";"2026-06-30 23:59:59.000";"c";"ds-c0044";"NULL";"c-game-004";"c0044-s0";"2026-04-16 00:03:01.608";"2026-04-16 00:49:04.300";"1,84";"25";"10"
"2026-04-09 05:00:52.809";"c-pk-00000020";"rec-c-pk-00000020";"2026-06-30 23:59:59.000";"c";"ds-c0044";"NULL";"c-game-004";"c0044-s1";"2026-04-14 15:26:03.334";"2026-04-14 16:47:30.885";"0,73";"29";"5"
"2026-04-05 07:54:50.378";"c-pk-00000024";"rec-c-pk-00000024";"2026-06-30 23:59:59.000";"c";"ds-c0044";"NULL";"c-game-004";"c0044-s2";"2026-02-07 16:51:38.029";"2026-02-07 20:17:03.896";"0,76";"9";"10"
"2026-01-27 09:12:23.392";"a-pk-00000023";"rec-a-pk-00000023";"2026-06-30 23:59:59.000";"a";"ds-a0045";"NULL";"a-game-001";"a0045-s0";"2026-04-23 12:07:00.560";"2026-04-23 13:21:03.939";"1,45";"36";"4"
"2026-02-07 10:19:26.887";"a-pk-00000026";"rec-a-pk-00000026";"2026-06-30 23:59:59.000";"a";"ds-a0045";"NULL";"a-game-005";"a0045-s1";"2026-01-26 15:17:26.801";"2026-01-26 18:52:09.809";"0,20";"1";"3"
"2026-04-15 02:21:01.924";"a-pk-00000030";"rec-a-pk-00000030";"2026-06-30 23:59:59.000";"a";"ds-a0045";"NULL";"a-game-000";"a0045-s2";"2026-03-27 08:21:47.602";"2026-03-27 10:14:14.995";"1,79";"25";"6"
"2026-01-07 13:02:32.626";"b-pk-00000034";"rec-b-pk-00000034";"2026-06-30 23:59:59.000";"b";"ds-b0046";"NULL";"b-game-004";"b0046-s0";"2026-01-01 08:22:08.960";"2026-01-01 08:39:12.555";"0,60";"40";"1"
"2026-02-12 21:36:21.150";"b-pk-00000036";"rec-b-pk-00000036";"2026-06-30 23:59:59.000";"b";"ds-b0046";"NULL";"b-game-000";"b0046-s1";"2026-02-18 11:22:48.768";"2026-02-18 12:56:12.072";"0,07";"27";"7"
"2026-04-09 01:49:44.916";"b-pk-00000040";"rec-b-pk-00000040";"2026-06-30 23:59:59.000";"b";"ds-b0046";"NULL";"b-game-003";"b0046-s2";"2026-01-03 17:24:45.449";"2026-01-03 19:28:17.273";"1,39";"9";"3"
"2026-02-05 23:18:29.997";"c-pk-00000030";"rec-c-pk-00000030";"2026-06-30 23:59:59.000";"c";"ds-c0047";"NULL";"c-game-002";"c0047-s0";"2026-03-08 06:35:21.824";"2026-03-08 10:23:44.682";"0,12";"35";"3"
"2026-01-03 22:53:23.868";"c-pk-00000032";"rec-c-pk-00000032";"2026-06-30 23:59:59.000";"c";"ds-c0047";"NULL";"c-game-007";"c0047-s1";"2026-02-27 01:51:44.246";"2026-02-27 03:35:45.382";"1,96";"18";"5"
"2026-03-24 20:21:12.369";"c-pk-00000035";"rec-c-pk-00000035";"2026-06-30 23:59:59.000";"c";"ds-c0047";"NULL";"c-game-003";"c0047-s2";"2026-03-16 10:50:29.411";"2026-03-16 12:42:52.577";"0,94";"18";"6"
"2026-02-01 07:01:14.202";"a-pk-00000064";"rec-a-pk-00000064";"2026-06-30 23:59:59.000";"a";"ds-a0048";"NULL";"a-game-004";"a0048-s0";"2026-02-11 12:36:06.220";"2026-02-11 14:21:35.451";"0,14";"8";"10"
"2026-03-25 10:15:57.766";"a-pk-00000067";"rec-a-pk-00000067";"2026-06-30 23:59:59.000";"a";"ds-a0048";"NULL";"a-game-000";"a0048-s1";"2026-04-28 13:09:49.489";"2026-04-28 13:55:06.657";"0,74";"4";"1"
"2026-02-09 22:58:50.134";"a-pk-00000069";"rec-a-pk-00000069";"2026-06-30 23:59:59.000";"a";"ds-a0048";"NULL";"a-game-000";"a0048-s2";"2026-03-27 15:10:15.029";"2026-03-27 15:43:49.303";"0,92";"38";"0"
"2026-03-02 14:52:56.739";"a-pk-00000071";"rec-a-pk-00000071";"2026-06-30 23:59:59.000";"a";"ds-a0048";"NULL";"a-game-006";"a0048-s3";"2026-02-22 04:18:03.902";"2026-02-22 08:13:56.265";"1,32";"35";"7"
"2026-04-06 14:48:27.955";"b-pk-00000032";"rec-b-pk-00000032";"2026-06-30 23:59:59.000";"b";"ds-b0049";"NULL";"b-game-003";"b0049-s0";"2026-01-02 14:25:34.714";"2026-01-02 18:05:48.181";"1,69";"14";"8"
"2026-01-21 17:58:51.768";"b-pk-00000036";"rec-b-pk-00000036";"2026-06-30 23:59:59.000";"b";"ds-b0049";"NULL";"b-game-006";"b0049-s1";"2026-04-14 23:05:32.344";"2026-04-14 23:51:57.465";"0,21";"28";"8"
"2026-02-21 09:24:17.753";"c-pk-00000041";"rec-c-pk-00000041";"2026-06-30 23:59:59.000";"c";"ds-c0050";"NULL";"c-game-004";"c0050-s0";"2026-04-22 16:18:57.294";"2026-04-22 18:58:45.961";"1,80";"40";"7"
"2026-02-17 23:07:53.606";"c-pk-00000045";"rec-c-pk-00000045";"2026-06-30 23:59:59.000";"c";"ds-c0050";"NULL";"c-game-000";"c0050-s1";"2026-04-11 20:45:36.356";"2026-04-11 21:31:45.073";"0,88";"38";"7"
"2026-03-25 07:25:57.821";"a-pk-00000030";"rec-a-pk-00000030";"2026-06-30 23:59:59.000";"a";"ds-a0051";"NULL";"a-game-006";"a0051-s0";"2026-02-02 04:49:02.032";"2026-02-02 07:54:10.071";"1,14";"13";"6"
"2026-01-01 14:13:39.472";"a-pk-00000034";"rec-a-pk-00000034";"2026-06-30 23:59:59.000";"a";"ds-a0051";"NULL";"a-game-001";"a0051-s1";"2026-01-04 15:15:08.341";"2026-01-04 16:04:56.797";"0,07";"29";"2"
"2026-04-14 07:54:40.307";"b-pk-00000031";"rec-b-pk-00000031";"2026-06-30 23:59:59.000";"b";"ds-b0052";"NULL";"b-game-006";"b0052-s0";"2026-01-10 20:11:57.147";"2026-01-10 23:43:58.109";"1,24";"22";"3"
"2026-03-08 11:35:26.085";"b-pk-00000033";"rec-b-pk-00000033";"2026-06-30 23:59:59.000";"b";"ds-b0052";"NULL";"b-game-007";"b0052-s1";"2026-02-24 09:31:54.152";"2026-02-24 11:17:28.173";"0,33";"21";"1"
"2026-04-12 22:50:25.975";"b-pk-00000037";"rec-b-pk-00000037";"2026-06-30 23:59:59.000";"b";"ds-b0052";"NULL";"b-game-002";"b0052-s2";"2026-01-17 12:54:26.720";"2026-01-17 16:34:34.282";"1,97";"40";"7"
"2026-01-22 05:37:03.654";"b-pk-00000040";"rec-b-pk-00000040";"2026-06-30 23:59:59.000";"b";"ds-b0052";"NULL";"b-game-003";"b0052-s3";"2026-03-26 19:18:30.478";"2026-03-26 20:51:30.037";"0,83";"7";"8"
"2026-01-10 23:26:56.756";"b-pk-00000043";"rec-b-pk-00000043";"2026-06-30 23:59:59.000";"b";"ds-b0052";"NULL";"b-game-006";"b0052-s4";"2026-02-11 08:51:13.314";"2026-02-11 11:12:22.970";"0,22";"6";"5"
"2026-02-08 23:24:01.157";"c-pk-00000026";"rec-c-pk-00000026";"2026-06-30 23:59:59.000";"c";"ds-c0053";"NULL";"c-game-004";"c0053-s0";"2026-01-25 21:51:38.472";"2026-01-26 01:13:56.445";"1,52";"24";"4"
"2026-01-27 16:29:07.370";"c-pk-00000029";"rec-c-pk-00000029";"2026-06-30 23:59:59.000";"c";"ds-c0053";"NULL";"c-game-006";"c0053-s1";"2026-01-15 03:01:29.208";"2026-01-15 06:28:45.772";"1,30";"35";"10"
"2026-02-05 02:32:34.241";"a-pk-00000038";"rec-a-pk-00000038";"2026-06-30 23:59:59.000";"a";"ds-a0054";"NULL";"a-game-004";"a0054-s0";"2026-02-12 22:47:16.880";"2026-02-13 01:29:07.691";"0,64";"35";"1"
"2026-02-07 07:48:10.603";"a-pk-00000042";"rec-a-pk-00000042";"2026-06-30 23:59:59.000";"a";"ds-a0054";"NULL";"a-game-006";"a0054-s1";"2026-01-14 15:40:24.849";"2026-01-14 17:11:30.366";"1,75";"4";"2"
"2026-04-02 10:57:02.233";"b-pk-00000027";"rec-b-pk-00000027";"2026-06-30 23:59:59.000";"b";"ds-b0055";"NULL";"b-game-003";"b0055-s0";"2026-04-01 09:15:23.421";"2026-04-01 11:09:40.936";"0,85";"33";"3"
"2026-04-23 03:35:59.138";"b-pk-00000029";"rec-b-pk-00000029";"2026-06-30 23:59:59.000";"b";"ds-b0055";"NULL";"b-game-002";"b0055-s1";"2026-04-22 06:01:52.414";"2026-04-22 09:11:03.430";"0,82";"31";"9"
"2026-01-13 15:48:13.586";"b-pk-00000033";"rec-b-pk-00000033";"2026-06-30 23:59:59.000";"b";"ds-b0055";"NULL";"b-game-006";"b0055-s2";"2026-04-11 06:32:48.337";"2026-04-11 07:26:07.696";"1,63";"33";"9"
"2026-03-19 04:08:53.120";"b-pk-00000037";"rec-b-pk-00000037";"2026-06-30 23:59:59.000";"b";"ds-b0055";"NULL";"b-game-007";"b0055-s3";"2026-03-28 00:54:42.652";"2026-03-28 01:10:58.663";"1,71";"28";"1"
"2026-02-09 16:11:03.535";"c-pk-00000026";"rec-c-pk-00000026";"2026-06-30 23:59:59.000";"c";"ds-c0056";"NULL";"c-game-004";"c0056-s0";"2026-02-12 13:00:19.124";"2026-02-12 16:50:57.832";"0,49";"21";"3"
"2026-03-02 20:42:44.477";"c-pk-00000030";"rec-c-pk-00000030";"2026-06-30 23:59:59.000";"c";"ds-c0056";"NULL";"c-game-006";"c0056-s1";"2026-01-01 00:57:04.296";"2026-01-01 01:35:57.631";"1,45";"5";"4"
"2026-04-11 04:57:40.863";"c-pk-00000034";"rec-c-pk-00000034";"2026-06-30 23:59:59.000";"c";"ds-c0056";"NULL";"c-game-007";"c0056-s2";"2026-01-07 09:07:01.209";"2026-01-07 09:41:03.605";"1,23";"28";"10"
"2026-02-02 16:11:14.344";"c-pk-00000037";"rec-c-pk-00000037";"2026-06-30 23:59:59.000";"c";"ds-c0056";"NULL";"c-game-003";"c0056-s3";"2026-02-10 00:21:39.992";"2026-02-10 00:30:15.954";"0,97";"28";"6"
"2026-01-19 20:52:11.992";"a-pk-00000029";"rec-a-pk-00000029";"2026-06-30 23:59:59.000";"a";"ds-a0057";"NULL";"a-game-006";"a0057-s0";"2026-04-23 19:23:14.878";"2026-04-23 19:34:17.638";"1,43";"28";"0"
"2026-03-21 18:08:02.326";"a-pk-00000031";"rec-a-pk-00000031";"2026-06-30 23:59:59.000";"a";"ds-a0057";"NULL";"a-game-004";"a0057-s1";"2026-04-10 21:20:16.830";"2026-04-11 00:32:51.985";"1,21";"19";"5"
"2026-04-12 20:22:33.216";"a-pk-00000033";"rec-a-pk-00000033";"2026-06-30 23:59:59.000";"a";"ds-a0057";"NULL";"a-game-004";"a0057-s2";"2026-01-21 17:07:45.561";"2026-01-21 20:55:38.865";"0,57";"22";"6"
"2026-01-11 22:26:24.012";"a-pk-00000036";"rec-a-pk-00000036";"2026-06-30 23:59:59.000";"a";"ds-a0057";"NULL";"a-game-003";"a0057-s3";"2026-03-05 03:31:39.506";"2026-03-05 07:00:05.105";"1,62";"9";"4"
"2026-02-21 02:33:30.632";"b-pk-00000067";"rec-b-pk-00000067";"2026-06-30 23:59:59.000";"b";"ds-b0058";"NULL";"b-game-003";"b0058-s0";"2026-03-15 21:57:02.366";"2026-03-16 00:10:19.727";"1,64";"17";"0"
"2026-01-21 22:06:48.156";"b-pk-00000070";"rec-b-pk-00000070";"2026-06-30 23:59:59.000";"b";"ds-b0058";"NULL";"b-game-003";"b0058-s1";"2026-01-10 02:19:56.494";"2026-01-10 05:06:46.330";"1,70";"13";"6"
"2026-04-20 14:34:03.894";"b-pk-00000074";"rec-b-pk-00000074";"2026-06-30 23:59:59.000";"b";"ds-b0058";"NULL";"b-game-002";"b0058-s2";"2026-01-24 01:37:40.448";"2026-01-24 02:38:20.996";"0,61";"18";"5"
"2026-04-10 00:04:27.223";"b-pk-00000077";"rec-b-pk-00000077";"2026-06-30 23:59:59.000";"b";"ds-b0058";"NULL";"b-game-002";"b0058-s3";"2026-03-01 07:52:49.433";"2026-03-01 10:30:09.491";"0,44";"32";"8"
"2026-04-08 03:32:25.984";"b-pk-00000081";"rec-b-pk-00000081";"2026-06-30 23:59:59.000";"b";"ds-b0058";"NULL";"b-game-003";"b0058-s4";"2026-02-20 22:42:09.678";"2026-02-21 01:44:11.139";"1,13";"6";"5"
"2026-03-03 17:22:40.756";"b-pk-00000085";"rec-b-pk-00000085";"2026-06-30 23:59:59.000";"b";"ds-b0058";"NULL";"b-game-004";"b0058-s5";"2026-02-06 09:05:24.875";"2026-02-06 11:23:39.597";"0,87";"25";"0"
"2026-01-12 23:40:36.365";"b-pk-00000088";"rec-b-pk-00000088";"2026-06-30 23:59:59.000";"b";"ds-b0058";"NULL";"b-game-004";"b0058-s6";"2026-04-23 08:24:11.744";"2026-04-23 11:11:16.943";"1,25";"18";"9"
"2026-01-17 21:06:25.578";"b-pk-00000090";"rec-b-pk-00000090";"2026-06-30 23:59:59.000";"b";"ds-b0058";"NULL";"b-game-001";"b0058-s7";"2026-01-11 00:10:57.169";"2026-01-11 02:57:50.965";"0,57";"7";"3"
"2026-02-23 15:51:28.294";"b-pk-00000093";"rec-b-pk-00000093";"2026-06-30 23:59:59.000";"b";"ds-b0058";"NULL";"b-game-000";"b0058-s8";"2026-01-23 18:16:52.575";"2026-01-23 21:26:00.605";"1,62";"9";"8"
"2026-03-24 00:36:46.661";"b-pk-00000096";"rec-b-pk-00000096";"2026-06-30 23:59:59.000";"b";"ds-b0058";"NULL";"b-game-006";"b0058-s9";"2026-01-26 04:27:54.649";"2026-01-26 07:30:46.191";"0,23";"13";"6"
"2026-03-24 12:58:15.284";"b-pk-00000099";"rec-b-pk-00000099";"2026-06-30 23:59:59.000";"b";"ds-b0058";"NULL";"b-game-002";"b0058-s10";"2026-04-14 13:04:00.142";"2026-04-14 16:32:58.032";"0,27";"9";"2"
"2026-04-24 09:57:04.002";"c-pk-00000056";"rec-c-pk-00000056";"2026-06-30 23:59:59.000";"c";"ds-c0059";"NULL";"c-game-002";"c0059-s0";"2026-03-11 05:20:11.775";"2026-03-11 08:03:34.289";"0,97";"5";"7"
"2026-02-02 00:23:06.605";"c-pk-00000060";"rec-c-pk-00000060";"2026-06-30 23:59:59.000";"c";"ds-c0059";"NULL";"c-game-005";"c0059-s1";"2026-03-14 12:38:18.518";"2026-03-14 14:29:46.356";"1,88";"26";"3"
"2026-02-13 12:08:48.669";"c-pk-00000063";"rec-c-pk-00000063";"2026-06-30 23:59:59.000";"c";"ds-c0059";"NULL";"c-game-005";"c0059-s2";"2026-02-15 20:46:05.466";"2026-02-15 22:30:28.026";"0,52";"1";"7"
"2026-02-01 12:32:41.978";"c-pk-00000065";"rec-c-pk-00000065";"2026-06-30 23:59:59.000";"c";"ds-c0059";"NULL";"c-game-006";"c0059-s3";"2026-03-28 20:58:17.113";"2026-03-29 00:39:28.266";"0,08";"33";"7"
"2026-03-20 07:31:38.498";"a-pk-00000025";"rec-a-pk-00000025";"2026-06-30 23:59:59.000";"a";"ds-a0060";"NULL";"a-game-001";"a0060-s0";"2026-01-19 07:41:15.216";"2026-01-19 10:16:18.002";"0,12";"2";"2"
"2026-04-03 16:47:23.362";"a-pk-00000029";"rec-a-pk-00000029";"2026-06-30 23:59:59.000";"a";"ds-a0060";"NULL";"a-game-004";"a0060-s1";"2026-03-13 22:45:43.287";"2026-03-13 22:47:29.460";"1,16";"40";"2"
"2026-01-13 20:40:29.476";"a-pk-00000031";"rec-a-pk-00000031";"2026-06-30 23:59:59.000";"a";"ds-a0060";"NULL";"a-game-001";"a0060-s2";"2026-03-24 06:08:47.239";"2026-03-24 07:22:08.385";"0,58";"19";"3"
"2026-01-03 21:28:31.438";"a-pk-00000034";"rec-a-pk-00000034";"2026-06-30 23:59:59.000";"a";"ds-a0060";"NULL";"a-game-006";"a0060-s3";"2026-03-07 21:39:44.934";"2026-03-08 00:43:11.348";"0,12";"12";"10"
"2026-03-16 17:03:26.678";"a-pk-00000037";"rec-a-pk-00000037";"2026-06-30 23:59:59.000";"a";"ds-a0060";"NULL";"a-game-001";"a0060-s4";"2026-01-26 18:10:35.088";"2026-01-26 21:36:21.639";"0,12";"9";"3"
"2026-01-12 16:59:24.434";"b-pk-00000028";"rec-b-pk-00000028";"2026-06-30 23:59:59.000";"b";"ds-b0061";"NULL";"b-game-006";"b0061-s0";"2026-02-16 22:06:27.095";"2026-02-16 22:35:32.582";"1,14";"25";"7"
"2026-01-24 10:55:01.340";"b-pk-00000031";"rec-b-pk-00000031";"2026-06-30 23:59:59.000";"b";"ds-b0061";"NULL";"b-game-003";"b0061-s1";"2026-02-06 13:04:30.890";"2026-02-06 14:40:42.261";"0,71";"35";"1"
"2026-02-10 05:24:25.675";"b-pk-00000035";"rec-b-pk-00000035";"2026-06-30 23:59:59.000";"b";"ds-b0061";"NULL";"b-game-002";"b0061-s2";"2026-03-08 07:37:41.607";"2026-03-08 08:03:10.927";"1,55";"31";"5"
"2026-01-27 06:00:09.807";"b-pk-00000039";"rec-b-pk-00000039";"2026-06-30 23:59:59.000";"b";"ds-b0061";"NULL";"b-game-005";"b0061-s3";"2026-04-18 15:38:55.213";"2026-04-18 16:32:05.922";"1,65";"12";"7"
"2026-01-06 10:08:55.530";"b-pk-00000042";"rec-b-pk-00000042";"2026-06-30 23:59:59.000";"b";"ds-b0061";"NULL";"b-game-005";"b0061-s4";"2026-03-11 02:40:23.830";"2026-03-11 03:57:50.109";"1,94";"1";"8"
"2026-04-12 07:30:50.752";"c-pk-00000043";"rec-c-pk-00000043";"2026-06-30 23:59:59.000";"c";"ds-c0062";"NULL";"c-game-004";"c0062-s0";"2026-04-05 08:44:51.587";"2026-04-05 08:52:35.828";"0,65";"6";"10"
"2026-04-18 15:50:13.370";"c-pk-00000046";"rec-c-pk-00000046";"2026-06-30 23:59:59.000";"c";"ds-c0062";"NULL";"c-game-004";"c0062-s1";"2026-04-22 15:16:03.737";"2026-04-22 16:21:26.224";"0,51";"5";"4"
"2026-03-17 06:50:18.575";"c-pk-00000049";"rec-c-pk-00000049";"2026-06-30 23:59:59.000";"c";"ds-c0062";"NULL";"c-game-003";"c0062-s2";"2026-04-12 16:12:42.765";"2026-04-12 19:03:41.361";"1,31";"28";"10"
"2026-03-08 04:01:55.678";"c-pk-00000051";"rec-c-pk-00000051";"2026-06-30 23:59:59.000";"c";"ds-c0062";"NULL";"c-game-007";"c0062-s3";"2026-04-07 13:25:53.306";"2026-04-07 15:28:16.537";"0,94";"33";"9"
"2026-04-20 22:21:55.548";"c-pk-00000054";"rec-c-pk-00000054";"2026-06-30 23:59:59.000";"c";"ds-c0062";"NULL";"c-game-000";"c0062-s4";"2026-02-22 20:16:19.249";"2026-02-22 21:48:20.781";"1,45";"20";"5"
"2026-01-02 14:12:17.176";"c-pk-00000056";"rec-c-pk-00000056";"2026-06-30 23:59:59.000";"c";"ds-c0062";"NULL";"c-game-003";"c0062-s5";"2026-02-18 08:25:29.169";"2026-02-18 10:51:31.713";"0,93";"15";"7"
"2026-01-08 17:59:01.064";"c-pk-00000058";"rec-c-pk-00000058";"2026-06-30 23:59:59.000";"c";"ds-c0062";"NULL";"c-game-006";"c0062-s6";"2026-03-21 11:42:40.992";"2026-03-21 12:19:01.572";"1,99";"8";"5"
"2026-01-10 06:21:14.905";"c-pk-00000060";"rec-c-pk-00000060";"2026-06-30 23:59:59.000";"c";"ds-c0062";"NULL";"c-game-001";"c0062-s7";"2026-01-10 10:01:42.189";"2026-01-10 10:38:40.475";"1,19";"15";"3"
"2026-01-05 07:42:22.589";"c-pk-00000063";"rec-c-pk-00000063";"2026-06-30 23:59:59.000";"c";"ds-c0062";"NULL";"c-game-000";"c0062-s8";"2026-01-26 23:46:57.102";"2026-01-27 00:58:52.170";"0,80";"12";"7"
"2026-01-17 11:31:14.541";"c-pk-00000066";"rec-c-pk-00000066";"2026-06-30 23:59:59.000";"c";"ds-c0062";"NULL";"c-game-003";"c0062-s9";"2026-02-26 21:22:07.708";"2026-02-26 23:44:52.693";"0,70";"19";"5"
"2026-01-19 07:20:06.080";"c-pk-00000068";"rec-c-pk-00000068";"2026-06-30 23:59:59.000";"c";"ds-c0062";"NULL";"c-game-007";"c0062-s10";"2026-04-02 19:52:58.640";"2026-04-02 22:44:55.945";"0,61";"23";"5"
"2026-04-15 23:43:51.119";"a-pk-00000026";"rec-a-pk-00000026";"2026-06-30 23:59:59.000";"a";"ds-a0063";"NULL";"a-game-006";"a0063-s0";"2026-02-15 13:31:05.241";"2026-02-15 16:44:14.866";"0,85";"38";"5"
"2026-01-12 11:31:13.469";"a-pk-00000029";"rec-a-pk-00000029";"2026-06-30 23:59:59.000";"a";"ds-a0063";"NULL";"a-game-001";"a0063-s1";"2026-04-25 14:34:14.962";"2026-04-25 15:25:48.866";"1,70";"31";"4"
"2026-03-22 12:04:19.304";"a-pk-00000031";"rec-a-pk-00000031";"2026-06-30 23:59:59.000";"a";"ds-a0063";"NULL";"a-game-006";"a0063-s2";"2026-02-22 20:59:45.779";"2026-02-23 00:47:09.180";"0,99";"14";"3"
"2026-02-25 01:38:15.008";"b-pk-00000018";"rec-b-pk-00000018";"2026-06-30 23:59:59.000";"b";"ds-b0064";"NULL";"b-game-007";"b0064-s0";"2026-03-11 07:06:20.398";"2026-03-11 09:40:45.533";"1,32";"22";"9"
"2026-03-24 01:35:47.625";"b-pk-00000020";"rec-b-pk-00000020";"2026-06-30 23:59:59.000";"b";"ds-b0064";"NULL";"b-game-002";"b0064-s1";"2026-03-12 18:34:29.138";"2026-03-12 21:34:35.471";"0,97";"13";"5"
"2026-04-15 00:30:44.139";"b-pk-00000024";"rec-b-pk-00000024";"2026-06-30 23:59:59.000";"b";"ds-b0064";"NULL";"b-game-001";"b0064-s2";"2026-02-07 19:30:12.956";"2026-02-07 21:33:54.231";"1,41";"1";"2"
"2026-02-26 01:26:43.934";"b-pk-00000027";"rec-b-pk-00000027";"2026-06-30 23:59:59.000";"b";"ds-b0064";"NULL";"b-game-003";"b0064-s3";"2026-03-04 22:39:33.900";"2026-03-04 23:28:19.240";"0,87";"20";"0"
"2026-03-05 21:42:01.161";"b-pk-00000029";"rec-b-pk-00000029";"2026-06-30 23:59:59.000";"b";"ds-b0064";"NULL";"b-game-004";"b0064-s4";"2026-03-10 08:10:18.779";"2026-03-10 09:14:09.856";"1,51";"1";"9"
"2026-04-14 22:36:50.971";"c-pk-00000019";"rec-c-pk-00000019";"2026-06-30 23:59:59.000";"c";"ds-c0065";"NULL";"c-game-003";"c0065-s0";"2026-03-11 00:41:21.800";"2026-03-11 02:46:42.318";"0,09";"17";"2"
"2026-01-28 04:21:03.882";"c-pk-00000023";"rec-c-pk-00000023";"2026-06-30 23:59:59.000";"c";"ds-c0065";"NULL";"c-game-003";"c0065-s1";"2026-03-26 14:07:19.981";"2026-03-26 16:25:39.892";"1,41";"32";"6"
"2026-02-25 23:26:55.572";"c-pk-00000027";"rec-c-pk-00000027";"2026-06-30 23:59:59.000";"c";"ds-c0065";"NULL";"c-game-000";"c0065-s2";"2026-04-25 07:33:41.294";"2026-04-25 10:26:05.200";"0,65";"23";"3"
"2026-04-27 19:36:49.390";"a-pk-00000036";"rec-a-pk-00000036";"2026-06-30 23:59:59.000";"a";"ds-a0066";"NULL";"a-game-002";"a0066-s0";"2026-04-12 20:25:10.665";"2026-04-12 20:33:43.198";"1,26";"32";"9"
"2026-04-02 22:12:10.149";"a-pk-00000040";"rec-a-pk-00000040";"2026-06-30 23:59:59.000";"a";"ds-a0066";"NULL";"a-game-000";"a0066-s1";"2026-03-16 04:48:08.564";"2026-03-16 05:00:49.676";"0,93";"18";"8"
"2026-03-03 09:21:11.922";"a-pk-00000043";"rec-a-pk-00000043";"2026-06-30 23:59:59.000";"a";"ds-a0066";"NULL";"a-game-000";"a0066-s2";"2026-02-18 14:07:09.624";"2026-02-18 15:32:52.524";"1,77";"2";"2"
"2026-03-28 09:56:30.269";"a-pk-00000047";"rec-a-pk-00000047";"2026-06-30 23:59:59.000";"a";"ds-a0066";"NULL";"a-game-007";"a0066-s3";"2026-02-26 05:16:00.428";"2026-02-26 08:42:25.709";"1,96";"22";"0"
"2026-04-28 08:59:47.844";"b-pk-00000020";"rec-b-pk-00000020";"2026-06-30 23:59:59.000";"b";"ds-b0067";"NULL";"b-game-006";"b0067-s0";"2026-02-13 01:39:56.447";"2026-02-13 04:23:40.141";"0,99";"4";"10"
"2026-02-23 16:52:22.418";"b-pk-00000023";"rec-b-pk-00000023";"2026-06-30 23:59:59.000";"b";"ds-b0067";"NULL";"b-game-007";"b0067-s1";"2026-03-20 18:04:06.613";"2026-03-20 21:14:46.947";"1,37";"33";"5"
"2026-03-04 17:29:48.852";"c-pk-00000053";"rec-c-pk-00000053";"2026-06-30 23:59:59.000";"c";"ds-c0068";"NULL";"c-game-006";"c0068-s0";"2026-03-07 07:28:24.572";"2026-03-07 09:26:53.886";"1,33";"4";"0"
"2026-01-21 15:48:15.045";"c-pk-00000056";"rec-c-pk-00000056";"2026-06-30 23:59:59.000";"c";"ds-c0068";"NULL";"c-game-003";"c0068-s1";"2026-04-22 20:42:53.238";"2026-04-22 21:41:04.270";"1,16";"27";"7"
"2026-01-19 09:44:55.449";"c-pk-00000059";"rec-c-pk-00000059";"2026-06-30 23:59:59.000";"c";"ds-c0068";"NULL";"c-game-003";"c0068-s2";"2026-03-04 00:19:34.287";"2026-03-04 03:55:41.554";"0,19";"23";"6"
"2026-03-27 18:45:56.306";"c-pk-00000061";"rec-c-pk-00000061";"2026-06-30 23:59:59.000";"c";"ds-c0068";"NULL";"c-game-007";"c0068-s3";"2026-03-06 15:03:29.608";"2026-03-06 16:50:22.120";"0,21";"4";"7"
"2026-04-05 05:24:43.590";"c-pk-00000065";"rec-c-pk-00000065";"2026-06-30 23:59:59.000";"c";"ds-c0068";"NULL";"c-game-003";"c0068-s4";"2026-03-14 10:29:09.524";"2026-03-14 11:45:41.345";"0,54";"2";"3"
"2026-02-28 20:45:55.417";"c-pk-00000069";"rec-c-pk-00000069";"2026-06-30 23:59:59.000";"c";"ds-c0068";"NULL";"c-game-001";"c0068-s5";"2026-04-01 13:24:46.604";"2026-04-01 14:21:19.135";"1,86";"36";"7"
"2026-04-02 20:13:36.578";"c-pk-00000071";"rec-c-pk-00000071";"2026-06-30 23:59:59.000";"c";"ds-c0068";"NULL";"c-game-006";"c0068-s6";"2026-04-15 14:28:38.383";"2026-04-15 15:06:02.228";"0,99";"38";"2"
"2026-04-06 05:42:50.033";"c-pk-00000075";"rec-c-pk-00000075";"2026-06-30 23:59:59.000";"c";"ds-c0068";"NULL";"c-game-006";"c0068-s7";"2026-04-25 07:22:07.133";"2026-04-25 09:42:04.668";"1,83";"19";"3"
"2026-02-09 08:24:01.806";"c-pk-00000077";"rec-c-pk-00000077";"2026-06-30 23:59:59.000";"c";"ds-c0068";"NULL";"c-game-006";"c0068-s8";"2026-02-02 04:13:39.603";"2026-02-02 07:43:24.910";"0,06";"25";"9"
"2026-04-11 04:38:19.092";"c-pk-00000080";"rec-c-pk-00000080";"2026-06-30 23:59:59.000";"c";"ds-c0068";"NULL";"c-game-002";"c0068-s9";"2026-03-21 04:12:21.448";"2026-03-21 06:22:42.248";"0,96";"4";"0"
"2026-03-08 03:07:37.646";"c-pk-00000083";"rec-c-pk-00000083";"2026-06-30 23:59:59.000";"c";"ds-c0068";"NULL";"c-game-000";"c0068-s10";"2026-03-10 17:30:49.969";"2026-03-10 18:36:59.370";"0,70";"20";"2"
"2026-03-08 16:51:52.036";"a-pk-00000041";"rec-a-pk-00000041";"2026-06-30 23:59:59.000";"a";"ds-a0069";"NULL";"a-game-007";"a0069-s0";"2026-02-12 11:54:05.134";"2026-02-12 15:12:38.077";"1,17";"16";"5"
"2026-03-25 02:39:45.895";"a-pk-00000043";"rec-a-pk-00000043";"2026-06-30 23:59:59.000";"a";"ds-a0069";"NULL";"a-game-007";"a0069-s1";"2026-02-24 22:19:39.984";"2026-02-24 22:49:00.708";"0,99";"21";"5"
"2026-03-14 07:01:53.802";"a-pk-00000046";"rec-a-pk-00000046";"2026-06-30 23:59:59.000";"a";"ds-a0069";"NULL";"a-game-006";"a0069-s2";"2026-02-06 16:40:41.134";"2026-02-06 17:12:28.420";"0,27";"5";"10"
"2026-04-14 02:20:02.296";"a-pk-00000050";"rec-a-pk-00000050";"2026-06-30 23:59:59.000";"a";"ds-a0069";"NULL";"a-game-002";"a0069-s3";"2026-03-05 00:55:49.000";"2026-03-05 01:11:09.621";"1,12";"25";"8"
"2026-04-01 16:02:47.783";"a-pk-00000053";"rec-a-pk-00000053";"2026-06-30 23:59:59.000";"a";"ds-a0069";"NULL";"a-game-000";"a0069-s4";"2026-01-10 06:43:13.709";"2026-01-10 07:11:15.080";"1,83";"27";"1"
"2026-01-18 19:13:02.287";"a-pk-00000055";"rec-a-pk-00000055";"2026-06-30 23:59:59.000";"a";"ds-a0069";"NULL";"a-game-006";"a0069-s5";"2026-02-16 16:33:32.570";"2026-02-16 19:22:39.395";"1,88";"36";"8"
"2026-04-20 01:22:40.036";"a-pk-00000057";"rec-a-pk-00000057";"2026-06-30 23:59:59.000";"a";"ds-a0069";"NULL";"a-game-006";"a0069-s6";"2026-03-03 16:52:43.361";"2026-03-03 18:19:08.776";"1,11";"11";"6"
"2026-01-22 21:55:18.458";"a-pk-00000060";"rec-a-pk-00000060";"2026-06-30 23:59:59.000";"a";"ds-a0069";"NULL";"a-game-002";"a0069-s7";"2026-02-23 15:10:52.001";"2026-02-23 17:53:04.469";"0,42";"27";"4"
"2026-04-17 19:37:40.583";"a-pk-00000062";"rec-a-pk-00000062";"2026-06-30 23:59:59.000";"a";"ds-a0069";"NULL";"a-game-005";"a0069-s8";"2026-01-18 07:03:49.409";"2026-01-18 07:31:30.261";"0,69";"19";"9"
"2026-04-15 11:04:55.574";"a-pk-00000066";"rec-a-pk-00000066";"2026-06-30 23:59:59.000";"a";"ds-a0069";"NULL";"a-game-005";"a0069-s9";"2026-01-14 12:33:32.740";"2026-01-14 15:50:03.914";"0,20";"28";"4"
"2026-01-17 01:58:40.671";"a-pk-00000069";"rec-a-pk-00000069";"2026-06-30 23:59:59.000";"a";"ds-a0069";"NULL";"a-game-007";"a0069-s10";"2026-03-27 12:13:19.254";"2026-03-27 13:07:56.954";"0,29";"3";"2"
"2026-01-12 15:59:25.247";"b-pk-00000025";"rec-b-pk-00000025";"2026-06-30 23:59:59.000";"b";"ds-b0070";"NULL";"b-game-001";"b0070-s0";"2026-04-12 07:04:44.661";"2026-04-12 10:01:37.037";"0,16";"35";"9"
"2026-03-01 01:17:28.297";"b-pk-00000028";"rec-b-pk-00000028";"2026-06-30 23:59:59.000";"b";"ds-b0070";"NULL";"b-game-006";"b0070-s1";"2026-02-11 07:25:02.397";"2026-02-11 09:24:40.307";"1,75";"25";"10"
"2026-01-01 01:58:57.466";"b-pk-00000032";"rec-b-pk-00000032";"2026-06-30 23:59:59.000";"b";"ds-b0070";"NULL";"b-game-007";"b0070-s2";"2026-04-01 20:15:25.827";"2026-04-01 20:18:13.073";"0,89";"15";"10"
"2026-01-03 14:06:36.720";"b-pk-00000035";"rec-b-pk-00000035";"2026-06-30 23:59:59.000";"b";"ds-b0070";"NULL";"b-game-006";"b0070-s3";"2026-02-27 01:28:33.105";"2026-02-27 05:02:36.037";"0,56";"2";"2"
"2026-04-16 02:53:21.324";"c-pk-00000024";"rec-c-pk-00000024";"2026-06-30 23:59:59.000";"c";"ds-c0071";"NULL";"c-game-005";"c0071-s0";"2026-01-20 22:33:01.328";"2026-01-21 01:06:44.675";"1,56";"4";"10"
"2026-01-23 04:01:45.747";"c-pk-00000027";"rec-c-pk-00000027";"2026-06-30 23:59:59.000";"c";"ds-c0071";"NULL";"c-game-004";"c0071-s1";"2026-04-20 01:10:59.364";"2026-04-20 02:51:14.479";"0,34";"27";"2"
"2026-03-12 21:39:37.581";"c-pk-00000031";"rec-c-pk-00000031";"2026-06-30 23:59:59.000";"c";"ds-c0071";"NULL";"c-game-007";"c0071-s2";"2026-03-03 17:50:00.179";"2026-03-03 19:50:49.232";"1,44";"37";"3"
"2026-01-03 02:30:43.221";"c-pk-00000035";"rec-c-pk-00000035";"2026-06-30 23:59:59.000";"c";"ds-c0071";"NULL";"c-game-006";"c0071-s3";"2026-02-09 23:28:17.698";"2026-02-10 03:25:46.012";"0,44";"34";"6"
"2026-03-18 09:46:54.164";"c-pk-00000037";"rec-c-pk-00000037";"2026-06-30 23:59:59.000";"c";"ds-c0071";"NULL";"c-game-003";"c0071-s4";"2026-04-28 13:06:06.164";"2026-04-28 14:00:07.815";"0,03";"3";"5"
"2026-03-12 17:57:51.519";"a-pk-00000016";"rec-a-pk-00000016";"2026-06-30 23:59:59.000";"a";"ds-a0072";"NULL";"a-game-000";"a0072-s0";"2026-03-18 18:01:15.020";"2026-03-18 21:03:03.607";"0,94";"35";"6"
"2026-02-12 22:21:44.786";"a-pk-00000018";"rec-a-pk-00000018";"2026-06-30 23:59:59.000";"a";"ds-a0072";"NULL";"a-game-004";"a0072-s1";"2026-03-27 04:11:38.914";"2026-03-27 07:02:24.373";"1,19";"12";"0"
"2026-01-04 21:12:50.459";"a-pk-00000021";"rec-a-pk-00000021";"2026-06-30 23:59:59.000";"a";"ds-a0072";"NULL";"a-game-003";"a0072-s2";"2026-03-15 15:38:38.873";"2026-03-15 15:44:23.312";"1,52";"30";"6"
"2026-04-12 10:43:01.410";"b-pk-00000027";"rec-b-pk-00000027";"2026-06-30 23:59:59.000";"b";"ds-b0073";"NULL";"b-game-001";"b0073-s0";"2026-01-06 21:11:09.063";"2026-01-06 23:09:58.620";"0,07";"30";"0"
"2026-04-20 15:57:10.934";"b-pk-00000031";"rec-b-pk-00000031";"2026-06-30 23:59:59.000";"b";"ds-b0073";"NULL";"b-game-001";"b0073-s1";"2026-02-09 09:39:02.468";"2026-02-09 11:17:13.745";"0,15";"13";"10"
"2026-01-24 19:10:36.941";"b-pk-00000033";"rec-b-pk-00000033";"2026-06-30 23:59:59.000";"b";"ds-b0073";"NULL";"b-game-006";"b0073-s2";"2026-02-19 23:40:54.859";"2026-02-20 03:02:35.624";"0,29";"1";"5"
"2026-02-05 16:14:41.474";"b-pk-00000035";"rec-b-pk-00000035";"2026-06-30 23:59:59.000";"b";"ds-b0073";"NULL";"b-game-007";"b0073-s3";"2026-02-06 13:02:55.056";"2026-02-06 16:15:12.186";"0,91";"4";"5"
"2026-02-02 12:12:09.162";"b-pk-00000038";"rec-b-pk-00000038";"2026-06-30 23:59:59.000";"b";"ds-b0073";"NULL";"b-game-000";"b0073-s4";"2026-04-26 05:57:35.955";"2026-04-26 06:18:45.431";"1,95";"36";"0"
"2026-03-12 19:55:32.339";"c-pk-00000041";"rec-c-pk-00000041";"2026-06-30 23:59:59.000";"c";"ds-c0074";"NULL";"c-game-006";"c0074-s0";"2026-04-14 02:20:44.903";"2026-04-14 03:57:58.362";"0,87";"19";"1"
"2026-04-14 18:02:58.947";"c-pk-00000045";"rec-c-pk-00000045";"2026-06-30 23:59:59.000";"c";"ds-c0074";"NULL";"c-game-005";"c0074-s1";"2026-03-05 02:10:58.678";"2026-03-05 05:45:37.279";"0,78";"39";"8"
"2026-02-03 21:14:53.690";"c-pk-00000048";"rec-c-pk-00000048";"2026-06-30 23:59:59.000";"c";"ds-c0074";"NULL";"c-game-002";"c0074-s2";"2026-03-15 01:21:09.045";"2026-03-15 04:50:48.553";"1,11";"30";"1"
"2026-04-28 23:30:34.398";"c-pk-00000052";"rec-c-pk-00000052";"2026-06-30 23:59:59.000";"c";"ds-c0074";"NULL";"c-game-002";"c0074-s3";"2026-04-13 16:27:18.129";"2026-04-13 18:17:52.719";"1,33";"22";"2"
"2026-04-18 07:53:17.448";"c-pk-00000055";"rec-c-pk-00000055";"2026-06-30 23:59:59.000";"c";"ds-c0074";"NULL";"c-game-001";"c0074-s4";"2026-02-05 00:32:58.494";"2026-02-05 03:43:58.416";"0,36";"35";"3"
"2026-02-11 13:11:12.976";"c-pk-00000057";"rec-c-pk-00000057";"2026-06-30 23:59:59.000";"c";"ds-c0074";"NULL";"c-game-002";"c0074-s5";"2026-03-27 20:45:23.491";"2026-03-28 00:26:14.871";"1,68";"32";"10"
"2026-02-09 08:37:23.440";"a-pk-00000030";"rec-a-pk-00000030";"2026-06-30 23:59:59.000";"a";"ds-a0075";"NULL";"a-game-000";"a0075-s0";"2026-02-24 06:50:10.023";"2026-02-24 08:57:14.262";"1,79";"31";"6"
"2026-02-08 02:52:24.774";"a-pk-00000033";"rec-a-pk-00000033";"2026-06-30 23:59:59.000";"a";"ds-a0075";"NULL";"a-game-003";"a0075-s1";"2026-02-12 22:55:41.470";"2026-02-12 23:27:06.026";"1,67";"32";"10"
"2026-01-07 18:39:24.880";"a-pk-00000037";"rec-a-pk-00000037";"2026-06-30 23:59:59.000";"a";"ds-a0075";"NULL";"a-game-003";"a0075-s2";"2026-03-25 22:48:28.999";"2026-03-25 23:04:55.408";"1,74";"2";"0"
"2026-02-25 07:13:44.472";"a-pk-00000040";"rec-a-pk-00000040";"2026-06-30 23:59:59.000";"a";"ds-a0075";"NULL";"a-game-000";"a0075-s3";"2026-04-13 21:38:15.881";"2026-04-13 21:46:46.110";"1,48";"21";"8"
"2026-04-07 07:11:13.305";"a-pk-00000042";"rec-a-pk-00000042";"2026-06-30 23:59:59.000";"a";"ds-a0075";"NULL";"a-game-003";"a0075-s4";"2026-04-28 02:17:41.049";"2026-04-28 05:54:42.818";"1,51";"22";"8"
"2026-01-18 05:48:10.415";"b-pk-00000031";"rec-b-pk-00000031";"2026-06-30 23:59:59.000";"b";"ds-b0076";"NULL";"b-game-007";"b0076-s0";"2026-03-04 05:05:48.665";"2026-03-04 07:33:25.061";"1,23";"26";"6"
"2026-01-14 09:25:48.845";"b-pk-00000035";"rec-b-pk-00000035";"2026-06-30 23:59:59.000";"b";"ds-b0076";"NULL";"b-game-002";"b0076-s1";"2026-02-27 18:41:23.470";"2026-02-27 19:10:12.734";"0,00";"1";"3"
"2026-01-17 20:32:48.750";"b-pk-00000039";"rec-b-pk-00000039";"2026-06-30 23:59:59.000";"b";"ds-b0076";"NULL";"b-game-006";"b0076-s2";"2026-04-02 07:31:33.795";"2026-04-02 11:28:18.721";"1,53";"38";"3"
"2026-03-20 04:43:44.708";"b-pk-00000041";"rec-b-pk-00000041";"2026-06-30 23:59:59.000";"b";"ds-b0076";"NULL";"b-game-006";"b0076-s3";"2026-01-19 16:15:17.516";"2026-01-19 18:22:03.311";"1,08";"27";"10"
"2026-03-26 10:25:20.452";"b-pk-00000043";"rec-b-pk-00000043";"2026-06-30 23:59:59.000";"b";"ds-b0076";"NULL";"b-game-002";"b0076-s4";"2026-01-28 15:51:18.689";"2026-01-28 17:41:48.404";"0,72";"18";"1"
"2026-02-25 04:03:11.447";"b-pk-00000047";"rec-b-pk-00000047";"2026-06-30 23:59:59.000";"b";"ds-b0076";"NULL";"b-game-002";"b0076-s5";"2026-03-01 01:12:19.341";"2026-03-01 02:54:58.231";"0,12";"9";"6"
"2026-03-25 01:46:24.232";"b-pk-00000051";"rec-b-pk-00000051";"2026-06-30 23:59:59.000";"b";"ds-b0076";"NULL";"b-game-005";"b0076-s6";"2026-01-20 22:48:02.472";"2026-01-20 23:11:29.527";"0,69";"10";"4"
"2026-01-02 23:51:22.860";"b-pk-00000054";"rec-b-pk-00000054";"2026-06-30 23:59:59.000";"b";"ds-b0076";"NULL";"b-game-003";"b0076-s7";"2026-03-23 17:12:30.778";"2026-03-23 18:56:16.946";"1,53";"39";"3"
"2026-04-23 16:45:59.718";"c-pk-00000033";"rec-c-pk-00000033";"2026-06-30 23:59:59.000";"c";"ds-c0077";"NULL";"c-game-001";"c0077-s0";"2026-04-23 10:22:35.807";"2026-04-23 13:07:11.924";"1,28";"3";"4"
"2026-04-23 22:42:25.001";"c-pk-00000035";"rec-c-pk-00000035";"2026-06-30 23:59:59.000";"c";"ds-c0077";"NULL";"c-game-001";"c0077-s1";"2026-02-07 06:23:08.865";"2026-02-07 09:52:22.527";"0,63";"1";"0"
"2026-01-20 11:12:02.098";"a-pk-00000019";"rec-a-pk-00000019";"2026-06-30 23:59:59.000";"a";"ds-a0078";"NULL";"a-game-006";"a0078-s0";"2026-03-15 12:48:24.619";"2026-03-15 16:28:42.507";"0,28";"26";"1"
"2026-04-05 19:51:28.980";"a-pk-00000022";"rec-a-pk-00000022";"2026-06-30 23:59:59.000";"a";"ds-a0078";"NULL";"a-game-006";"a0078-s1";"2026-03-19 00:08:50.985";"2026-03-19 00:30:57.776";"0,78";"9";"8"
"2026-04-16 20:02:07.405";"a-pk-00000025";"rec-a-pk-00000025";"2026-06-30 23:59:59.000";"a";"ds-a0078";"NULL";"a-game-005";"a0078-s2";"2026-02-09 12:56:35.608";"2026-02-09 14:33:45.859";"1,00";"32";"10"
"2026-02-11 04:17:11.984";"a-pk-00000028";"rec-a-pk-00000028";"2026-06-30 23:59:59.000";"a";"ds-a0078";"NULL";"a-game-003";"a0078-s3";"2026-04-05 06:05:45.960";"2026-04-05 07:33:54.349";"1,66";"25";"0"
"2026-02-04 11:54:03.347";"a-pk-00000030";"rec-a-pk-00000030";"2026-06-30 23:59:59.000";"a";"ds-a0078";"NULL";"a-game-002";"a0078-s4";"2026-03-20 12:56:04.463";"2026-03-20 12:59:44.368";"1,82";"15";"5"
"2026-02-26 12:35:29.317";"b-pk-00000022";"rec-b-pk-00000022";"2026-06-30 23:59:59.000";"b";"ds-b0079";"NULL";"b-game-007";"b0079-s0";"2026-04-07 21:07:19.749";"2026-04-07 23:09:05.879";"0,99";"1";"7"
"2026-04-13 22:08:10.875";"b-pk-00000024";"rec-b-pk-00000024";"2026-06-30 23:59:59.000";"b";"ds-b0079";"NULL";"b-game-002";"b0079-s1";"2026-04-28 11:25:00.003";"2026-04-28 11:56:55.990";"0,36";"35";"2"
"2026-02-16 17:50:16.780";"b-pk-00000026";"rec-b-pk-00000026";"2026-06-30 23:59:59.000";"b";"ds-b0079";"NULL";"b-game-007";"b0079-s2";"2026-02-28 16:26:55.981";"2026-02-28 17:02:22.267";"1,42";"14";"9"
"2026-04-19 05:42:48.037";"b-pk-00000028";"rec-b-pk-00000028";"2026-06-30 23:59:59.000";"b";"ds-b0079";"NULL";"b-game-006";"b0079-s3";"2026-03-24 11:41:37.858";"2026-03-24 13:25:19.989";"0,79";"18";"8"
"2026-01-11 22:32:49.011";"c-pk-00000035";"rec-c-pk-00000035";"2026-06-30 23:59:59.000";"c";"ds-c0080";"NULL";"c-game-007";"c0080-s0";"2026-02-16 13:59:32.456";"2026-02-16 16:28:36.776";"0,09";"26";"10"
"2026-03-15 16:46:17.524";"c-pk-00000038";"rec-c-pk-00000038";"2026-06-30 23:59:59.000";"c";"ds-c0080";"NULL";"c-game-003";"c0080-s1";"2026-01-16 01:29:33.209";"2026-01-16 04:56:33.233";"0,51";"23";"7"
"2026-02-07 11:50:59.673";"a-pk-00000024";"rec-a-pk-00000024";"2026-06-30 23:59:59.000";"a";"ds-a0081";"NULL";"a-game-007";"a0081-s0";"2026-04-26 05:07:27.571";"2026-04-26 08:08:22.782";"0,83";"33";"0"
"2026-01-10 06:05:30.090";"a-pk-00000028";"rec-a-pk-00000028";"2026-06-30 23:59:59.000";"a";"ds-a0081";"NULL";"a-game-005";"a0081-s1";"2026-01-01 16:26:48.734";"2026-01-01 20:21:09.696";"0,94";"21";"2"
"2026-04-02 19:43:15.891";"a-pk-00000030";"rec-a-pk-00000030";"2026-06-30 23:59:59.000";"a";"ds-a0081";"NULL";"a-game-001";"a0081-s2";"2026-04-19 07:14:25.569";"2026-04-19 10:07:08.430";"0,07";"37";"8"
"2026-02-06 01:10:25.291";"a-pk-00000034";"rec-a-pk-00000034";"2026-06-30 23:59:59.000";"a";"ds-a0081";"NULL";"a-game-000";"a0081-s3";"2026-02-20 02:05:06.378";"2026-02-20 02:14:45.725";"0,38";"16";"3"
"2026-03-07 04:55:06.723";"b-pk-00000032";"rec-b-pk-00000032";"2026-06-30 23:59:59.000";"b";"ds-b0082";"NULL";"b-game-003";"b0082-s0";"2026-04-27 01:57:28.595";"2026-04-27 02:06:37.277";"0,35";"17";"6"
"2026-01-11 22:19:34.516";"b-pk-00000036";"rec-b-pk-00000036";"2026-06-30 23:59:59.000";"b";"ds-b0082";"NULL";"b-game-000";"b0082-s1";"2026-01-05 23:02:19.070";"2026-01-06 02:22:39.100";"0,10";"15";"3"
"2026-03-23 09:12:29.717";"b-pk-00000039";"rec-b-pk-00000039";"2026-06-30 23:59:59.000";"b";"ds-b0082";"NULL";"b-game-000";"b0082-s2";"2026-04-07 07:00:20.493";"2026-04-07 07:01:56.839";"1,08";"19";"1"
"2026-04-01 23:17:28.062";"b-pk-00000042";"rec-b-pk-00000042";"2026-06-30 23:59:59.000";"b";"ds-b0082";"NULL";"b-game-001";"b0082-s3";"2026-01-21 20:09:06.805";"2026-01-21 23:39:17.349";"1,41";"40";"2"
"2026-04-08 21:18:14.282";"c-pk-00000035";"rec-c-pk-00000035";"2026-06-30 23:59:59.000";"c";"ds-c0083";"NULL";"c-game-006";"c0083-s0";"2026-03-01 15:53:55.085";"2026-03-01 17:33:53.063";"1,84";"40";"5"
"2026-01-02 14:36:49.366";"c-pk-00000038";"rec-c-pk-00000038";"2026-06-30 23:59:59.000";"c";"ds-c0083";"NULL";"c-game-001";"c0083-s1";"2026-04-02 07:59:36.538";"2026-04-02 09:40:48.345";"0,27";"17";"10"
"2026-01-20 10:27:16.680";"c-pk-00000042";"rec-c-pk-00000042";"2026-06-30 23:59:59.000";"c";"ds-c0083";"NULL";"c-game-001";"c0083-s2";"2026-01-16 10:25:04.392";"2026-01-16 12:41:50.977";"1,81";"18";"1"
"2026-04-08 12:48:22.751";"a-pk-00000025";"rec-a-pk-00000025";"2026-06-30 23:59:59.000";"a";"ds-a0084";"NULL";"a-game-000";"a0084-s0";"2026-04-10 10:06:43.235";"2026-04-10 13:46:04.751";"0,06";"5";"7"
"2026-04-27 16:50:51.477";"a-pk-00000027";"rec-a-pk-00000027";"2026-06-30 23:59:59.000";"a";"ds-a0084";"NULL";"a-game-000";"a0084-s1";"2026-02-05 07:16:08.429";"2026-02-05 10:18:20.904";"1,91";"12";"3"
"2026-03-05 03:04:57.165";"a-pk-00000031";"rec-a-pk-00000031";"2026-06-30 23:59:59.000";"a";"ds-a0084";"NULL";"a-game-007";"a0084-s2";"2026-02-12 09:43:28.759";"2026-02-12 12:55:48.970";"1,16";"16";"7"
"2026-04-06 07:03:52.442";"a-pk-00000033";"rec-a-pk-00000033";"2026-06-30 23:59:59.000";"a";"ds-a0084";"NULL";"a-game-005";"a0084-s3";"2026-02-08 03:57:01.547";"2026-02-08 07:18:38.909";"0,52";"2";"0"
"2026-03-18 11:45:05.693";"a-pk-00000035";"rec-a-pk-00000035";"2026-06-30 23:59:59.000";"a";"ds-a0084";"NULL";"a-game-000";"a0084-s4";"2026-01-17 00:15:45.427";"2026-01-17 04:10:47.132";"0,14";"10";"4"
"2026-03-07 14:48:49.898";"b-pk-00000030";"rec-b-pk-00000030";"2026-06-30 23:59:59.000";"b";"ds-b0085";"NULL";"b-game-005";"b0085-s0";"2026-01-18 08:54:52.337";"2026-01-18 11:13:01.411";"1,06";"40";"5"
"2026-02-12 17:23:37.235";"b-pk-00000032";"rec-b-pk-00000032";"2026-06-30 23:59:59.000";"b";"ds-b0085";"NULL";"b-game-005";"b0085-s1";"2026-03-02 05:51:12.136";"2026-03-02 08:02:15.710";"0,41";"22";"10"
"2026-03-13 13:58:39.442";"c-pk-00000068";"rec-c-pk-00000068";"2026-06-30 23:59:59.000";"c";"ds-c0086";"NULL";"c-game-003";"c0086-s0";"2026-04-23 02:42:15.336";"2026-04-23 05:31:28.827";"1,68";"37";"5"
"2026-01-20 19:47:37.113";"c-pk-00000072";"rec-c-pk-00000072";"2026-06-30 23:59:59.000";"c";"ds-c0086";"NULL";"c-game-006";"c0086-s1";"2026-02-11 21:24:57.047";"2026-02-11 21:59:13.881";"0,85";"39";"4"
"2026-01-16 18:29:12.444";"c-pk-00000076";"rec-c-pk-00000076";"2026-06-30 23:59:59.000";"c";"ds-c0086";"NULL";"c-game-007";"c0086-s2";"2026-03-05 13:33:55.370";"2026-03-05 15:59:41.858";"1,21";"4";"1"
"2026-03-28 23:47:43.884";"c-pk-00000078";"rec-c-pk-00000078";"2026-06-30 23:59:59.000";"c";"ds-c0086";"NULL";"c-game-002";"c0086-s3";"2026-04-27 02:38:48.059";"2026-04-27 06:13:48.192";"1,08";"30";"2"
"2026-02-23 07:28:47.322";"a-pk-00000021";"rec-a-pk-00000021";"2026-06-30 23:59:59.000";"a";"ds-a0087";"NULL";"a-game-002";"a0087-s0";"2026-04-11 13:00:02.804";"2026-04-11 13:47:38.863";"0,79";"18";"8"
"2026-03-12 15:58:37.649";"a-pk-00000024";"rec-a-pk-00000024";"2026-06-30 23:59:59.000";"a";"ds-a0087";"NULL";"a-game-005";"a0087-s1";"2026-02-05 10:05:46.271";"2026-02-05 13:41:32.202";"0,91";"9";"3"
"2026-04-02 17:04:14.809";"a-pk-00000027";"rec-a-pk-00000027";"2026-06-30 23:59:59.000";"a";"ds-a0087";"NULL";"a-game-007";"a0087-s2";"2026-02-14 09:13:03.189";"2026-02-14 09:53:14.604";"1,12";"8";"0"
"2026-03-02 02:45:43.683";"a-pk-00000031";"rec-a-pk-00000031";"2026-06-30 23:59:59.000";"a";"ds-a0087";"NULL";"a-game-004";"a0087-s3";"2026-02-20 04:10:38.653";"2026-02-20 06:37:03.919";"0,27";"17";"0"
"2026-03-17 07:20:20.735";"b-pk-00000031";"rec-b-pk-00000031";"2026-06-30 23:59:59.000";"b";"ds-b0088";"NULL";"b-game-000";"b0088-s0";"2026-04-09 21:18:53.041";"2026-04-09 21:41:24.924";"0,33";"11";"7"
"2026-02-01 11:06:05.769";"b-pk-00000035";"rec-b-pk-00000035";"2026-06-30 23:59:59.000";"b";"ds-b0088";"NULL";"b-game-002";"b0088-s1";"2026-01-04 22:35:58.241";"2026-01-04 22:53:50.197";"0,51";"28";"3"
"2026-04-11 02:04:43.480";"b-pk-00000038";"rec-b-pk-00000038";"2026-06-30 23:59:59.000";"b";"ds-b0088";"NULL";"b-game-004";"b0088-s2";"2026-01-12 00:11:19.042";"2026-01-12 03:51:49.821";"0,16";"6";"7"
"2026-02-17 22:59:53.329";"c-pk-00000030";"rec-c-pk-00000030";"2026-06-30 23:59:59.000";"c";"ds-c0089";"NULL";"c-game-004";"c0089-s0";"2026-04-03 22:22:37.377";"2026-04-04 00:19:57.675";"0,94";"28";"3"
"2026-04-22 19:41:34.868";"c-pk-00000033";"rec-c-pk-00000033";"2026-06-30 23:59:59.000";"c";"ds-c0089";"NULL";"c-game-003";"c0089-s1";"2026-02-01 10:20:31.489";"2026-02-01 12:00:59.444";"0,03";"20";"10"
"2026-01-11 00:49:17.836";"c-pk-00000035";"rec-c-pk-00000035";"2026-06-30 23:59:59.000";"c";"ds-c0089";"NULL";"c-game-003";"c0089-s2";"2026-02-20 08:46:43.548";"2026-02-20 11:12:46.998";"0,47";"28";"0"
"2026-03-12 13:43:26.082";"a-pk-00000038";"rec-a-pk-00000038";"2026-06-30 23:59:59.000";"a";"ds-a0090";"NULL";"a-game-006";"a0090-s0";"2026-01-12 11:47:29.112";"2026-01-12 13:35:04.596";"1,78";"3";"9"
"2026-03-19 11:20:07.712";"a-pk-00000040";"rec-a-pk-00000040";"2026-06-30 23:59:59.000";"a";"ds-a0090";"NULL";"a-game-006";"a0090-s1";"2026-02-13 08:26:40.014";"2026-02-13 08:57:35.928";"0,14";"14";"9"
"2026-04-03 18:08:05.971";"a-pk-00000043";"rec-a-pk-00000043";"2026-06-30 23:59:59.000";"a";"ds-a0090";"NULL";"a-game-002";"a0090-s2";"2026-03-03 16:09:23.404";"2026-03-03 18:55:08.439";"1,81";"29";"4"
"2026-02-03 18:27:59.229";"a-pk-00000047";"rec-a-pk-00000047";"2026-06-30 23:59:59.000";"a";"ds-a0090";"NULL";"a-game-000";"a0090-s3";"2026-04-19 16:40:38.418";"2026-04-19 18:09:48.506";"1,25";"17";"3"
"2026-03-19 12:31:04.536";"b-pk-00000033";"rec-b-pk-00000033";"2026-06-30 23:59:59.000";"b";"ds-b0091";"NULL";"b-game-003";"b0091-s0";"2026-03-04 06:06:36.543";"2026-03-04 06:43:42.205";"1,92";"23";"4"
"2026-01-04 02:57:37.671";"b-pk-00000035";"rec-b-pk-00000035";"2026-06-30 23:59:59.000";"b";"ds-b0091";"NULL";"b-game-000";"b0091-s1";"2026-03-21 22:11:22.645";"2026-03-21 23:03:10.361";"1,20";"1";"9"
"2026-01-24 21:14:48.790";"b-pk-00000038";"rec-b-pk-00000038";"2026-06-30 23:59:59.000";"b";"ds-b0091";"NULL";"b-game-002";"b0091-s2";"2026-02-11 18:28:39.639";"2026-02-11 19:33:14.555";"1,42";"27";"7"
"2026-04-03 01:24:46.792";"c-pk-00000031";"rec-c-pk-00000031";"2026-06-30 23:59:59.000";"c";"ds-c0092";"NULL";"c-game-006";"c0092-s0";"2026-01-21 00:32:19.539";"2026-01-21 03:44:21.757";"1,32";"4";"2"
"2026-02-17 20:39:06.930";"c-pk-00000034";"rec-c-pk-00000034";"2026-06-30 23:59:59.000";"c";"ds-c0092";"NULL";"c-game-006";"c0092-s1";"2026-01-15 08:39:42.343";"2026-01-15 12:29:34.137";"1,80";"18";"1"
"2026-03-14 19:40:17.911";"a-pk-00000028";"rec-a-pk-00000028";"2026-06-30 23:59:59.000";"a";"ds-a0093";"NULL";"a-game-003";"a0093-s0";"2026-01-10 03:45:43.508";"2026-01-10 03:55:13.876";"1,43";"11";"1"
"2026-04-06 07:26:15.315";"a-pk-00000032";"rec-a-pk-00000032";"2026-06-30 23:59:59.000";"a";"ds-a0093";"NULL";"a-game-001";"a0093-s1";"2026-04-19 18:06:24.327";"2026-04-19 18:37:26.270";"1,08";"22";"7"
"2026-01-18 04:53:49.600";"a-pk-00000036";"rec-a-pk-00000036";"2026-06-30 23:59:59.000";"a";"ds-a0093";"NULL";"a-game-001";"a0093-s2";"2026-03-26 15:44:10.562";"2026-03-26 16:28:04.502";"1,52";"40";"10"
"2026-03-04 23:44:22.693";"a-pk-00000040";"rec-a-pk-00000040";"2026-06-30 23:59:59.000";"a";"ds-a0093";"NULL";"a-game-005";"a0093-s3";"2026-01-20 12:01:40.542";"2026-01-20 15:47:03.197";"0,93";"15";"0"
"2026-04-27 03:27:48.637";"a-pk-00000044";"rec-a-pk-00000044";"2026-06-30 23:59:59.000";"a";"ds-a0093";"NULL";"a-game-004";"a0093-s4";"2026-03-12 18:25:31.022";"2026-03-12 19:32:06.727";"1,84";"7";"4"
"2026-01-07 08:26:48.091";"b-pk-00000028";"rec-b-pk-00000028";"2026-06-30 23:59:59.000";"b";"ds-b0094";"NULL";"b-game-006";"b0094-s0";"2026-01-20 15:27:44.163";"2026-01-20 16:39:27.385";"0,15";"10";"6"
"2026-01-01 03:17:33.707";"b-pk-00000031";"rec-b-pk-00000031";"2026-06-30 23:59:59.000";"b";"ds-b0094";"NULL";"b-game-001";"b0094-s1";"2026-03-25 14:02:47.692";"2026-03-25 14:46:24.737";"0,89";"40";"8"
"2026-01-26 04:57:25.527";"b-pk-00000035";"rec-b-pk-00000035";"2026-06-30 23:59:59.000";"b";"ds-b0094";"NULL";"b-game-001";"b0094-s2";"2026-02-15 09:35:42.782";"2026-02-15 11:41:30.948";"1,20";"1";"0"
"2026-01-09 00:12:13.289";"b-pk-00000039";"rec-b-pk-00000039";"2026-06-30 23:59:59.000";"b";"ds-b0094";"NULL";"b-game-000";"b0094-s3";"2026-01-11 20:58:32.042";"2026-01-11 22:26:34.566";"1,68";"8";"0"
"2026-02-04 07:04:06.420";"b-pk-00000042";"rec-b-pk-00000042";"2026-06-30 23:59:59.000";"b";"ds-b0094";"NULL";"b-game-006";"b0094-s4";"2026-04-26 18:37:02.649";"2026-04-26 21:03:21.428";"0,04";"9";"10"
"2026-03-24 14:11:14.975";"c-pk-00000026";"rec-c-pk-00000026";"2026-06-30 23:59:59.000";"c";"ds-c0095";"NULL";"c-game-005";"c0095-s0";"2026-02-23 02:07:45.573";"2026-02-23 04:49:48.089";"1,24";"30";"3"
"2026-03-10 18:39:56.505";"c-pk-00000029";"rec-c-pk-00000029";"2026-06-30 23:59:59.000";"c";"ds-c0095";"NULL";"c-game-007";"c0095-s1";"2026-02-17 18:24:56.850";"2026-02-17 20:51:01.724";"0,96";"10";"2"
"2026-02-17 13:42:26.610";"c-pk-00000031";"rec-c-pk-00000031";"2026-06-30 23:59:59.000";"c";"ds-c0095";"NULL";"c-game-000";"c0095-s2";"2026-01-01 00:06:47.261";"2026-01-01 01:48:58.327";"0,17";"32";"5"
"2026-04-20 19:59:06.333";"a-pk-00000021";"rec-a-pk-00000021";"2026-06-30 23:59:59.000";"a";"ds-a0096";"NULL";"a-game-004";"a0096-s0";"2026-01-06 22:37:58.619";"2026-01-07 01:39:33.187";"1,95";"31";"0"
"2026-02-13 16:36:12.482";"a-pk-00000023";"rec-a-pk-00000023";"2026-06-30 23:59:59.000";"a";"ds-a0096";"NULL";"a-game-004";"a0096-s1";"2026-02-07 22:52:06.217";"2026-02-08 00:40:07.160";"0,13";"28";"8"
"2026-03-03 23:37:22.815";"a-pk-00000027";"rec-a-pk-00000027";"2026-06-30 23:59:59.000";"a";"ds-a0096";"NULL";"a-game-006";"a0096-s2";"2026-01-17 08:11:44.640";"2026-01-17 11:24:49.484";"0,87";"24";"5"
"2026-01-05 12:12:13.314";"b-pk-00000065";"rec-b-pk-00000065";"2026-06-30 23:59:59.000";"b";"ds-b0097";"NULL";"b-game-000";"b0097-s0";"2026-02-23 00:28:10.482";"2026-02-23 03:26:52.188";"1,31";"14";"7"
"2026-02-15 14:58:46.439";"b-pk-00000069";"rec-b-pk-00000069";"2026-06-30 23:59:59.000";"b";"ds-b0097";"NULL";"b-game-007";"b0097-s1";"2026-04-08 07:09:56.419";"2026-04-08 08:25:23.903";"1,23";"33";"8"
"2026-04-25 09:37:43.154";"b-pk-00000071";"rec-b-pk-00000071";"2026-06-30 23:59:59.000";"b";"ds-b0097";"NULL";"b-game-004";"b0097-s2";"2026-03-25 12:34:28.655";"2026-03-25 13:44:06.625";"0,39";"5";"3"
"2026-01-22 10:14:25.664";"b-pk-00000074";"rec-b-pk-00000074";"2026-06-30 23:59:59.000";"b";"ds-b0097";"NULL";"b-game-006";"b0097-s3";"2026-04-14 16:16:45.834";"2026-04-14 20:07:13.661";"1,00";"12";"0"
"2026-01-11 07:19:02.937";"b-pk-00000076";"rec-b-pk-00000076";"2026-06-30 23:59:59.000";"b";"ds-b0097";"NULL";"b-game-003";"b0097-s4";"2026-02-28 03:30:28.611";"2026-02-28 05:53:11.546";"0,44";"13";"1"
"2026-01-06 07:27:08.550";"b-pk-00000080";"rec-b-pk-00000080";"2026-06-30 23:59:59.000";"b";"ds-b0097";"NULL";"b-game-000";"b0097-s5";"2026-01-13 12:17:34.837";"2026-01-13 16:00:41.892";"1,19";"33";"8"
"2026-04-18 03:23:31.251";"b-pk-00000084";"rec-b-pk-00000084";"2026-06-30 23:59:59.000";"b";"ds-b0097";"NULL";"b-game-004";"b0097-s6";"2026-03-09 21:57:15.576";"2026-03-10 01:25:20.880";"0,64";"6";"0"
"2026-02-14 20:11:51.146";"b-pk-00000088";"rec-b-pk-00000088";"2026-06-30 23:59:59.000";"b";"ds-b0097";"NULL";"b-game-004";"b0097-s7";"2026-04-12 01:18:25.038";"2026-04-12 04:59:56.565";"1,28";"9";"2"
"2026-01-22 09:37:02.376";"c-pk-00000021";"rec-c-pk-00000021";"2026-06-30 23:59:59.000";"c";"ds-c0098";"NULL";"c-game-007";"c0098-s0";"2026-02-12 14:28:28.294";"2026-02-12 14:50:59.345";"0,38";"9";"7"
"2026-04-17 19:45:58.864";"c-pk-00000025";"rec-c-pk-00000025";"2026-06-30 23:59:59.000";"c";"ds-c0098";"NULL";"c-game-001";"c0098-s1";"2026-03-06 12:07:20.539";"2026-03-06 13:51:12.746";"1,11";"16";"1"
"2026-04-02 23:36:19.212";"a-pk-00000034";"rec-a-pk-00000034";"2026-06-30 23:59:59.000";"a";"ds-a0099";"NULL";"a-game-001";"a0099-s0";"2026-02-17 10:56:45.880";"2026-02-17 12:01:15.012";"1,97";"23";"8"
"2026-02-05 12:41:03.528";"a-pk-00000037";"rec-a-pk-00000037";"2026-06-30 23:59:59.000";"a";"ds-a0099";"NULL";"a-game-000";"a0099-s1";"2026-02-04 13:52:47.567";"2026-02-04 16:32:38.610";"0,42";"5";"5"
