"created_at";"pk_id";"wok_player_limit_pk_id";"balance_request_datetime";"balance_start_datetime";"balance_amount";"balance_time_window"
"2026-04-18 22:27:35.009";"a-pk-00000042";"a-pk-00000039";"2026-03-05 20:16:10.759";"2026-03-06 00:06:14.967";"250,00";"Month"
"2026-01-01 04:00:22.808";"b-pk-00000097";"b-pk-00000094";"2026-02-05 17:16:51.178";"2026-02-06 01:25:28.331";"100,00";"Day"
"2026-03-08 00:20:59.101";"c-pk-00000046";"c-pk-00000044";"2026-04-17 11:15:24.083";"2026-04-18 09:27:45.810";"250,00";"Day"
"2026-03-13 04:48:23.527";"a-pk-00000032";"a-pk-00000029";"2026-02-11 22:20:46.881";"2026-02-12 17:31:52.326";"250,00";"Week"
"2026-03-03 09:02:51.727";"c-pk-00000037";"c-pk-00000035";"2026-04-04 14:46:44.463";"2026-04-04 18:42:45.869";"500,00";"Month"
"2026-04-04 17:16:30.718";"b-pk-00000078";"b-pk-00000076";"2026-01-02 22:07:26.454";"2026-01-03 03:21:39.711";"100,00";"Week"
"2026-03-09 18:34:36.178";"a-pk-00000041";"a-pk-00000038";"2026-04-02 01:41:20.105";"2026-04-02 14:34:01.387";"500,00";"Month"
"2026-04-09 21:54:58.675";"c-pk-00000056";"c-pk-00000053";"2026-03-02 14:41:00.068";"2026-03-03 02:59:55.110";"100,00";"Week"
"2026-04-19 19:01:53.179";"a-pk-00000038";"a-pk-00000036";"2026-03-01 03:43:21.349";"2026-03-01 10:21:42.853";"500,00";"Month"
"2026-03-09 00:47:07.618";"b-pk-00000037";"b-pk-00000034";"2026-01-09 08:08:39.287";"2026-01-09 14:07:37.605";"250,00";"Month"
"2026-01-14 01:02:30.751";"c-pk-00000045";"c-pk-00000043";"2026-02-19 04:58:36.919";"2026-02-19 22:11:38.435";"1000,00";"Week"
"2026-01-11 12:36:24.330";"a-pk-00000069";"a-pk-00000067";"2026-04-09 00:44:30.602";"2026-04-09 20:17:36.827";"1000,00";"Day"
"2026-01-10 15:51:27.753";"b-pk-00000046";"b-pk-00000043";"2026-04-10 20:48:41.157";"2026-04-11 07:25:38.701";"250,00";"Week"
"2026-01-04 21:59:34.184";"c-pk-00000053";"c-pk-00000050";"2026-01-19 16:12:48.487";"2026-01-19 16:52:05.805";"250,00";"Day"
"2026-03-02 00:12:12.290";"a-pk-00000043";"a-pk-00000040";"2026-01-05 09:28:12.646";"2026-01-05 15:25:26.906";"500,00";"Month"
"2026-03-02 02:56:13.420";"b-pk-00000042";"b-pk-00000040";"2026-02-03 21:52:17.665";"2026-02-04 08:11:06.613";"1000,00";"Day"
"2026-02-12 23:43:50.544";"a-pk-00000033";"a-pk-00000030";"2026-01-02 05:20:48.398";"2026-01-03 00:11:26.903";"1000,00";"Week"
"2026-03-05 20:38:00.811";"b-pk-00000050";"b-pk-00000048";"2026-01-02 04:15:49.085";"2026-01-02 04:36:39.108";"500,00";"Month"
"2026-04-02 06:00:42.221";"a-pk-00000039";"a-pk-00000037";"2026-02-07 22:04:04.995";"2026-02-08 14:03:56.394";"250,00";"Week"
"2026-02-03 14:27:40.385";"b-pk-00000054";"b-pk-00000051";"2026-04-17 11:22:39.921";"2026-04-17 13:49:15.080";"250,00";"Month"
"2026-01-11 01:27:06.954";"c-pk-00000062";"c-pk-00000059";"2026-03-15 20:47:32.688";"2026-03-16 14:35:52.194";"100,00";"Month"
"2026-03-10 13:37:46.313";"a-pk-00000035";"a-pk-00000033";"2026-02-12 20:00:59.197";"2026-02-13 08:34:38.785";"1000,00";"Week"
"2026-02-17 05:59:19.907";"b-pk-00000031";"b-pk-00000028";"2026-04-09 18:25:37.029";"2026-04-10 14:49:21.965";"250,00";"Month"
"2026-01-12 02:46:17.583";"c-pk-00000044";"c-pk-00000042";"2026-01-12 15:55:45.151";"2026-01-13 00:33:42.745";"100,00";"Month"
"2026-04-07 02:35:54.509";"a-pk-00000028";"a-pk-00000025";"2026-03-19 08:06:48.122";"2026-03-19 14:58:56.530";"100,00";"Week"
"2026-01-03 00:46:00.754";"b-pk-00000036";"b-pk-00000034";"2026-03-03 04:36:51.242";"2026-03-03 16:16:46.930";"100,00";"Day"
"2026-01-18 18:20:48.225";"a-pk-00000082";"a-pk-00000079";"2026-03-18 11:53:15.155";"2026-03-18 17:46:06.989";"1000,00";"Day"
"2026-01-19 14:22:19.659";"c-pk-00000038";"c-pk-00000035";"2026-02-14 00:30:50.780";"2026-02-14 08:11:18.205";"500,00";"Week"
"2026-04-09 16:07:56.569";"a-pk-00000041";"a-pk-00000039";"2026-01-09 01:59:07.886";"2026-01-09 20:03:54.005";"500,00";"Month"
"2026-02-01 08:04:56.760";"a-pk-00000035";"a-pk-00000032";"2026-03-13 09:48:59.133";"2026-03-13 15:09:00.144";"1000,00";"Day"
"2026-04-13 17:15:46.271";"b-pk-00000037";"b-pk-00000035";"2026-01-20 13:44:40.289";"2026-01-21 10:38:07.026";"500,00";"Week"
"2026-01-18 00:06:30.602";"c-pk-00000029";"c-pk-00000026";"2026-03-18 16:40:24.061";"2026-03-19 10:18:49.492";"1000,00";"Month"
"2026-02-13 17:46:36.578";"a-pk-00000035";"a-pk-00000033";"2026-02-14 13:35:12.301";"2026-02-15 10:49:37.163";"1000,00";"Month"
"2026-01-14 21:02:22.250";"b-pk-00000047";"b-pk-00000044";"2026-01-03 00:47:50.032";"2026-01-03 01:00:30.782";"1000,00";"Month"
"2026-03-19 12:25:19.864";"c-pk-00000040";"c-pk-00000038";"2026-03-06 12:38:09.330";"2026-03-07 03:53:20.115";"250,00";"Day"
"2026-02-01 20:57:59.551";"b-pk-00000041";"b-pk-00000039";"2026-01-14 20:46:23.845";"2026-01-15 14:37:29.876";"500,00";"Day"
"2026-02-14 01:09:52.230";"a-pk-00000038";"a-pk-00000036";"2026-01-16 00:29:16.313";"2026-01-16 10:47:34.877";"250,00";"Day"
"2026-04-06 17:33:53.307";"c-pk-00000033";"c-pk-00000031";"2026-03-13 21:33:25.151";"2026-03-13 23:07:53.426";"1000,00";"Week"
"2026-01-18 05:22:46.814";"a-pk-00000048";"a-pk-00000045";"2026-02-06 05:55:22.008";"2026-02-07 04:36:21.650";"1000,00";"Day"
"2026-01-18 13:52:53.315";"b-pk-00000043";"b-pk-00000041";"2026-02-08 14:05:29.755";"2026-02-09 10:56:45.175";"1000,00";"Month"
"2026-03-16 08:07:45.167";"c-pk-00000043";"c-pk-00000041";"2026-03-01 09:15:50.961";"2026-03-01 20:08:04.987";"100,00";"Month"
"2026-03-05 05:16:19.076";"a-pk-00000042";"a-pk-00000040";"2026-01-12 16:28:36.063";"2026-01-12 23:37:51.604";"500,00";"Week"
"2026-04-05 12:13:04.581";"b-pk-00000106";"b-pk-00000103";"2026-04-02 03:35:24.252";"2026-04-02 23:34:14.768";"500,00";"Month"
"2026-03-15 19:51:07.233";"c-pk-00000070";"c-pk-00000067";"2026-03-02 00:17:05.039";"2026-03-02 13:02:01.800";"100,00";"Month"
"2026-03-08 18:48:34.578";"a-pk-00000042";"a-pk-00000039";"2026-01-02 00:47:15.464";"2026-01-03 00:35:24.894";"250,00";"Month"
"2026-03-16 06:56:43.987";"b-pk-00000048";"b-pk-00000045";"2026-02-09 04:12:18.691";"2026-02-09 05:59:40.756";"1000,00";"Month"
"2026-03-03 21:40:39.057";"b-pk-00000034";"b-pk-00000032";"2026-03-10 20:08:19.858";"2026-03-11 13:31:17.844";"250,00";"Week"
"2026-03-10 03:50:19.618";"b-pk-00000030";"b-pk-00000027";"2026-04-16 11:23:04.156";"2026-04-16 17:02:25.210";"100,00";"Week"
"2026-01-09 05:51:19.581";"c-pk-00000090";"c-pk-00000087";"2026-04-06 16:31:12.846";"2026-04-07 04:54:03.418";"250,00";"Month"
"2026-01-05 11:52:18.345";"a-pk-00000074";"a-pk-00000072";"2026-02-01 03:09:16.680";"2026-02-01 14:07:17.673";"100,00";"Week"
"2026-01-20 15:41:53.467";"b-pk-00000040";"b-pk-00000037";"2026-04-12 06:46:24.734";"2026-04-12 14:49:30.465";"250,00";"Month"
"2026-04-07 20:25:20.067";"c-pk-00000043";"c-pk-00000040";"2026-01-14 21:45:10.501";"2026-01-15 03:07:49.748";"500,00";"Week"
"2026-02-19 14:57:58.469";"c-pk-00000063";"c-pk-00000061";"2026-03-14 16:38:46.808";"2026-03-15 14:48:48.300";"100,00";"Day"
"2026-02-05 07:34:01.033";"a-pk-00000048";"a-pk-00000045";"2026-02-18 22:31:12.405";"2026-02-19 07:20:56.241";"1000,00";"Week"
"2026-02-04 20:40:34.908";"b-pk-00000059";"b-pk-00000056";"2026-04-01 08:12:12.238";"2026-04-02 01:46:25.546";"500,00";"Week"
"2026-03-02 11:21:07.589";"c-pk-00000039";"c-pk-00000037";"2026-01-07 12:40:50.741";"2026-01-07 15:56:32.832";"250,00";"Month"
"2026-01-15 20:56:23.446";"c-pk-00000043";"c-pk-00000040";"2026-03-19 06:01:12.190";"2026-03-19 06:13:06.730";"500,00";"Day"
"2026-03-17 22:05:11.301";"a-pk-00000040";"a-pk-00000038";"2026-03-05 23:00:34.238";"2026-03-06 05:23:21.784";"1000,00";"Week"
"2026-03-10 01:24:22.721";"b-pk-00000049";"b-pk-00000046";"2026-04-10 20:31:01.531";"2026-04-11 18:01:19.950";"500,00";"Day"
"2026-02-06 02:52:37.883";"c-pk-00000046";"c-pk-00000044";"2026-01-11 05:47:51.311";"2026-01-11 09:46:32.702";"100,00";"Month"
"2026-01-03 00:40:18.113";"a-pk-00000040";"a-pk-00000037";"2026-01-02 00:18:53.404";"2026-01-02 07:08:00.240";"500,00";"Week"
"2026-02-13 09:34:27.128";"b-pk-00000037";"b-pk-00000034";"2026-01-02 13:00:24.581";"2026-01-03 11:56:53.372";"500,00";"Day"
"2026-04-06 18:30:50.188";"a-pk-00000037";"a-pk-00000034";"2026-03-11 18:11:21.806";"2026-03-12 07:04:45.579";"250,00";"Day"
"2026-02-09 18:25:47.029";"b-pk-00000043";"b-pk-00000040";"2026-04-14 02:37:55.346";"2026-04-14 05:56:25.039";"250,00";"Day"
"2026-03-04 16:01:56.803";"c-pk-00000039";"c-pk-00000037";"2026-04-06 21:08:24.318";"2026-04-07 01:37:18.284";"500,00";"Month"
"2026-03-12 07:51:24.004";"a-pk-00000052";"a-pk-00000050";"2026-04-08 14:43:41.017";"2026-04-09 05:05:31.153";"250,00";"Day"
"2026-02-20 21:52:28.722";"b-pk-00000043";"b-pk-00000041";"2026-02-14 07:10:44.774";"2026-02-14 07:28:55.394";"1000,00";"Day"
"2026-04-05 16:15:06.776";"a-pk-00000034";"a-pk-00000031";"2026-04-09 21:23:20.034";"2026-04-09 21:45:19.988";"100,00";"Month"
"2026-04-16 00:00:20.935";"a-pk-00000041";"a-pk-00000039";"2026-02-10 11:20:19.031";"2026-02-10 19:18:17.364";"500,00";"Month"
